#
# A fatal error has been detected by the Java Runtime Environment:
#
#  EXCEPTION_ACCESS_VIOLATION (0xc0000005) at pc=0x00007ffb5ef7c3ff, pid=31988, tid=33960
#
# JRE version: OpenJDK Runtime Environment (26.0.1+8) (build 26.0.1+8-34)
# Java VM: OpenJDK 64-Bit Server VM (26.0.1+8-34, mixed mode, sharing, tiered, compressed oops, compressed class ptrs, g1 gc, windows-amd64)
# Problematic frame:
# V  [jvm.dll+0x90c3ff]
#
# No core dump will be written. Minidumps are not enabled by default on client versions of Windows
#
# If you would like to submit a bug report, please visit:
#   https://bugreport.java.com/bugreport/crash.jsp
#

---------------  S U M M A R Y ------------

Command Line: -javaagent:C:\Users\hrako\AppData\Local\JetBrains\IntelliJIdea2025.2\captureAgent\debugger-agent.jar=file:///C:/Users/hrako/AppData/Local/Temp/capture3299300198928938780.props -ea -javaagent:C:\Users\hrako\AppData\Local\JetBrains\IntelliJIdea2025.2\testAgent\intellij.platform.coverage.agent.jar=C:\Users\hrako\AppData\Local\Temp\coverage1790args -Didea.coverage.calculate.hits=true -Didea.test.cyclic.buffer.size=1048576 -javaagent:C:\Program Files\JetBrains\IntelliJ IDEA 2025.2.5\lib\idea_rt.jar=56285 -Dkotlinx.coroutines.debug.enable.creation.stack.trace=false -Ddebugger.agent.enable.coroutines=true -Dkotlinx.coroutines.debug.enable.flows.stack.trace=true -Dkotlinx.coroutines.debug.enable.mutable.state.flows.stack.trace=true -Dfile.encoding=UTF-8 -Dsun.stdout.encoding=UTF-8 -Dsun.stderr.encoding=UTF-8 com.intellij.rt.junit.JUnitStarter -ideVersion5 -junit6 @w@C:\Users\hrako\AppData\Local\Temp\idea_working_dirs_junit.tmp @C:\Users\hrako\AppData\Local\Temp\idea_junit.tmp -socket56284

Host: Intel(R) Core(TM) i7-9750H CPU @ 2.60GHz, 12 cores, 15G,  Windows 11 , 64 bit Build 26100 (10.0.26100.9168)
Time: Fri Sep  4 17:11:42 2026 elapsed time: 14.701374 seconds (0d 0h 0m 14s)

---------------  T H R E A D  ---------------

Current thread (0x0000018be5c775c0):  JavaThread "C2 CompilerThread0" daemon [_thread_in_native, id=33960, stack(0x0000008af8800000,0x0000008af8900000) (1024K)]


Current CompileTask:
C2:14701 10013       4       org.springframework.core.annotation.AnnotationTypeMapping$MirrorSets::resolve (355 bytes)

Stack: [0x0000008af8800000,0x0000008af8900000],  sp=0x0000008af88faf80,  free space=1003k
Native frames: (J=compiled Java code, j=interpreted, Vv=VM code, C=native code)
V  [jvm.dll+0x90c3ff]  (no source info available)
V  [jvm.dll+0x90b5f2]  (no source info available)
V  [jvm.dll+0x90b214]  (no source info available)
V  [jvm.dll+0x906abe]  (no source info available)
V  [jvm.dll+0x90a45e]  (no source info available)
V  [jvm.dll+0x6fc317]  (no source info available)
V  [jvm.dll+0x6ee2bf]  (no source info available)
V  [jvm.dll+0x2da90a]  (no source info available)
V  [jvm.dll+0x2dacff]  (no source info available)
V  [jvm.dll+0x2d2f4d]  (no source info available)
V  [jvm.dll+0x2d04cd]  (no source info available)
V  [jvm.dll+0x246820]  (no source info available)
V  [jvm.dll+0x2e06dc]  (no source info available)
V  [jvm.dll+0x2de8bd]  (no source info available)
V  [jvm.dll+0x4a3ff1]  (no source info available)
V  [jvm.dll+0x94f649]  (no source info available)
V  [jvm.dll+0x7d7358]  (no source info available)
C  [ucrtbase.dll+0x2cd30]  (no source info available)
C  [KERNEL32.DLL+0x2ccb7]  (no source info available)
C  [ntdll.dll+0xaad6c]  (no source info available)


siginfo: EXCEPTION_ACCESS_VIOLATION (0xc0000005), reading address 0x0000000000000028


Registers:
RAX=0x0000018bea97a100, RBX=0x0000018bf26b7860, RCX=0x0000008af88fb140, RDX=0x0000000000000000
RSP=0x0000008af88faf80, RBP=0x0000008af88fafe0, RSI=0x0000018bea97a0b0, RDI=0x0000018bf3482b90
R8 =0x00000000000005fb, R9 =0x0000000000000551, R10=0x0000008af88fb0b0, R11=0x0000000000000000
R12=0x0000008af88fb030, R13=0x0000000000000000, R14=0x0000008af88fb140, R15=0x0000000000000000
RIP=0x00007ffb5ef7c3ff, EFLAGS=0x0000000000010202

XMM[0]=0x0000000000000000 0x0000000000000000
XMM[1]=0x0000018bf0262868 0x00007ffb00000001
XMM[2]=0x0000018bea977218 0x0000018bea979ab0
XMM[3]=0x0000000000000000 0x00000000403ff532
XMM[4]=0x0000018bea979c50 0x0000018bea979be8
XMM[5]=0x0000003600000034 0x0000003200000030
XMM[6]=0x0000000000000000 0x0000000000000000
XMM[7]=0x0000000000000000 0x0000000000000000
XMM[8]=0x0000000000000000 0x0000000000000000
XMM[9]=0x0000000000000000 0x0000000000000000
XMM[10]=0x0000000000000000 0x0000000000000000
XMM[11]=0x0000000000000000 0x0000000000000000
XMM[12]=0x0000000000000000 0x0000000000000000
XMM[13]=0x0000000000000000 0x0000000000000000
XMM[14]=0x0000000000000000 0x0000000000000000
XMM[15]=0x0000000000000000 0x0000000000000000
  MXCSR=0x00001fa0


Register to memory mapping:

RAX=0x0000018bea97a100 points into unknown readable memory: 0x0000000000000000 | 00 00 00 00 00 00 00 00
RBX=0x0000018bf26b7860 points into unknown readable memory: 0x00007ffb5f22ae18 | 18 ae 22 5f fb 7f 00 00
RCX=0x0000008af88fb140 is pointing into the stack for thread: 0x0000018be5c775c0
RDX=0x0 is null
RSP=0x0000008af88faf80 is pointing into the stack for thread: 0x0000018be5c775c0
RBP=0x0000008af88fafe0 is pointing into the stack for thread: 0x0000018be5c775c0
RSI=0x0000018bea97a0b0 points into unknown readable memory: 0x00007ffb5f1b4ec8 | c8 4e 1b 5f fb 7f 00 00
RDI=0x0000018bf3482b90 points into unknown readable memory: 0x0000008af88fbc50 | 50 bc 8f f8 8a 00 00 00
R8 =0x00000000000005fb is an unknown value
R9 =0x0000000000000551 is an unknown value
R10=0x0000008af88fb0b0 is pointing into the stack for thread: 0x0000018be5c775c0
R11=0x0 is null
R12=0x0000008af88fb030 is pointing into the stack for thread: 0x0000018be5c775c0
R13=0x0 is null
R14=0x0000008af88fb140 is pointing into the stack for thread: 0x0000018be5c775c0
R15=0x0 is null

Top of Stack: (sp=0x0000008af88faf80)
0x0000008af88faf80:   0000008af88fb0b0 0000008af88fb0a0   ................
0x0000008af88faf90:   0000008af88fb0b0 00007ffb5f22a3c8   .........."_....
0x0000008af88fafa0:   0000018bf3482b90 00007ffb5ef7b5f2   .+H........^....
0x0000008af88fafb0:   00000000000005ce 0000008af88fafe0   ................
0x0000008af88fafc0:   0000018bea97a0b0 0000008af88fb7b0   ................
0x0000008af88fafd0:   0000008af88fbc40 0000018bee3a3fb0   @........?:.....
0x0000008af88fafe0:   0000008af88fb140 0000018bee3a6698   @........f:.....
0x0000008af88faff0:   000000000000000d 0000000000028310   ................
0x0000008af88fb000:   0000008af88fb180 00007ffb5ef7b214   ...........^....
0x0000008af88fb010:   0000000000000000 0000018be5c71270   ........p.......
0x0000008af88fb020:   0000018bee3a3fb0 0000008af88fb0b0   .?:.............
0x0000008af88fb030:   0000000200000000 0000018bee3a6ce0   .........l:.....
0x0000008af88fb040:   0000018be5c71270 0000008af88fbc40   p.......@.......
0x0000008af88fb050:   0000018bee3a6698 0000000000028310   .f:.............
0x0000008af88fb060:   0000008af88fbc40 0000018bee3abfa0   @.........:.....
0x0000008af88fb070:   0000000000000000 00007ffb5ef76abe   .........j.^....
0x0000008af88fb080:   0000000000000068 0000018be5c71270   h.......p.......
0x0000008af88fb090:   0000008af88fb180 0000018bee3a3fb0   .........?:.....
0x0000008af88fb0a0:   0000008af88fba70 0000008af88fba20   p....... .......
0x0000008af88fb0b0:   0000000000000807 00000000000083b0   ................
0x0000008af88fb0c0:   0000018bf133a460 0000018bf26b7630   `.3.....0vk.....
0x0000008af88fb0d0:   0000018bf26bc710 0000018bf26bf620   ..k..... .k.....
0x0000008af88fb0e0:   0000008af88fba70 0000008af88fba20   p....... .......
0x0000008af88fb0f0:   0000000000000034 0000004300000034   4.......4...C...
0x0000008af88fb100:   0000018bf133a478 0000008af88fb0b0   x.3.............
0x0000008af88fb110:   0000004300000000 0000018bf26b7648   ....C...Hvk.....
0x0000008af88fb120:   0000008af88fb0b0 0000000000000000   ................
0x0000008af88fb130:   00000c4400000000 00007ffb5ede2770   ....D...p'.^....
0x0000008af88fb140:   0000008af88fba70 0000008af88fba20   p....... .......
0x0000008af88fb150:   0000008af88fbce0 0000008af88fb0a0   ................
0x0000008af88fb160:   0000000000000000 0000000000000000   ................
0x0000008af88fb170:   0000000000000000 0000000000000000   ................

Instructions: (pc=0x00007ffb5ef7c3ff)
  0x00007ffb5ef7c2ff:   48 8b 56 18 b9 58 00 00 00 48 83 c2 10 e8 1f 4b
  0x00007ffb5ef7c30f:   7e ff 48 8b f8 48 85 c0 74 29 48 8b 56 18 41 b8
  0x00007ffb5ef7c31f:   02 00 00 00 41 8b 5f 20 48 8b c8 e8 a1 ea ff ff
  0x00007ffb5ef7c32f:   48 8d 05 a2 e2 2a 00 89 5f 50 48 89 07 44 88 77
  0x00007ffb5ef7c33f:   54 eb 03 48 8b fb 4d 8b c4 ba 01 00 00 00 48 8b
  0x00007ffb5ef7c34f:   cf e8 2b 02 00 00 48 8b c7 4c 8b 64 24 60 4c 8b
  0x00007ffb5ef7c35f:   74 24 70 48 83 c4 30 41 5f 5f 5e 5d 5b c3 48 8b
  0x00007ffb5ef7c36f:   05 c4 9b 43 00 48 8d 0d f5 eb 2a 00 ba 49 01 00
  0x00007ffb5ef7c37f:   00 c6 00 58 e8 98 1a a0 ff cc cc cc cc cc cc cc
  0x00007ffb5ef7c38f:   cc 44 8b 4a 28 45 8b c1 41 c1 e8 03 45 33 c1 41
  0x00007ffb5ef7c39f:   0f b6 d0 48 8d 0c d1 48 83 c1 20 48 8b 01 48 85
  0x00007ffb5ef7c3af:   c0 74 18 44 39 00 75 06 44 3b 48 04 74 0d 48 8d
  0x00007ffb5ef7c3bf:   48 10 48 8b 40 10 48 85 c0 75 e8 48 8b 09 33 d2
  0x00007ffb5ef7c3cf:   48 85 c9 48 8d 41 08 48 0f 44 c2 48 85 c0 75 03
  0x00007ffb5ef7c3df:   8b c2 c3 48 8b 00 c3 cc cc cc cc cc cc cc cc cc
  0x00007ffb5ef7c3ef:   cc 48 89 6c 24 10 48 89 74 24 18 57 48 83 ec 20
=>0x00007ffb5ef7c3ff:   44 8b 5a 28 48 8b f2 45 8b d3 48 8b f9 41 c1 ea
  0x00007ffb5ef7c40f:   03 45 33 d3 45 0f b6 ca 49 83 c1 04 4a 8b 04 c9
  0x00007ffb5ef7c41f:   4e 8d 0c c9 48 85 c0 74 18 44 39 10 75 06 44 3b
  0x00007ffb5ef7c42f:   58 04 74 0d 4c 8d 48 10 48 8b 40 10 48 85 c0 75
  0x00007ffb5ef7c43f:   e8 49 8b 01 33 ed 48 85 c0 48 8d 48 08 48 0f 44
  0x00007ffb5ef7c44f:   cd 48 85 c9 74 08 48 8b 01 48 85 c0 75 58 48 8b
  0x00007ffb5ef7c45f:   57 18 b9 58 00 00 00 48 83 c2 10 48 89 5c 24 30
  0x00007ffb5ef7c46f:   e8 bc 49 7e ff 48 8b d8 48 85 c0 74 20 44 8b 46
  0x00007ffb5ef7c47f:   18 48 8b c8 48 8b 57 18 e8 44 e9 ff ff 48 8d 05
  0x00007ffb5ef7c48f:   95 e0 2a 00 48 89 73 50 48 89 03 eb 03 48 8b dd
  0x00007ffb5ef7c49f:   4c 8b c3 48 8b d6 48 8b cf e8 93 09 00 00 48 8b
  0x00007ffb5ef7c4af:   c3 48 8b 5c 24 30 48 8b 6c 24 38 48 8b 74 24 40
  0x00007ffb5ef7c4bf:   48 83 c4 20 5f c3 cc cc cc cc cc cc cc cc cc cc
  0x00007ffb5ef7c4cf:   cc 48 89 5c 24 18 48 89 6c 24 20 56 41 56 41 57
  0x00007ffb5ef7c4df:   48 83 ec 20 48 8b 42 10 bb 01 00 00 00 49 8b f0
  0x00007ffb5ef7c4ef:   4c 8b f2 4c 8b f9 48 8b 28 41 39 58 10 76 6c 48


Stack slot to memory mapping:

stack at sp + 0 slots: 0x0000008af88fb0b0 is pointing into the stack for thread: 0x0000018be5c775c0
stack at sp + 1 slots: 0x0000008af88fb0a0 is pointing into the stack for thread: 0x0000018be5c775c0
stack at sp + 2 slots: 0x0000008af88fb0b0 is pointing into the stack for thread: 0x0000018be5c775c0
stack at sp + 3 slots: 0x00007ffb5f22a3c8 jvm.dll
stack at sp + 4 slots: 0x0000018bf3482b90 points into unknown readable memory: 0x0000008af88fbc50 | 50 bc 8f f8 8a 00 00 00
stack at sp + 5 slots: 0x00007ffb5ef7b5f2 jvm.dll
stack at sp + 6 slots: 0x00000000000005ce is an unknown value
stack at sp + 7 slots: 0x0000008af88fafe0 is pointing into the stack for thread: 0x0000018be5c775c0

Lock stack of current Java thread (top to bottom):


---------------  P R O C E S S  ---------------

Threads class SMR info:
_java_thread_list=0x0000018beeabfb70, length=15, elements={
0x0000018bc5848d80, 0x0000018be5c69700, 0x0000018be5c6a150, 0x0000018be5c6eb50,
0x0000018be5c70a70, 0x0000018be5c755c0, 0x0000018be5c76e10, 0x0000018be5c775c0,
0x0000018be5c97e90, 0x0000018bea1a7f70, 0x0000018bea450080, 0x0000018beab664a0,
0x0000018bea79d940, 0x0000018beefd96c0, 0x0000018bead61cb0
}

Java Threads: ( => current thread )
  0x0000018bc5848d80 JavaThread "main"                              [_thread_in_Java, id=22772, stack(0x0000008af7900000,0x0000008af7a00000) (1024K)]
  0x0000018be5c69700 JavaThread "Reference Handler"          daemon [_thread_blocked, id=36820, stack(0x0000008af8200000,0x0000008af8300000) (1024K)]
  0x0000018be5c6a150 JavaThread "Finalizer"                  daemon [_thread_blocked, id=34552, stack(0x0000008af8300000,0x0000008af8400000) (1024K)]
  0x0000018be5c6eb50 JavaThread "Signal Dispatcher"          daemon [_thread_blocked, id=24644, stack(0x0000008af8400000,0x0000008af8500000) (1024K)]
  0x0000018be5c70a70 JavaThread "Attach Listener"            daemon [_thread_blocked, id=24868, stack(0x0000008af8500000,0x0000008af8600000) (1024K)]
  0x0000018be5c755c0 JavaThread "Service Thread"             daemon [_thread_blocked, id=25672, stack(0x0000008af8600000,0x0000008af8700000) (1024K)]
  0x0000018be5c76e10 JavaThread "Monitor Deflation Thread"   daemon [_thread_blocked, id=29204, stack(0x0000008af8700000,0x0000008af8800000) (1024K)]
=>0x0000018be5c775c0 JavaThread "C2 CompilerThread0"         daemon [_thread_in_native, id=33960, stack(0x0000008af8800000,0x0000008af8900000) (1024K)]
  0x0000018be5c97e90 JavaThread "C1 CompilerThread0"         daemon [_thread_blocked, id=30220, stack(0x0000008af8900000,0x0000008af8a00000) (1024K)]
  0x0000018bea1a7f70 JavaThread "Common-Cleaner"             daemon [_thread_blocked, id=20412, stack(0x0000008af8b00000,0x0000008af8c00000) (1024K)]
  0x0000018bea450080 JavaThread "IntelliJ Suspend Helper"    daemon [_thread_blocked, id=30116, stack(0x0000008af8d00000,0x0000008af8e00000) (1024K)]
  0x0000018beab664a0 JavaThread "Monitor Ctrl-Break"         daemon [_thread_in_native, id=10060, stack(0x0000008af8e00000,0x0000008af8f00000) (1024K)]
  0x0000018bea79d940 JavaThread "Notification Thread"        daemon [_thread_blocked, id=40392, stack(0x0000008af8f00000,0x0000008af9000000) (1024K)]
  0x0000018beefd96c0 JavaThread "C2 CompilerThread1"         daemon [_thread_in_native, id=16156, stack(0x0000008af8a00000,0x0000008af8b00000) (1024K)]
  0x0000018bead61cb0 JavaThread "C2 CompilerThread2"         daemon [_thread_in_native, id=36688, stack(0x0000008af9200000,0x0000008af9300000) (1024K)]
Total: 15

Other Threads:
  0x0000018be5c56480 VMThread "VM Thread"                           [id=4720, stack(0x0000008af8100000,0x0000008af8200000) (1024K)]
  0x0000018be5c46720 WatcherThread "VM Periodic Task Thread"        [id=8224, stack(0x0000008af8000000,0x0000008af8100000) (1024K)]
  0x0000018bc5899ca0 WorkerThread "GC Thread#0"                     [id=13340, stack(0x0000008af7a00000,0x0000008af7b00000) (1024K)]
  0x0000018bea1feaa0 WorkerThread "GC Thread#1"                     [id=10596, stack(0x0000008af8c00000,0x0000008af8d00000) (1024K)]
  0x0000018beadc49f0 WorkerThread "GC Thread#2"                     [id=4128, stack(0x0000008af9000000,0x0000008af9100000) (1024K)]
  0x0000018beb7c44f0 WorkerThread "GC Thread#3"                     [id=33180, stack(0x0000008af9100000,0x0000008af9200000) (1024K)]
  0x0000018bed263750 WorkerThread "GC Thread#4"                     [id=23808, stack(0x0000008af9300000,0x0000008af9400000) (1024K)]
  0x0000018bed261d70 WorkerThread "GC Thread#5"                     [id=17816, stack(0x0000008af9400000,0x0000008af9500000) (1024K)]
  0x0000018bec328950 WorkerThread "GC Thread#6"                     [id=748, stack(0x0000008af9500000,0x0000008af9600000) (1024K)]
  0x0000018bec329a90 WorkerThread "GC Thread#7"                     [id=38280, stack(0x0000008af9600000,0x0000008af9700000) (1024K)]
  0x0000018bec32d2a0 WorkerThread "GC Thread#8"                     [id=34508, stack(0x0000008af9700000,0x0000008af9800000) (1024K)]
  0x0000018bec32d6f0 WorkerThread "GC Thread#9"                     [id=26332, stack(0x0000008af9800000,0x0000008af9900000) (1024K)]
  0x0000018bc58b4800 ConcurrentGCThread "G1 Main Marker"            [id=26848, stack(0x0000008af7b00000,0x0000008af7c00000) (1024K)]
  0x0000018bc58b5b20 WorkerThread "G1 Conc#0"                       [id=41016, stack(0x0000008af7c00000,0x0000008af7d00000) (1024K)]
  0x0000018bec32db40 WorkerThread "G1 Conc#1"                       [id=35924, stack(0x0000008af9900000,0x0000008af9a00000) (1024K)]
  0x0000018bec329ee0 WorkerThread "G1 Conc#2"                       [id=38068, stack(0x0000008af9a00000,0x0000008af9b00000) (1024K)]
  0x0000018be5b14060 WorkerThread "G1 Refinement Workers#0"         [id=37220, stack(0x0000008af7e00000,0x0000008af7f00000) (1024K)]
  0x0000018bc58ee4a0 ConcurrentGCThread "G1 Refine Control"         [id=15652, stack(0x0000008af7d00000,0x0000008af7e00000) (1024K)]
  0x0000018be5b19400 ConcurrentGCThread "G1 Service"                [id=6560, stack(0x0000008af7f00000,0x0000008af8000000) (1024K)]
Total: 19

Threads with active compile tasks:
C2 CompilerThread0  14898 10013       4       org.springframework.core.annotation.AnnotationTypeMapping$MirrorSets::resolve (355 bytes)
C2 CompilerThread1  14899 9696       4       org.jetbrains.coverage.org.objectweb.asm.ClassReader::readCode (5095 bytes)
C2 CompilerThread2  14899 10104   !   4       jdk.internal.loader.BuiltinClassLoader::findClassOnClassPathOrNull (38 bytes)
Total: 3

VM state: not at safepoint (normal execution)

VM Mutex/Monitor currently owned by a thread: None

Heap address: 0x0000000702e00000, size: 4050 MB, Compressed Oops mode: Zero based, Oop shift amount: 3

CDS archive(s) mapped at: [0x0000000081000000-0x0000000081de0000-0x0000000081de0000), size 14548992, SharedBaseAddress: 0x0000000081000000, ArchiveRelocationMode: 1.
Compressed class space mapped at: 0x0000000082000000-0x00000000c2000000, reserved size: 1073741824
UseCompressedClassPointers 1, UseCompactObjectHeaders 0
Narrow klass pointer bits 32, Max shift 3
Narrow klass base: 0x0000000081000000, Narrow klass shift: 0
Encoding Range: [0x0000000081000000 - 0x0000000181000000), (4294967296 bytes)
Klass Range:    [0x0000000081000000 - 0x00000000c2000000), (1090519040 bytes)
Klass ID Range:  [8 - 1090519033) (1090519025)
Protection zone: [0x0000000081000000 - 0x0000000081010000), (65536 bytes)

GC Precious Log:
 CardTable entry size: 512
 Card Set container configuration: InlinePtr #cards 4 size 8 Array Of Cards #cards 16 size 48 Howl #buckets 8 coarsen threshold 3686 Howl Bitmap #cards 512 size 80 coarsen threshold 460 Card regions per heap region 1 cards per card region 4096
 CPUs: 12 total, 12 available
 Memory: 16196M
 Large Page Support: Disabled
 NUMA Support: Disabled
 Compressed Oops: Enabled (Zero based)
 Heap Region Size: 2M
 Heap Min Capacity: 8M
 Heap Initial Capacity: 8M
 Heap Max Capacity: 4050M
 Pre-touch: Disabled
 Parallel Workers: 10
 Concurrent Workers: 3
 Concurrent Refinement Workers: 10
 Periodic GC: Disabled

Heap:
 garbage-first heap   total reserved 4147200K, committed 380928K, used 95331K [0x0000000702e00000, 0x0000000800000000)
  region size 2M, 16 eden (32M), 8 survivor (16M), 25 old (50M), 0 humongous (0M), 137 free (274M)

Heap Regions: E=young(eden), S=young(survivor), O=old, HS=humongous(starts), HC=humongous(continues), CS=collection set, F=free, TAMS=top-at-mark-start, PB=parsable bottom
|    0|0x0000000702e00000, 0x0000000703000000, 0x0000000703000000|100%| O|  |TAMS 0x0000000702e00000| PB 0x0000000702e00000| Untracked |  0
|    1|0x0000000703000000, 0x0000000703200000, 0x0000000703200000|100%| O|  |TAMS 0x0000000703000000| PB 0x0000000703000000| Untracked |  0
|    2|0x0000000703200000, 0x0000000703400000, 0x0000000703400000|100%| O|  |TAMS 0x0000000703200000| PB 0x0000000703200000| Untracked |  0
|    3|0x0000000703400000, 0x0000000703600000, 0x0000000703600000|100%| O|  |TAMS 0x0000000703400000| PB 0x0000000703400000| Untracked |  0
|    4|0x0000000703600000, 0x0000000703800000, 0x0000000703800000|100%| O|  |TAMS 0x0000000703600000| PB 0x0000000703600000| Untracked |  0
|    5|0x0000000703800000, 0x0000000703a00000, 0x0000000703a00000|100%| O|  |TAMS 0x0000000703800000| PB 0x0000000703800000| Untracked |  0
|    6|0x0000000703a00000, 0x0000000703c00000, 0x0000000703c00000|100%| O|  |TAMS 0x0000000703a00000| PB 0x0000000703a00000| Untracked |  0
|    7|0x0000000703c00000, 0x0000000703e00000, 0x0000000703e00000|100%| O|  |TAMS 0x0000000703c00000| PB 0x0000000703c00000| Untracked |  0
|    8|0x0000000703e00000, 0x0000000704000000, 0x0000000704000000|100%| O|  |TAMS 0x0000000703e00000| PB 0x0000000703e00000| Untracked |  0
|    9|0x0000000704000000, 0x0000000704200000, 0x0000000704200000|100%| O|Cm|TAMS 0x0000000704000000| PB 0x0000000704000000| Complete  |  0
|   10|0x0000000704200000, 0x0000000704400000, 0x0000000704400000|100%| O|  |TAMS 0x0000000704200000| PB 0x0000000704200000| Untracked |  0
|   11|0x0000000704400000, 0x0000000704600000, 0x0000000704600000|100%| O|  |TAMS 0x0000000704400000| PB 0x0000000704400000| Untracked |  0
|   12|0x0000000704600000, 0x0000000704800000, 0x0000000704800000|100%| O|  |TAMS 0x0000000704600000| PB 0x0000000704600000| Untracked |  0
|   13|0x0000000704800000, 0x0000000704a00000, 0x0000000704a00000|100%| O|  |TAMS 0x0000000704800000| PB 0x0000000704800000| Untracked |  0
|   14|0x0000000704a00000, 0x0000000704c00000, 0x0000000704c00000|100%| O|  |TAMS 0x0000000704a00000| PB 0x0000000704a00000| Untracked |  0
|   15|0x0000000704c00000, 0x0000000704e00000, 0x0000000704e00000|100%| O|  |TAMS 0x0000000704c00000| PB 0x0000000704c00000| Untracked |  0
|   16|0x0000000704e00000, 0x0000000705000000, 0x0000000705000000|100%| O|  |TAMS 0x0000000704e00000| PB 0x0000000704e00000| Untracked |  0
|   17|0x0000000705000000, 0x0000000705200000, 0x0000000705200000|100%| O|  |TAMS 0x0000000705000000| PB 0x0000000705000000| Untracked |  0
|   18|0x0000000705200000, 0x0000000705400000, 0x0000000705400000|100%| O|  |TAMS 0x0000000705200000| PB 0x0000000705200000| Untracked |  0
|   19|0x0000000705400000, 0x0000000705600000, 0x0000000705600000|100%| O|  |TAMS 0x0000000705400000| PB 0x0000000705400000| Untracked |  0
|   20|0x0000000705600000, 0x0000000705800000, 0x0000000705800000|100%| O|  |TAMS 0x0000000705600000| PB 0x0000000705600000| Untracked |  0
|   21|0x0000000705800000, 0x0000000705a00000, 0x0000000705a00000|100%| O|  |TAMS 0x0000000705800000| PB 0x0000000705800000| Untracked |  0
|   22|0x0000000705a00000, 0x0000000705c00000, 0x0000000705c00000|100%| O|  |TAMS 0x0000000705a00000| PB 0x0000000705a00000| Untracked |  0
|   23|0x0000000705c00000, 0x0000000705c25b50, 0x0000000705e00000|  7%| O|  |TAMS 0x0000000705c00000| PB 0x0000000705c00000| Untracked |  0
|   24|0x0000000705e00000, 0x0000000705e00000, 0x0000000706000000|  0%| F|  |TAMS 0x0000000705e00000| PB 0x0000000705e00000| Untracked |  0
|   25|0x0000000706000000, 0x0000000706000000, 0x0000000706200000|  0%| F|  |TAMS 0x0000000706000000| PB 0x0000000706000000| Untracked |  0
|   26|0x0000000706200000, 0x0000000706200000, 0x0000000706400000|  0%| F|  |TAMS 0x0000000706200000| PB 0x0000000706200000| Untracked |  0
|   27|0x0000000706400000, 0x0000000706400000, 0x0000000706600000|  0%| F|  |TAMS 0x0000000706400000| PB 0x0000000706400000| Untracked |  0
|   28|0x0000000706600000, 0x0000000706600000, 0x0000000706800000|  0%| F|  |TAMS 0x0000000706600000| PB 0x0000000706600000| Untracked |  0
|   29|0x0000000706800000, 0x0000000706800000, 0x0000000706a00000|  0%| F|  |TAMS 0x0000000706800000| PB 0x0000000706800000| Untracked |  0
|   30|0x0000000706a00000, 0x0000000706a00000, 0x0000000706c00000|  0%| F|  |TAMS 0x0000000706a00000| PB 0x0000000706a00000| Untracked |  0
|   31|0x0000000706c00000, 0x0000000706c00000, 0x0000000706e00000|  0%| F|  |TAMS 0x0000000706c00000| PB 0x0000000706c00000| Untracked |  0
|   32|0x0000000706e00000, 0x0000000706e00000, 0x0000000707000000|  0%| F|  |TAMS 0x0000000706e00000| PB 0x0000000706e00000| Untracked |  0
|   33|0x0000000707000000, 0x0000000707000000, 0x0000000707200000|  0%| F|  |TAMS 0x0000000707000000| PB 0x0000000707000000| Untracked |  0
|   34|0x0000000707200000, 0x0000000707200000, 0x0000000707400000|  0%| F|  |TAMS 0x0000000707200000| PB 0x0000000707200000| Untracked |  0
|   35|0x0000000707400000, 0x0000000707400000, 0x0000000707600000|  0%| F|  |TAMS 0x0000000707400000| PB 0x0000000707400000| Untracked |  0
|   36|0x0000000707600000, 0x0000000707600000, 0x0000000707800000|  0%| F|  |TAMS 0x0000000707600000| PB 0x0000000707600000| Untracked |  0
|   37|0x0000000707800000, 0x0000000707800000, 0x0000000707a00000|  0%| F|  |TAMS 0x0000000707800000| PB 0x0000000707800000| Untracked |  0
|   38|0x0000000707a00000, 0x0000000707a00000, 0x0000000707c00000|  0%| F|  |TAMS 0x0000000707a00000| PB 0x0000000707a00000| Untracked |  0
|   39|0x0000000707c00000, 0x0000000707c00000, 0x0000000707e00000|  0%| F|  |TAMS 0x0000000707c00000| PB 0x0000000707c00000| Untracked |  0
|   40|0x0000000707e00000, 0x0000000707e00000, 0x0000000708000000|  0%| F|  |TAMS 0x0000000707e00000| PB 0x0000000707e00000| Untracked |  0
|   41|0x0000000708000000, 0x0000000708000000, 0x0000000708200000|  0%| F|  |TAMS 0x0000000708000000| PB 0x0000000708000000| Untracked |  0
|   42|0x0000000708200000, 0x0000000708200000, 0x0000000708400000|  0%| F|  |TAMS 0x0000000708200000| PB 0x0000000708200000| Untracked |  0
|   43|0x0000000708400000, 0x0000000708400000, 0x0000000708600000|  0%| F|  |TAMS 0x0000000708400000| PB 0x0000000708400000| Untracked |  0
|   44|0x0000000708600000, 0x0000000708600000, 0x0000000708800000|  0%| F|  |TAMS 0x0000000708600000| PB 0x0000000708600000| Untracked |  0
|   45|0x0000000708800000, 0x0000000708800000, 0x0000000708a00000|  0%| F|  |TAMS 0x0000000708800000| PB 0x0000000708800000| Untracked |  0
|   46|0x0000000708a00000, 0x0000000708a00000, 0x0000000708c00000|  0%| F|  |TAMS 0x0000000708a00000| PB 0x0000000708a00000| Untracked |  0
|   47|0x0000000708c00000, 0x0000000708c00000, 0x0000000708e00000|  0%| F|  |TAMS 0x0000000708c00000| PB 0x0000000708c00000| Untracked |  0
|   48|0x0000000708e00000, 0x0000000708e00000, 0x0000000709000000|  0%| F|  |TAMS 0x0000000708e00000| PB 0x0000000708e00000| Untracked |  0
|   49|0x0000000709000000, 0x0000000709000000, 0x0000000709200000|  0%| F|  |TAMS 0x0000000709000000| PB 0x0000000709000000| Untracked |  0
|   50|0x0000000709200000, 0x0000000709200000, 0x0000000709400000|  0%| F|  |TAMS 0x0000000709200000| PB 0x0000000709200000| Untracked |  0
|   51|0x0000000709400000, 0x0000000709400000, 0x0000000709600000|  0%| F|  |TAMS 0x0000000709400000| PB 0x0000000709400000| Untracked |  0
|   52|0x0000000709600000, 0x0000000709600000, 0x0000000709800000|  0%| F|  |TAMS 0x0000000709600000| PB 0x0000000709600000| Untracked |  0
|   53|0x0000000709800000, 0x0000000709800000, 0x0000000709a00000|  0%| F|  |TAMS 0x0000000709800000| PB 0x0000000709800000| Untracked |  0
|   54|0x0000000709a00000, 0x0000000709a00000, 0x0000000709c00000|  0%| F|  |TAMS 0x0000000709a00000| PB 0x0000000709a00000| Untracked |  0
|   55|0x0000000709c00000, 0x0000000709c00000, 0x0000000709e00000|  0%| F|  |TAMS 0x0000000709c00000| PB 0x0000000709c00000| Untracked |  0
|   56|0x0000000709e00000, 0x0000000709e00000, 0x000000070a000000|  0%| F|  |TAMS 0x0000000709e00000| PB 0x0000000709e00000| Untracked |  0
|   57|0x000000070a000000, 0x000000070a000000, 0x000000070a200000|  0%| F|  |TAMS 0x000000070a000000| PB 0x000000070a000000| Untracked |  0
|   58|0x000000070a200000, 0x000000070a200000, 0x000000070a400000|  0%| F|  |TAMS 0x000000070a200000| PB 0x000000070a200000| Untracked |  0
|   59|0x000000070a400000, 0x000000070a400000, 0x000000070a600000|  0%| F|  |TAMS 0x000000070a400000| PB 0x000000070a400000| Untracked |  0
|   60|0x000000070a600000, 0x000000070a600000, 0x000000070a800000|  0%| F|  |TAMS 0x000000070a600000| PB 0x000000070a600000| Untracked |  0
|   61|0x000000070a800000, 0x000000070a800000, 0x000000070aa00000|  0%| F|  |TAMS 0x000000070a800000| PB 0x000000070a800000| Untracked |  0
|   62|0x000000070aa00000, 0x000000070aa00000, 0x000000070ac00000|  0%| F|  |TAMS 0x000000070aa00000| PB 0x000000070aa00000| Untracked |  0
|   63|0x000000070ac00000, 0x000000070ac00000, 0x000000070ae00000|  0%| F|  |TAMS 0x000000070ac00000| PB 0x000000070ac00000| Untracked |  0
|   64|0x000000070ae00000, 0x000000070ae00000, 0x000000070b000000|  0%| F|  |TAMS 0x000000070ae00000| PB 0x000000070ae00000| Untracked |  0
|   65|0x000000070b000000, 0x000000070b000000, 0x000000070b200000|  0%| F|  |TAMS 0x000000070b000000| PB 0x000000070b000000| Untracked |  0
|   66|0x000000070b200000, 0x000000070b200000, 0x000000070b400000|  0%| F|  |TAMS 0x000000070b200000| PB 0x000000070b200000| Untracked |  0
|   67|0x000000070b400000, 0x000000070b400000, 0x000000070b600000|  0%| F|  |TAMS 0x000000070b400000| PB 0x000000070b400000| Untracked |  0
|   68|0x000000070b600000, 0x000000070b600000, 0x000000070b800000|  0%| F|  |TAMS 0x000000070b600000| PB 0x000000070b600000| Untracked |  0
|   69|0x000000070b800000, 0x000000070b800000, 0x000000070ba00000|  0%| F|  |TAMS 0x000000070b800000| PB 0x000000070b800000| Untracked |  0
|   70|0x000000070ba00000, 0x000000070ba00000, 0x000000070bc00000|  0%| F|  |TAMS 0x000000070ba00000| PB 0x000000070ba00000| Untracked |  0
|   71|0x000000070bc00000, 0x000000070bc00000, 0x000000070be00000|  0%| F|  |TAMS 0x000000070bc00000| PB 0x000000070bc00000| Untracked |  0
|   72|0x000000070be00000, 0x000000070be00000, 0x000000070c000000|  0%| F|  |TAMS 0x000000070be00000| PB 0x000000070be00000| Untracked |  0
|   73|0x000000070c000000, 0x000000070c000000, 0x000000070c200000|  0%| F|  |TAMS 0x000000070c000000| PB 0x000000070c000000| Untracked |  0
|   74|0x000000070c200000, 0x000000070c200000, 0x000000070c400000|  0%| F|  |TAMS 0x000000070c200000| PB 0x000000070c200000| Untracked |  0
|   75|0x000000070c400000, 0x000000070c400000, 0x000000070c600000|  0%| F|  |TAMS 0x000000070c400000| PB 0x000000070c400000| Untracked |  0
|   76|0x000000070c600000, 0x000000070c600000, 0x000000070c800000|  0%| F|  |TAMS 0x000000070c600000| PB 0x000000070c600000| Untracked |  0
|   77|0x000000070c800000, 0x000000070c800000, 0x000000070ca00000|  0%| F|  |TAMS 0x000000070c800000| PB 0x000000070c800000| Untracked |  0
|   78|0x000000070ca00000, 0x000000070ca00000, 0x000000070cc00000|  0%| F|  |TAMS 0x000000070ca00000| PB 0x000000070ca00000| Untracked |  0
|   79|0x000000070cc00000, 0x000000070cc00000, 0x000000070ce00000|  0%| F|  |TAMS 0x000000070cc00000| PB 0x000000070cc00000| Untracked |  0
|   80|0x000000070ce00000, 0x000000070ce00000, 0x000000070d000000|  0%| F|  |TAMS 0x000000070ce00000| PB 0x000000070ce00000| Untracked |  0
|   81|0x000000070d000000, 0x000000070d000000, 0x000000070d200000|  0%| F|  |TAMS 0x000000070d000000| PB 0x000000070d000000| Untracked |  0
|   82|0x000000070d200000, 0x000000070d200000, 0x000000070d400000|  0%| F|  |TAMS 0x000000070d200000| PB 0x000000070d200000| Untracked |  0
|   83|0x000000070d400000, 0x000000070d400000, 0x000000070d600000|  0%| F|  |TAMS 0x000000070d400000| PB 0x000000070d400000| Untracked |  0
|   84|0x000000070d600000, 0x000000070d600000, 0x000000070d800000|  0%| F|  |TAMS 0x000000070d600000| PB 0x000000070d600000| Untracked |  0
|   85|0x000000070d800000, 0x000000070d800000, 0x000000070da00000|  0%| F|  |TAMS 0x000000070d800000| PB 0x000000070d800000| Untracked |  0
|   86|0x000000070da00000, 0x000000070da00000, 0x000000070dc00000|  0%| F|  |TAMS 0x000000070da00000| PB 0x000000070da00000| Untracked |  0
|   87|0x000000070dc00000, 0x000000070dc00000, 0x000000070de00000|  0%| F|  |TAMS 0x000000070dc00000| PB 0x000000070dc00000| Untracked |  0
|   88|0x000000070de00000, 0x000000070de00000, 0x000000070e000000|  0%| F|  |TAMS 0x000000070de00000| PB 0x000000070de00000| Untracked |  0
|   89|0x000000070e000000, 0x000000070e000000, 0x000000070e200000|  0%| F|  |TAMS 0x000000070e000000| PB 0x000000070e000000| Untracked |  0
|   90|0x000000070e200000, 0x000000070e200000, 0x000000070e400000|  0%| F|  |TAMS 0x000000070e200000| PB 0x000000070e200000| Untracked |  0
|   91|0x000000070e400000, 0x000000070e400000, 0x000000070e600000|  0%| F|  |TAMS 0x000000070e400000| PB 0x000000070e400000| Untracked |  0
|   92|0x000000070e600000, 0x000000070e600000, 0x000000070e800000|  0%| F|  |TAMS 0x000000070e600000| PB 0x000000070e600000| Untracked |  0
|   93|0x000000070e800000, 0x000000070e800000, 0x000000070ea00000|  0%| F|  |TAMS 0x000000070e800000| PB 0x000000070e800000| Untracked |  0
|   94|0x000000070ea00000, 0x000000070ea00000, 0x000000070ec00000|  0%| F|  |TAMS 0x000000070ea00000| PB 0x000000070ea00000| Untracked |  0
|   95|0x000000070ec00000, 0x000000070ec00000, 0x000000070ee00000|  0%| F|  |TAMS 0x000000070ec00000| PB 0x000000070ec00000| Untracked |  0
|   96|0x000000070ee00000, 0x000000070ee00000, 0x000000070f000000|  0%| F|  |TAMS 0x000000070ee00000| PB 0x000000070ee00000| Untracked |  0
|   97|0x000000070f000000, 0x000000070f000000, 0x000000070f200000|  0%| F|  |TAMS 0x000000070f000000| PB 0x000000070f000000| Untracked |  0
|   98|0x000000070f200000, 0x000000070f200000, 0x000000070f400000|  0%| F|  |TAMS 0x000000070f200000| PB 0x000000070f200000| Untracked |  0
|   99|0x000000070f400000, 0x000000070f400000, 0x000000070f600000|  0%| F|  |TAMS 0x000000070f400000| PB 0x000000070f400000| Untracked |  0
|  100|0x000000070f600000, 0x000000070f600000, 0x000000070f800000|  0%| F|  |TAMS 0x000000070f600000| PB 0x000000070f600000| Untracked |  0
|  101|0x000000070f800000, 0x000000070f9cb520, 0x000000070fa00000| 89%| S|CS|TAMS 0x000000070f800000| PB 0x000000070f800000| Complete  |  0
|  102|0x000000070fa00000, 0x000000070fc00000, 0x000000070fc00000|100%| S|CS|TAMS 0x000000070fa00000| PB 0x000000070fa00000| Complete  |  0
|  103|0x000000070fc00000, 0x000000070fe00000, 0x000000070fe00000|100%| S|CS|TAMS 0x000000070fc00000| PB 0x000000070fc00000| Complete  |  0
|  104|0x000000070fe00000, 0x0000000710000000, 0x0000000710000000|100%| S|CS|TAMS 0x000000070fe00000| PB 0x000000070fe00000| Complete  |  0
|  105|0x0000000710000000, 0x0000000710200000, 0x0000000710200000|100%| S|CS|TAMS 0x0000000710000000| PB 0x0000000710000000| Complete  |  0
|  106|0x0000000710200000, 0x0000000710400000, 0x0000000710400000|100%| S|CS|TAMS 0x0000000710200000| PB 0x0000000710200000| Complete  |  0
|  107|0x0000000710400000, 0x0000000710600000, 0x0000000710600000|100%| S|CS|TAMS 0x0000000710400000| PB 0x0000000710400000| Complete  |  0
|  108|0x0000000710600000, 0x0000000710800000, 0x0000000710800000|100%| S|CS|TAMS 0x0000000710600000| PB 0x0000000710600000| Complete  |  0
|  109|0x0000000710800000, 0x0000000710800000, 0x0000000710a00000|  0%| F|  |TAMS 0x0000000710800000| PB 0x0000000710800000| Untracked |  0
|  110|0x0000000710a00000, 0x0000000710a00000, 0x0000000710c00000|  0%| F|  |TAMS 0x0000000710a00000| PB 0x0000000710a00000| Untracked |  0
|  111|0x0000000710c00000, 0x0000000710c00000, 0x0000000710e00000|  0%| F|  |TAMS 0x0000000710c00000| PB 0x0000000710c00000| Untracked |  0
|  112|0x0000000710e00000, 0x0000000710e00000, 0x0000000711000000|  0%| F|  |TAMS 0x0000000710e00000| PB 0x0000000710e00000| Untracked |  0
|  113|0x0000000711000000, 0x0000000711000000, 0x0000000711200000|  0%| F|  |TAMS 0x0000000711000000| PB 0x0000000711000000| Untracked |  0
|  114|0x0000000711200000, 0x0000000711200000, 0x0000000711400000|  0%| F|  |TAMS 0x0000000711200000| PB 0x0000000711200000| Untracked |  0
|  115|0x0000000711400000, 0x0000000711400000, 0x0000000711600000|  0%| F|  |TAMS 0x0000000711400000| PB 0x0000000711400000| Untracked |  0
|  116|0x0000000711600000, 0x0000000711600000, 0x0000000711800000|  0%| F|  |TAMS 0x0000000711600000| PB 0x0000000711600000| Untracked |  0
|  117|0x0000000711800000, 0x0000000711800000, 0x0000000711a00000|  0%| F|  |TAMS 0x0000000711800000| PB 0x0000000711800000| Untracked |  0
|  118|0x0000000711a00000, 0x0000000711a00000, 0x0000000711c00000|  0%| F|  |TAMS 0x0000000711a00000| PB 0x0000000711a00000| Untracked |  0
|  119|0x0000000711c00000, 0x0000000711c00000, 0x0000000711e00000|  0%| F|  |TAMS 0x0000000711c00000| PB 0x0000000711c00000| Untracked |  0
|  120|0x0000000711e00000, 0x0000000711e00000, 0x0000000712000000|  0%| F|  |TAMS 0x0000000711e00000| PB 0x0000000711e00000| Untracked |  0
|  121|0x0000000712000000, 0x0000000712000000, 0x0000000712200000|  0%| F|  |TAMS 0x0000000712000000| PB 0x0000000712000000| Untracked |  0
|  122|0x0000000712200000, 0x0000000712200000, 0x0000000712400000|  0%| F|  |TAMS 0x0000000712200000| PB 0x0000000712200000| Untracked |  0
|  123|0x0000000712400000, 0x0000000712400000, 0x0000000712600000|  0%| F|  |TAMS 0x0000000712400000| PB 0x0000000712400000| Untracked |  0
|  124|0x0000000712600000, 0x0000000712600000, 0x0000000712800000|  0%| F|  |TAMS 0x0000000712600000| PB 0x0000000712600000| Untracked |  0
|  125|0x0000000712800000, 0x0000000712800000, 0x0000000712a00000|  0%| F|  |TAMS 0x0000000712800000| PB 0x0000000712800000| Untracked |  0
|  126|0x0000000712a00000, 0x0000000712a00000, 0x0000000712c00000|  0%| F|  |TAMS 0x0000000712a00000| PB 0x0000000712a00000| Untracked |  0
|  127|0x0000000712c00000, 0x0000000712c00000, 0x0000000712e00000|  0%| F|  |TAMS 0x0000000712c00000| PB 0x0000000712c00000| Untracked |  0
|  128|0x0000000712e00000, 0x0000000712e00000, 0x0000000713000000|  0%| F|  |TAMS 0x0000000712e00000| PB 0x0000000712e00000| Untracked |  0
|  129|0x0000000713000000, 0x0000000713000000, 0x0000000713200000|  0%| F|  |TAMS 0x0000000713000000| PB 0x0000000713000000| Untracked |  0
|  130|0x0000000713200000, 0x0000000713200000, 0x0000000713400000|  0%| F|  |TAMS 0x0000000713200000| PB 0x0000000713200000| Untracked |  0
|  131|0x0000000713400000, 0x0000000713400000, 0x0000000713600000|  0%| F|  |TAMS 0x0000000713400000| PB 0x0000000713400000| Untracked |  0
|  132|0x0000000713600000, 0x0000000713600000, 0x0000000713800000|  0%| F|  |TAMS 0x0000000713600000| PB 0x0000000713600000| Untracked |  0
|  133|0x0000000713800000, 0x0000000713800000, 0x0000000713a00000|  0%| F|  |TAMS 0x0000000713800000| PB 0x0000000713800000| Untracked |  0
|  134|0x0000000713a00000, 0x0000000713a00000, 0x0000000713c00000|  0%| F|  |TAMS 0x0000000713a00000| PB 0x0000000713a00000| Untracked |  0
|  135|0x0000000713c00000, 0x0000000713c00000, 0x0000000713e00000|  0%| F|  |TAMS 0x0000000713c00000| PB 0x0000000713c00000| Untracked |  0
|  136|0x0000000713e00000, 0x0000000713e00000, 0x0000000714000000|  0%| F|  |TAMS 0x0000000713e00000| PB 0x0000000713e00000| Untracked |  0
|  137|0x0000000714000000, 0x0000000714000000, 0x0000000714200000|  0%| F|  |TAMS 0x0000000714000000| PB 0x0000000714000000| Untracked |  0
|  138|0x0000000714200000, 0x0000000714200000, 0x0000000714400000|  0%| F|  |TAMS 0x0000000714200000| PB 0x0000000714200000| Untracked |  0
|  139|0x0000000714400000, 0x0000000714400000, 0x0000000714600000|  0%| F|  |TAMS 0x0000000714400000| PB 0x0000000714400000| Untracked |  0
|  140|0x0000000714600000, 0x0000000714600000, 0x0000000714800000|  0%| F|  |TAMS 0x0000000714600000| PB 0x0000000714600000| Untracked |  0
|  141|0x0000000714800000, 0x0000000714800000, 0x0000000714a00000|  0%| F|  |TAMS 0x0000000714800000| PB 0x0000000714800000| Untracked |  0
|  142|0x0000000714a00000, 0x0000000714a00000, 0x0000000714c00000|  0%| F|  |TAMS 0x0000000714a00000| PB 0x0000000714a00000| Untracked |  0
|  143|0x0000000714c00000, 0x0000000714c00000, 0x0000000714e00000|  0%| F|  |TAMS 0x0000000714c00000| PB 0x0000000714c00000| Untracked |  0
|  144|0x0000000714e00000, 0x0000000714e00000, 0x0000000715000000|  0%| F|  |TAMS 0x0000000714e00000| PB 0x0000000714e00000| Untracked |  0
|  145|0x0000000715000000, 0x0000000715000000, 0x0000000715200000|  0%| F|  |TAMS 0x0000000715000000| PB 0x0000000715000000| Untracked |  0
|  146|0x0000000715200000, 0x0000000715200000, 0x0000000715400000|  0%| F|  |TAMS 0x0000000715200000| PB 0x0000000715200000| Untracked |  0
|  147|0x0000000715400000, 0x0000000715400000, 0x0000000715600000|  0%| F|  |TAMS 0x0000000715400000| PB 0x0000000715400000| Untracked |  0
|  148|0x0000000715600000, 0x0000000715600000, 0x0000000715800000|  0%| F|  |TAMS 0x0000000715600000| PB 0x0000000715600000| Untracked |  0
|  149|0x0000000715800000, 0x0000000715800000, 0x0000000715a00000|  0%| F|  |TAMS 0x0000000715800000| PB 0x0000000715800000| Untracked |  0
|  150|0x0000000715a00000, 0x0000000715a00000, 0x0000000715c00000|  0%| F|  |TAMS 0x0000000715a00000| PB 0x0000000715a00000| Untracked |  0
|  151|0x0000000715c00000, 0x0000000715c00000, 0x0000000715e00000|  0%| F|  |TAMS 0x0000000715c00000| PB 0x0000000715c00000| Untracked |  0
|  152|0x0000000715e00000, 0x0000000715e00000, 0x0000000716000000|  0%| F|  |TAMS 0x0000000715e00000| PB 0x0000000715e00000| Untracked |  0
|  153|0x0000000716000000, 0x0000000716000000, 0x0000000716200000|  0%| F|  |TAMS 0x0000000716000000| PB 0x0000000716000000| Untracked |  0
|  154|0x0000000716200000, 0x0000000716200000, 0x0000000716400000|  0%| F|  |TAMS 0x0000000716200000| PB 0x0000000716200000| Untracked |  0
|  155|0x0000000716400000, 0x0000000716400000, 0x0000000716600000|  0%| F|  |TAMS 0x0000000716400000| PB 0x0000000716400000| Untracked |  0
|  156|0x0000000716600000, 0x0000000716600000, 0x0000000716800000|  0%| F|  |TAMS 0x0000000716600000| PB 0x0000000716600000| Untracked |  0
|  157|0x0000000716800000, 0x0000000716800000, 0x0000000716a00000|  0%| F|  |TAMS 0x0000000716800000| PB 0x0000000716800000| Untracked |  0
|  158|0x0000000716a00000, 0x0000000716a00000, 0x0000000716c00000|  0%| F|  |TAMS 0x0000000716a00000| PB 0x0000000716a00000| Untracked |  0
|  159|0x0000000716c00000, 0x0000000716c00000, 0x0000000716e00000|  0%| F|  |TAMS 0x0000000716c00000| PB 0x0000000716c00000| Untracked |  0
|  160|0x0000000716e00000, 0x0000000716e00000, 0x0000000717000000|  0%| F|  |TAMS 0x0000000716e00000| PB 0x0000000716e00000| Untracked |  0
|  161|0x0000000717000000, 0x0000000717000000, 0x0000000717200000|  0%| F|  |TAMS 0x0000000717000000| PB 0x0000000717000000| Untracked |  0
|  162|0x0000000717200000, 0x0000000717200000, 0x0000000717400000|  0%| F|  |TAMS 0x0000000717200000| PB 0x0000000717200000| Untracked |  0
|  163|0x0000000717400000, 0x0000000717400000, 0x0000000717600000|  0%| F|  |TAMS 0x0000000717400000| PB 0x0000000717400000| Untracked |  0
|  164|0x0000000717600000, 0x0000000717600000, 0x0000000717800000|  0%| F|  |TAMS 0x0000000717600000| PB 0x0000000717600000| Untracked |  0
|  165|0x0000000717800000, 0x0000000717800000, 0x0000000717a00000|  0%| F|  |TAMS 0x0000000717800000| PB 0x0000000717800000| Untracked |  0
|  166|0x0000000717a00000, 0x0000000717a00000, 0x0000000717c00000|  0%| F|  |TAMS 0x0000000717a00000| PB 0x0000000717a00000| Untracked |  0
|  167|0x0000000717c00000, 0x0000000717c00000, 0x0000000717e00000|  0%| F|  |TAMS 0x0000000717c00000| PB 0x0000000717c00000| Untracked |  0
|  168|0x0000000717e00000, 0x0000000717e00000, 0x0000000718000000|  0%| F|  |TAMS 0x0000000717e00000| PB 0x0000000717e00000| Untracked |  0
|  169|0x0000000718000000, 0x0000000718200000, 0x0000000718200000|100%| E|CS|TAMS 0x0000000718000000| PB 0x0000000718000000| Complete  |  0
|  170|0x0000000718200000, 0x0000000718400000, 0x0000000718400000|100%| E|CS|TAMS 0x0000000718200000| PB 0x0000000718200000| Complete  |  0
|  171|0x0000000718400000, 0x0000000718600000, 0x0000000718600000|100%| E|CS|TAMS 0x0000000718400000| PB 0x0000000718400000| Complete  |  0
|  172|0x0000000718600000, 0x0000000718800000, 0x0000000718800000|100%| E|CS|TAMS 0x0000000718600000| PB 0x0000000718600000| Complete  |  0
|  173|0x0000000718800000, 0x0000000718a00000, 0x0000000718a00000|100%| E|CS|TAMS 0x0000000718800000| PB 0x0000000718800000| Complete  |  0
|  174|0x0000000718a00000, 0x0000000718c00000, 0x0000000718c00000|100%| E|CS|TAMS 0x0000000718a00000| PB 0x0000000718a00000| Complete  |  0
|  175|0x0000000718c00000, 0x0000000718e00000, 0x0000000718e00000|100%| E|CS|TAMS 0x0000000718c00000| PB 0x0000000718c00000| Complete  |  0
|  176|0x0000000718e00000, 0x0000000719000000, 0x0000000719000000|100%| E|CS|TAMS 0x0000000718e00000| PB 0x0000000718e00000| Complete  |  0
|  177|0x0000000719000000, 0x0000000719200000, 0x0000000719200000|100%| E|CS|TAMS 0x0000000719000000| PB 0x0000000719000000| Complete  |  0
|  178|0x0000000719200000, 0x0000000719400000, 0x0000000719400000|100%| E|CS|TAMS 0x0000000719200000| PB 0x0000000719200000| Complete  |  0
|  179|0x0000000719400000, 0x0000000719600000, 0x0000000719600000|100%| E|CS|TAMS 0x0000000719400000| PB 0x0000000719400000| Complete  |  0
|  180|0x0000000719600000, 0x0000000719800000, 0x0000000719800000|100%| E|CS|TAMS 0x0000000719600000| PB 0x0000000719600000| Complete  |  0
|  181|0x0000000719800000, 0x0000000719a00000, 0x0000000719a00000|100%| E|CS|TAMS 0x0000000719800000| PB 0x0000000719800000| Complete  |  0
|  182|0x0000000719a00000, 0x0000000719c00000, 0x0000000719c00000|100%| E|CS|TAMS 0x0000000719a00000| PB 0x0000000719a00000| Complete  |  0
|  183|0x0000000719c00000, 0x0000000719e00000, 0x0000000719e00000|100%| E|CS|TAMS 0x0000000719c00000| PB 0x0000000719c00000| Complete  |  0
|  184|0x0000000719e00000, 0x000000071a000000, 0x000000071a000000|100%| E|CS|TAMS 0x0000000719e00000| PB 0x0000000719e00000| Complete  |  0
| 2024|0x00000007ffe00000, 0x00000007fff27e90, 0x0000000800000000| 57%| O|  |TAMS 0x00000007ffe00000| PB 0x00000007ffe00000| Untracked |  0

Card table byte_map: [0x0000018bde350000,0x0000018bdeb40000] _byte_map_base: 0x0000018bdab39000
Refinement table byte_map: [0x0000018bdeb40000,0x0000018bdf330000] _byte_map_base: 0x0000018bdb329000

Marking Bits: (CMBitMap*) 0x0000018bc589a420
 Bits: [0x0000018bdf330000, 0x0000018be3278000)

Polling page: 0x0000018bc3690000

Metaspace:
Metaspace        used 60887K, committed 61312K, reserved 1114112K
 class space     used 7358K, committed 7552K, reserved 1048576K

Usage:
  Non-class:     52.28 MB used.
      Class:      7.19 MB used.
       Both:     59.47 MB used.

Virtual space:
  Non-class space:       64.00 MB reserved,      52.50 MB ( 82%) committed,  1 nodes.
      Class space:        1.00 GB reserved,       7.38 MB ( <1%) committed,  1 nodes.
             Both:        1.06 GB reserved,      59.88 MB (  6%) committed. 

Chunk freelists:
   Non-Class:  11.08 MB
       Class:  8.59 MB
        Both:  19.67 MB

MaxMetaspaceSize: unlimited
CompressedClassSpaceSize: 1.00 GB
Initial GC threshold: 21.00 MB
Current GC threshold: 98.06 MB
CDS: on
 - commit_granule_bytes: 65536.
 - commit_granule_words: 8192.
 - virtual_space_node_default_size: 8388608.
 - enlarge_chunks_in_place: 1.
UseCompressedClassPointers 1, UseCompactObjectHeaders 0
Narrow klass pointer bits 32, Max shift 3
Narrow klass base: 0x0000000081000000, Narrow klass shift: 0
Encoding Range: [0x0000000081000000 - 0x0000000181000000), (4294967296 bytes)
Klass Range:    [0x0000000081000000 - 0x00000000c2000000), (1090519040 bytes)
Klass ID Range:  [8 - 1090519033) (1090519025)
Protection zone: [0x0000000081000000 - 0x0000000081010000), (65536 bytes)


Internal statistics:

num_allocs_failed_limit: 9.
num_arena_births: 620.
num_arena_deaths: 24.
num_vsnodes_births: 2.
num_vsnodes_deaths: 0.
num_space_committed: 958.
num_space_uncommitted: 0.
num_chunks_returned_to_freelist: 34.
num_chunks_taken_from_freelist: 2480.
num_chunk_merges: 16.
num_chunk_splits: 1818.
num_chunks_enlarged: 1489.
num_inconsistent_stats: 0.

CodeHeap 'non-profiled nmethods': size=120064Kb used=3349Kb max_used=4431Kb free=116714Kb
 bounds [0x0000018bd5fb0000, 0x0000018bd6410000, 0x0000018bdd4f0000]
CodeHeap 'profiled nmethods': size=120064Kb used=10265Kb max_used=12608Kb free=109798Kb
 bounds [0x0000018bce4d0000, 0x0000018bcf130000, 0x0000018bd5a10000]
CodeHeap 'non-nmethods': size=5760Kb used=1556Kb max_used=1662Kb free=4203Kb
 bounds [0x0000018bd5a10000, 0x0000018bd5c80000, 0x0000018bd5fb0000]
CodeCache: size=245888Kb, used=15170Kb, max_used=18701Kb, free=230715Kb
 total_blobs=8484, nmethods=7822, adapters=564, full_count=0
Compilation: enabled, stopped_count=0, restarted_count=0

Compilation events (20 events):
Event: 14.680 Thread 0x0000018be5c97e90 10036       3       org.springframework.web.servlet.mvc.condition.AbstractRequestCondition::<init> (18 bytes)
Event: 14.680 Thread 0x0000018be5c97e90 nmethod 10036 0x0000018bcef83d88 code [0x0000018bcef83e80, 0x0000018bcef83fe8]
Event: 14.681 Thread 0x0000018be5c97e90 10037       3       org.springframework.web.util.pattern.PathPattern::getNormalizedLength (20 bytes)
Event: 14.681 Thread 0x0000018be5c97e90 nmethod 10037 0x0000018bcebff208 code [0x0000018bcebff300, 0x0000018bcebff410]
Event: 14.681 Thread 0x0000018be5c97e90 10038       3       org.springframework.web.servlet.mvc.condition.PathPatternsRequestCondition::getContent (19 bytes)
Event: 14.681 Thread 0x0000018be5c97e90 nmethod 10038 0x0000018bcec5cb08 code [0x0000018bcec5cc00, 0x0000018bcec5cd10]
Event: 14.682 Thread 0x0000018be5c97e90 10039   !   3       org.springframework.web.util.pattern.InternalPathPatternParser::createPathElement (1054 bytes)
Event: 14.684 Thread 0x0000018be5c97e90 nmethod 10039 0x0000018bcea5e388 code [0x0000018bcea5e480, 0x0000018bcea60840]
Event: 14.684 Thread 0x0000018be5c97e90 10040       3       org.springframework.web.util.pattern.SeparatorPathElement::<init> (20 bytes)
Event: 14.684 Thread 0x0000018be5c97e90 nmethod 10040 0x0000018bcec69288 code [0x0000018bcec69380, 0x0000018bcec694c0]
Event: 14.684 Thread 0x0000018be5c97e90 10042       3       jdk.proxy1.$Proxy140::<init> (6 bytes)
Event: 14.684 Thread 0x0000018be5c97e90 nmethod 10042 0x0000018bce9bab08 code [0x0000018bce9bac00, 0x0000018bce9baf68]
Event: 14.684 Thread 0x0000018be5c97e90 10041       3       java.lang.invoke.LambdaForm$MH/0x0000000082725400::invoke (39 bytes)
Event: 14.685 Thread 0x0000018be5c97e90 nmethod 10041 0x0000018bce735188 code [0x0000018bce735280, 0x0000018bce735eb0]
Event: 14.685 Thread 0x0000018be5c97e90 10043       3       org.springframework.util.ClassUtils::isAssignable (326 bytes)
Event: 14.686 Thread 0x0000018be5c97e90 nmethod 10043 0x0000018bce59a708 code [0x0000018bce59a800, 0x0000018bce59b2d8]
Event: 14.686 Thread 0x0000018be5c97e90 10044       3       java.util.concurrent.CopyOnWriteArrayList$COWIterator::next (32 bytes)
Event: 14.686 Thread 0x0000018be5c97e90 nmethod 10044 0x0000018bce9cc688 code [0x0000018bce9cc780, 0x0000018bce9ccae0]
Event: 14.687 Thread 0x0000018be5c97e90 10045       3       org.springframework.web.util.pattern.PathElement::isNoMorePattern (49 bytes)
Event: 14.687 Thread 0x0000018be5c97e90 nmethod 10045 0x0000018bcec73a08 code [0x0000018bcec73b00, 0x0000018bcec73ca8]

GC Heap Usage History (20 events):
Event: 5.019 {heap Before GC invocations=15 (full 0):
 garbage-first heap   total reserved 4147200K, committed 88064K, used 66540K [0x0000000702e00000, 0x0000000800000000)
  region size 2M, 22 eden (44M), 3 survivor (6M), 9 old (18M), 0 humongous (0M), 9 free (18M)
}
Event: 5.029 {heap After GC invocations=16 (full 0):
 garbage-first heap   total reserved 4147200K, committed 88064K, used 24343K [0x0000000702e00000, 0x0000000800000000)
  region size 2M, 0 eden (0M), 3 survivor (6M), 10 old (20M), 0 humongous (0M), 30 free (60M)
}
Event: 5.417 {heap Before GC invocations=16 (full 0):
 garbage-first heap   total reserved 4147200K, committed 88064K, used 69399K [0x0000000702e00000, 0x0000000800000000)
  region size 2M, 22 eden (44M), 3 survivor (6M), 10 old (20M), 0 humongous (0M), 8 free (16M)
}
Event: 5.426 {heap After GC invocations=17 (full 0):
 garbage-first heap   total reserved 4147200K, committed 88064K, used 28845K [0x0000000702e00000, 0x0000000800000000)
  region size 2M, 0 eden (0M), 4 survivor (8M), 11 old (22M), 0 humongous (0M), 28 free (56M)
}
Event: 6.149 {heap Before GC invocations=17 (full 0):
 garbage-first heap   total reserved 4147200K, committed 88064K, used 71853K [0x0000000702e00000, 0x0000000800000000)
  region size 2M, 21 eden (42M), 4 survivor (8M), 11 old (22M), 0 humongous (0M), 7 free (14M)
}
Event: 6.161 {heap After GC invocations=18 (full 0):
 garbage-first heap   total reserved 4147200K, committed 126976K, used 32145K [0x0000000702e00000, 0x0000000800000000)
  region size 2M, 0 eden (0M), 4 survivor (8M), 13 old (26M), 0 humongous (0M), 45 free (90M)
}
Event: 6.968 {heap Before GC invocations=18 (full 0):
 garbage-first heap   total reserved 4147200K, committed 126976K, used 99729K [0x0000000702e00000, 0x0000000800000000)
  region size 2M, 33 eden (66M), 4 survivor (8M), 13 old (26M), 0 humongous (0M), 12 free (24M)
}
Event: 6.979 {heap After GC invocations=19 (full 0):
 garbage-first heap   total reserved 4147200K, committed 126976K, used 34848K [0x0000000702e00000, 0x0000000800000000)
  region size 2M, 0 eden (0M), 3 survivor (6M), 15 old (30M), 0 humongous (0M), 44 free (88M)
}
Event: 8.019 {heap Before GC invocations=19 (full 0):
 garbage-first heap   total reserved 4147200K, committed 126976K, used 104480K [0x0000000702e00000, 0x0000000800000000)
  region size 2M, 34 eden (68M), 3 survivor (6M), 15 old (30M), 0 humongous (0M), 10 free (20M)
}
Event: 8.033 {heap After GC invocations=20 (full 0):
 garbage-first heap   total reserved 4147200K, committed 126976K, used 37135K [0x0000000702e00000, 0x0000000800000000)
  region size 2M, 0 eden (0M), 3 survivor (6M), 16 old (32M), 0 humongous (0M), 43 free (86M)
}
Event: 8.466 {heap Before GC invocations=20 (full 0):
 garbage-first heap   total reserved 4147200K, committed 126976K, used 47375K [0x0000000702e00000, 0x0000000800000000)
  region size 2M, 6 eden (12M), 3 survivor (6M), 16 old (32M), 0 humongous (0M), 37 free (74M)
}
Event: 8.475 {heap After GC invocations=21 (full 0):
 garbage-first heap   total reserved 4147200K, committed 126976K, used 37492K [0x0000000702e00000, 0x0000000800000000)
  region size 2M, 0 eden (0M), 3 survivor (6M), 16 old (32M), 0 humongous (0M), 43 free (86M)
}
Event: 9.760 {heap Before GC invocations=22 (full 0):
 garbage-first heap   total reserved 4147200K, committed 126976K, used 107124K [0x0000000702e00000, 0x0000000800000000)
  region size 2M, 34 eden (68M), 3 survivor (6M), 16 old (32M), 0 humongous (0M), 9 free (18M)
}
Event: 9.775 {heap After GC invocations=23 (full 0):
 garbage-first heap   total reserved 4147200K, committed 380928K, used 40025K [0x0000000702e00000, 0x0000000800000000)
  region size 2M, 0 eden (0M), 4 survivor (8M), 16 old (32M), 0 humongous (0M), 166 free (332M)
}
Event: 11.639 {heap Before GC invocations=23 (full 0):
 garbage-first heap   total reserved 4147200K, committed 380928K, used 259161K [0x0000000702e00000, 0x0000000800000000)
  region size 2M, 107 eden (214M), 4 survivor (8M), 16 old (32M), 0 humongous (0M), 59 free (118M)
}
Event: 11.655 {heap After GC invocations=24 (full 0):
 garbage-first heap   total reserved 4147200K, committed 380928K, used 49525K [0x0000000702e00000, 0x0000000800000000)
  region size 2M, 0 eden (0M), 9 survivor (18M), 16 old (32M), 0 humongous (0M), 161 free (322M)
}
Event: 12.716 {heap Before GC invocations=24 (full 0):
 garbage-first heap   total reserved 4147200K, committed 380928K, used 258421K [0x0000000702e00000, 0x0000000800000000)
  region size 2M, 102 eden (204M), 9 survivor (18M), 16 old (32M), 0 humongous (0M), 59 free (118M)
}
Event: 12.731 {heap After GC invocations=25 (full 0):
 garbage-first heap   total reserved 4147200K, committed 380928K, used 58107K [0x0000000702e00000, 0x0000000800000000)
  region size 2M, 0 eden (0M), 11 survivor (22M), 18 old (36M), 0 humongous (0M), 157 free (314M)
}
Event: 14.421 {heap Before GC invocations=25 (full 0):
 garbage-first heap   total reserved 4147200K, committed 380928K, used 211707K [0x0000000702e00000, 0x0000000800000000)
  region size 2M, 76 eden (152M), 11 survivor (22M), 18 old (36M), 0 humongous (0M), 81 free (162M)
}
Event: 14.436 {heap After GC invocations=26 (full 0):
 garbage-first heap   total reserved 4147200K, committed 380928K, used 64611K [0x0000000702e00000, 0x0000000800000000)
  region size 2M, 0 eden (0M), 8 survivor (16M), 25 old (50M), 0 humongous (0M), 153 free (306M)
}

Metaspace Usage History (20 events):
Event: 5.019 {metaspace Before GC invocations=15 (full 0):
 Metaspace       used 25870K, committed 26112K, reserved 1114112K
  class space    used 3093K, committed 3200K, reserved 1048576K
}
Event: 5.029 {metaspace After GC invocations=16 (full 0):
 Metaspace       used 25870K, committed 26112K, reserved 1114112K
  class space    used 3093K, committed 3200K, reserved 1048576K
}
Event: 5.417 {metaspace Before GC invocations=16 (full 0):
 Metaspace       used 27827K, committed 28160K, reserved 1114112K
  class space    used 3436K, committed 3584K, reserved 1048576K
}
Event: 5.426 {metaspace After GC invocations=17 (full 0):
 Metaspace       used 27827K, committed 28160K, reserved 1114112K
  class space    used 3436K, committed 3584K, reserved 1048576K
}
Event: 6.149 {metaspace Before GC invocations=17 (full 0):
 Metaspace       used 29992K, committed 30336K, reserved 1114112K
  class space    used 3750K, committed 3904K, reserved 1048576K
}
Event: 6.161 {metaspace After GC invocations=18 (full 0):
 Metaspace       used 29992K, committed 30336K, reserved 1114112K
  class space    used 3750K, committed 3904K, reserved 1048576K
}
Event: 6.968 {metaspace Before GC invocations=18 (full 0):
 Metaspace       used 32630K, committed 33024K, reserved 1114112K
  class space    used 4153K, committed 4288K, reserved 1048576K
}
Event: 6.979 {metaspace After GC invocations=19 (full 0):
 Metaspace       used 32630K, committed 33024K, reserved 1114112K
  class space    used 4153K, committed 4288K, reserved 1048576K
}
Event: 8.019 {metaspace Before GC invocations=19 (full 0):
 Metaspace       used 35349K, committed 35776K, reserved 1114112K
  class space    used 4510K, committed 4672K, reserved 1048576K
}
Event: 8.033 {metaspace After GC invocations=20 (full 0):
 Metaspace       used 35349K, committed 35776K, reserved 1114112K
  class space    used 4510K, committed 4672K, reserved 1048576K
}
Event: 8.466 {metaspace Before GC invocations=20 (full 0):
 Metaspace       used 35619K, committed 35968K, reserved 1114112K
  class space    used 4536K, committed 4672K, reserved 1048576K
}
Event: 8.475 {metaspace After GC invocations=21 (full 0):
 Metaspace       used 35619K, committed 35968K, reserved 1114112K
  class space    used 4536K, committed 4672K, reserved 1048576K
}
Event: 9.760 {metaspace Before GC invocations=22 (full 0):
 Metaspace       used 38016K, committed 38464K, reserved 1114112K
  class space    used 4797K, committed 4992K, reserved 1048576K
}
Event: 9.776 {metaspace After GC invocations=23 (full 0):
 Metaspace       used 38016K, committed 38464K, reserved 1114112K
  class space    used 4797K, committed 4992K, reserved 1048576K
}
Event: 11.639 {metaspace Before GC invocations=23 (full 0):
 Metaspace       used 46146K, committed 46592K, reserved 1114112K
  class space    used 5746K, committed 5952K, reserved 1048576K
}
Event: 11.655 {metaspace After GC invocations=24 (full 0):
 Metaspace       used 46146K, committed 46592K, reserved 1114112K
  class space    used 5746K, committed 5952K, reserved 1048576K
}
Event: 12.716 {metaspace Before GC invocations=24 (full 0):
 Metaspace       used 53362K, committed 53888K, reserved 1114112K
  class space    used 6490K, committed 6720K, reserved 1048576K
}
Event: 12.731 {metaspace After GC invocations=25 (full 0):
 Metaspace       used 53362K, committed 53888K, reserved 1114112K
  class space    used 6490K, committed 6720K, reserved 1048576K
}
Event: 14.421 {metaspace Before GC invocations=25 (full 0):
 Metaspace       used 59638K, committed 60096K, reserved 1114112K
  class space    used 7218K, committed 7424K, reserved 1048576K
}
Event: 14.436 {metaspace After GC invocations=26 (full 0):
 Metaspace       used 59638K, committed 60096K, reserved 1114112K
  class space    used 7218K, committed 7424K, reserved 1048576K
}

Dll operation events (20 events):
Event: 0.406 Attempting to load shared library C:\Users\hrako\.jdks\openjdk-26.0.1\bin\instrument.dll
Event: 0.406 Loaded shared library C:\Users\hrako\.jdks\openjdk-26.0.1\bin\instrument.dll
Event: 0.432 Attempting to load shared library C:\Users\hrako\.jdks\openjdk-26.0.1\bin\verify.dll
Event: 0.433 Loaded shared library C:\Users\hrako\.jdks\openjdk-26.0.1\bin\verify.dll
Event: 0.526 Attempting to load shared library C:\Users\hrako\.jdks\openjdk-26.0.1\bin\zip.dll
Event: 0.526 Loaded shared library C:\Users\hrako\.jdks\openjdk-26.0.1\bin\zip.dll
Event: 0.552 Attempting to load shared library C:\Users\hrako\.jdks\openjdk-26.0.1\bin\jimage.dll
Event: 0.553 Loaded shared library C:\Users\hrako\.jdks\openjdk-26.0.1\bin\jimage.dll
Event: 0.572 Attempting to load shared library C:\Users\hrako\.jdks\openjdk-26.0.1\bin\net.dll
Event: 0.573 Loaded shared library C:\Users\hrako\.jdks\openjdk-26.0.1\bin\net.dll
Event: 0.577 Attempting to load shared library C:\Users\hrako\.jdks\openjdk-26.0.1\bin\nio.dll
Event: 0.578 Loaded shared library C:\Users\hrako\.jdks\openjdk-26.0.1\bin\nio.dll
Event: 0.799 Attempting to load shared library C:\Users\hrako\.jdks\openjdk-26.0.1\bin\extnet.dll
Event: 0.800 Loaded shared library C:\Users\hrako\.jdks\openjdk-26.0.1\bin\extnet.dll
Event: 3.954 Attempting to load shared library C:\Users\hrako\.jdks\openjdk-26.0.1\bin\management.dll
Event: 3.955 Loaded shared library C:\Users\hrako\.jdks\openjdk-26.0.1\bin\management.dll
Event: 3.958 Attempting to load shared library C:\Users\hrako\.jdks\openjdk-26.0.1\bin\management_ext.dll
Event: 3.959 Loaded shared library C:\Users\hrako\.jdks\openjdk-26.0.1\bin\management_ext.dll
Event: 4.265 Attempting to load shared library C:\Users\hrako\.jdks\openjdk-26.0.1\bin\instrument.dll
Event: 4.265 Loaded shared library C:\Users\hrako\.jdks\openjdk-26.0.1\bin\instrument.dll

Deoptimization events (20 events):
Event: 13.903 Thread 0x0000018bc5848d80 DEOPT PACKING pc=0x0000018bd6051aec sp=0x0000008af79fc4d0
Event: 13.903 Thread 0x0000018bc5848d80 DEOPT UNPACKING pc=0x0000018bd5b32a82 sp=0x0000008af79fc400 mode 2
Event: 13.903 Thread 0x0000018bc5848d80 Uncommon trap: trap_request=0xffffff45 fr.pc=0x0000018bd615eda8 relative=0x0000000000000228
Event: 13.903 Thread 0x0000018bc5848d80 Uncommon trap: reason=unstable_if action=reinterpret pc=0x0000018bd615eda8 method=java.lang.String.startsWith(Ljava/lang/String;I)Z @ 50 c2
Event: 13.903 Thread 0x0000018bc5848d80 DEOPT PACKING pc=0x0000018bd615eda8 sp=0x0000008af79fc460
Event: 13.903 Thread 0x0000018bc5848d80 DEOPT UNPACKING pc=0x0000018bd5b32a82 sp=0x0000008af79fc400 mode 2
Event: 13.969 Thread 0x0000018bc5848d80 Uncommon trap: trap_request=0xffffff45 fr.pc=0x0000018bd63a4640 relative=0x00000000000003c0
Event: 13.969 Thread 0x0000018bc5848d80 Uncommon trap: reason=unstable_if action=reinterpret pc=0x0000018bd63a4640 method=jdk.internal.reflect.DirectMethodHandleAccessor.invokeImpl(Ljava/lang/Object;[Ljava/lang/Object;)Ljava/lang/Object; @ 4 c2
Event: 13.969 Thread 0x0000018bc5848d80 DEOPT PACKING pc=0x0000018bd63a4640 sp=0x0000008af79fbe40
Event: 13.969 Thread 0x0000018bc5848d80 DEOPT UNPACKING pc=0x0000018bd5b32a82 sp=0x0000008af79fbd70 mode 2
Event: 14.590 Thread 0x0000018bc5848d80 Uncommon trap: trap_request=0xffffff3d fr.pc=0x0000018bd61e64e8 relative=0x0000000000000068
Event: 14.590 Thread 0x0000018bc5848d80 Uncommon trap: reason=unstable_fused_if action=reinterpret pc=0x0000018bd61e64e8 method=java.lang.CharacterDataLatin1.equalsIgnoreCase(BB)Z @ 16 c2
Event: 14.590 Thread 0x0000018bc5848d80 DEOPT PACKING pc=0x0000018bd61e64e8 sp=0x0000008af79fbc80
Event: 14.590 Thread 0x0000018bc5848d80 DEOPT UNPACKING pc=0x0000018bd5b32a82 sp=0x0000008af79fbc00 mode 2
Event: 14.613 Thread 0x0000018bc5848d80 Uncommon trap: trap_request=0xfffffff4 fr.pc=0x0000018bd63bd7c8 relative=0x00000000000003c8
Event: 14.613 Thread 0x0000018bc5848d80 Uncommon trap: reason=null_check action=make_not_entrant pc=0x0000018bd63bd7c8 method=sun.invoke.util.VerifyType.isNullConversion(Ljava/lang/Class;Ljava/lang/Class;Z)Z @ 67 c2
Event: 14.613 Thread 0x0000018bc5848d80 DEOPT PACKING pc=0x0000018bd63bd7c8 sp=0x0000008af79fb5e0
Event: 14.613 Thread 0x0000018bc5848d80 DEOPT UNPACKING pc=0x0000018bd5b32a82 sp=0x0000008af79fb560 mode 2
Event: 14.660 Thread 0x0000018bc5848d80 DEOPT PACKING pc=0x0000018bceb87bf0 sp=0x0000008af79fbc60
Event: 14.660 Thread 0x0000018bc5848d80 DEOPT UNPACKING pc=0x0000018bd5a61a02 sp=0x0000008af79fb0f0 mode 0

Classes loaded (20 events):
Event: 14.627 Loading class javax/money/MonetaryAmount
Event: 14.627 Loading class javax/money/MonetaryAmount done
Event: 14.628 Loading class org/joda/time/ReadableInstant
Event: 14.628 Loading class org/joda/time/ReadableInstant done
Event: 14.658 Loading class com/fasterxml/jackson/datatype/jdk8/Jdk8Module
Event: 14.658 Loading class com/fasterxml/jackson/datatype/jdk8/Jdk8Module done
Event: 14.658 Loading class com/fasterxml/jackson/module/paramnames/ParameterNamesModule
Event: 14.658 Loading class com/fasterxml/jackson/module/paramnames/ParameterNamesModule done
Event: 14.661 Loading class javax/money/MonetaryAmount
Event: 14.661 Loading class javax/money/MonetaryAmount done
Event: 14.661 Loading class org/joda/time/ReadableInstant
Event: 14.661 Loading class org/joda/time/ReadableInstant done
Event: 14.676 Loading class com/fasterxml/jackson/datatype/jdk8/Jdk8Module
Event: 14.676 Loading class com/fasterxml/jackson/datatype/jdk8/Jdk8Module done
Event: 14.676 Loading class com/fasterxml/jackson/module/paramnames/ParameterNamesModule
Event: 14.676 Loading class com/fasterxml/jackson/module/paramnames/ParameterNamesModule done
Event: 14.678 Loading class javax/money/MonetaryAmount
Event: 14.678 Loading class javax/money/MonetaryAmount done
Event: 14.678 Loading class org/joda/time/ReadableInstant
Event: 14.678 Loading class org/joda/time/ReadableInstant done

Classes unloaded (12 events):
Event: 3.889 Thread 0x0000018be5c56480 Unloading class 0x00000000820c4800 'java/lang/invoke/LambdaForm$DMH+0x00000000820c4800'
Event: 14.478 Thread 0x0000018be5c56480 Unloading class 0x000000008246fc00 'java/lang/invoke/LambdaForm$MH+0x000000008246fc00'
Event: 14.478 Thread 0x0000018be5c56480 Unloading class 0x000000008246f800 'java/lang/invoke/LambdaForm$MH+0x000000008246f800'
Event: 14.478 Thread 0x0000018be5c56480 Unloading class 0x000000008246f400 'java/lang/invoke/LambdaForm$MH+0x000000008246f400'
Event: 14.478 Thread 0x0000018be5c56480 Unloading class 0x000000008246ec00 'java/lang/invoke/LambdaForm$BMH+0x000000008246ec00'
Event: 14.478 Thread 0x0000018be5c56480 Unloading class 0x000000008246e800 'java/lang/invoke/LambdaForm$DMH+0x000000008246e800'
Event: 14.478 Thread 0x0000018be5c56480 Unloading class 0x000000008246d400 'java/lang/invoke/LambdaForm$MH+0x000000008246d400'
Event: 14.478 Thread 0x0000018be5c56480 Unloading class 0x000000008246d000 'java/lang/invoke/LambdaForm$MH+0x000000008246d000'
Event: 14.478 Thread 0x0000018be5c56480 Unloading class 0x000000008246cc00 'java/lang/invoke/LambdaForm$DMH+0x000000008246cc00'
Event: 14.478 Thread 0x0000018be5c56480 Unloading class 0x000000008246c800 'java/lang/invoke/LambdaForm$MH+0x000000008246c800'
Event: 14.478 Thread 0x0000018be5c56480 Unloading class 0x000000008246c400 'java/lang/invoke/LambdaForm$DMH+0x000000008246c400'
Event: 14.478 Thread 0x0000018be5c56480 Unloading class 0x000000008246c000 'java/lang/invoke/LambdaForm$DMH+0x000000008246c000'

Classes redefined (20 events):
Event: 8.127 Thread 0x0000018be5c56480 redefined class name=org.springframework.core.AttributeAccessor, count=2
Event: 8.127 Thread 0x0000018be5c56480 redefined class name=org.springframework.core.AttributeAccessorSupport, count=2
Event: 8.198 Thread 0x0000018be5c56480 redefined class name=org.springframework.batch.core.step.StepExecution, count=3
Event: 8.272 Thread 0x0000018be5c56480 redefined class name=java.lang.Iterable, count=2
Event: 8.272 Thread 0x0000018be5c56480 redefined class name=org.springframework.batch.core.job.parameters.JobParameters, count=3
Event: 8.512 Thread 0x0000018be5c56480 redefined class name=fr.natsystem.projet.model.AdresseKey, count=3
Event: 8.628 Thread 0x0000018be5c56480 redefined class name=javax.sql.DataSource, count=2
Event: 8.628 Thread 0x0000018be5c56480 redefined class name=java.sql.Wrapper, count=2
Event: 8.628 Thread 0x0000018be5c56480 redefined class name=javax.sql.CommonDataSource, count=2
Event: 8.787 Thread 0x0000018be5c56480 redefined class name=org.springframework.batch.core.listener.SkipListener, count=2
Event: 8.787 Thread 0x0000018be5c56480 redefined class name=org.springframework.batch.core.listener.StepListener, count=2
Event: 8.787 Thread 0x0000018be5c56480 redefined class name=fr.natsystem.projet.batch.listener.AdresseSkipListener, count=2
Event: 8.823 Thread 0x0000018be5c56480 redefined class name=fr.natsystem.projet.batch.listener.DvfSkipListener, count=2
Event: 9.133 Thread 0x0000018be5c56480 redefined class name=fr.natsystem.projet.services.FileDownloadService, count=2
Event: 9.277 Thread 0x0000018be5c56480 redefined class name=java.sql.ResultSet, count=2
Event: 9.277 Thread 0x0000018be5c56480 redefined class name=java.lang.AutoCloseable, count=2
Event: 10.548 Thread 0x0000018be5c56480 redefined class name=fr.natsystem.projet.services.AdresseService, count=2
Event: 10.580 Thread 0x0000018be5c56480 redefined class name=fr.natsystem.projet.services.TarifCommuneService, count=2
Event: 10.609 Thread 0x0000018be5c56480 redefined class name=fr.natsystem.projet.services.ContourCommuneService, count=2
Event: 13.195 Thread 0x0000018be5c56480 redefined class name=fr.natsystem.projet.model.TarifCommune, count=3

Internal exceptions (20 events):
Event: 14.032 Thread 0x0000018bc5848d80 Exception <a 'java/lang/IncompatibleClassChangeError'{0x000000071216aec0}: Found class java.lang.Object, but interface was expected> (0x000000071216aec0) 
thrown [s\open\src\hotspot\share\interpreter\linkResolver.cpp, line 871]
Event: 14.033 Thread 0x0000018bc5848d80 Exception <a 'java/lang/IncompatibleClassChangeError'{0x000000071216d518}: Found class java.lang.Object, but interface was expected> (0x000000071216d518) 
thrown [s\open\src\hotspot\share\interpreter\linkResolver.cpp, line 871]
Event: 14.042 Thread 0x0000018bc5848d80 Exception <a 'java/lang/IncompatibleClassChangeError'{0x0000000711e0ca98}: Found class java.lang.Object, but interface was expected> (0x0000000711e0ca98) 
thrown [s\open\src\hotspot\share\interpreter\linkResolver.cpp, line 871]
Event: 14.050 Thread 0x0000018bc5848d80 Exception <a 'java/lang/IncompatibleClassChangeError'{0x0000000711ea42d8}: Found class java.lang.Object, but interface was expected> (0x0000000711ea42d8) 
thrown [s\open\src\hotspot\share\interpreter\linkResolver.cpp, line 871]
Event: 14.095 Thread 0x0000018bc5848d80 Exception <a 'java/lang/IncompatibleClassChangeError'{0x0000000711c33ca0}: Found class java.lang.Object, but interface was expected> (0x0000000711c33ca0) 
thrown [s\open\src\hotspot\share\interpreter\linkResolver.cpp, line 871]
Event: 14.095 Thread 0x0000018bc5848d80 Exception <a 'java/lang/IncompatibleClassChangeError'{0x0000000711c35e00}: Found class java.lang.Object, but interface was expected> (0x0000000711c35e00) 
thrown [s\open\src\hotspot\share\interpreter\linkResolver.cpp, line 871]
Event: 14.098 Thread 0x0000018bc5848d80 Exception <a 'java/lang/IncompatibleClassChangeError'{0x0000000711c3f160}: Found class java.lang.Object, but interface was expected> (0x0000000711c3f160) 
thrown [s\open\src\hotspot\share\interpreter\linkResolver.cpp, line 871]
Event: 14.100 Thread 0x0000018bc5848d80 Exception <a 'java/lang/IncompatibleClassChangeError'{0x0000000711c4a270}: Found class java.lang.Object, but interface was expected> (0x0000000711c4a270) 
thrown [s\open\src\hotspot\share\interpreter\linkResolver.cpp, line 871]
Event: 14.278 Thread 0x0000018bc5848d80 Exception <a 'java/lang/IncompatibleClassChangeError'{0x0000000711499900}: Found class java.lang.Object, but interface was expected> (0x0000000711499900) 
thrown [s\open\src\hotspot\share\interpreter\linkResolver.cpp, line 871]
Event: 14.278 Thread 0x0000018bc5848d80 Exception <a 'java/lang/IncompatibleClassChangeError'{0x000000071149ba60}: Found class java.lang.Object, but interface was expected> (0x000000071149ba60) 
thrown [s\open\src\hotspot\share\interpreter\linkResolver.cpp, line 871]
Event: 14.281 Thread 0x0000018bc5848d80 Exception <a 'java/lang/IncompatibleClassChangeError'{0x00000007114a4dc0}: Found class java.lang.Object, but interface was expected> (0x00000007114a4dc0) 
thrown [s\open\src\hotspot\share\interpreter\linkResolver.cpp, line 871]
Event: 14.284 Thread 0x0000018bc5848d80 Exception <a 'java/lang/IncompatibleClassChangeError'{0x00000007114afed0}: Found class java.lang.Object, but interface was expected> (0x00000007114afed0) 
thrown [s\open\src\hotspot\share\interpreter\linkResolver.cpp, line 871]
Event: 14.612 Thread 0x0000018bc5848d80 Exception <a 'java/lang/NoSuchMethodError'{0x00000007199b7788}: 'java.lang.Object java.lang.invoke.DirectMethodHandle$Holder.invokeVirtual(java.lang.Object, java.lang.Object, double, double)'> (0x00000007199b7788) 
thrown [s\open\src\hotspot\share\interpreter\linkResolver.cpp, line 804]
Event: 14.613 Thread 0x0000018bc5848d80 Implicit null exception at 0x0000018bd63bd4a4 to 0x0000018bd63bd7b4
Event: 14.613 Thread 0x0000018bc5848d80 Exception <a 'java/lang/NoSuchMethodError'{0x00000007199c0648}: 'java.lang.Object java.lang.invoke.DirectMethodHandle$Holder.invokeSpecial(java.lang.Object, java.lang.Object, java.lang.Object, double, double)'> (0x00000007199c0648) 
thrown [s\open\src\hotspot\share\interpreter\linkResolver.cpp, line 804]
Event: 14.613 Thread 0x0000018bc5848d80 Exception <a 'java/lang/NoSuchMethodError'{0x00000007199c8eb0}: 'java.lang.Object java.lang.invoke.DelegatingMethodHandle$Holder.reinvoke_L(java.lang.Object, java.lang.Object, double, double)'> (0x00000007199c8eb0) 
thrown [s\open\src\hotspot\share\interpreter\linkResolver.cpp, line 804]
Event: 14.650 Thread 0x0000018bc5848d80 Exception <a 'java/lang/IncompatibleClassChangeError'{0x00000007196ff100}: Found class java.lang.Object, but interface was expected> (0x00000007196ff100) 
thrown [s\open\src\hotspot\share\interpreter\linkResolver.cpp, line 871]
Event: 14.650 Thread 0x0000018bc5848d80 Exception <a 'java/lang/IncompatibleClassChangeError'{0x0000000719701f10}: Found class java.lang.Object, but interface was expected> (0x0000000719701f10) 
thrown [s\open\src\hotspot\share\interpreter\linkResolver.cpp, line 871]
Event: 14.652 Thread 0x0000018bc5848d80 Exception <a 'java/lang/IncompatibleClassChangeError'{0x000000071970b270}: Found class java.lang.Object, but interface was expected> (0x000000071970b270) 
thrown [s\open\src\hotspot\share\interpreter\linkResolver.cpp, line 871]
Event: 14.654 Thread 0x0000018bc5848d80 Exception <a 'java/lang/IncompatibleClassChangeError'{0x0000000719716380}: Found class java.lang.Object, but interface was expected> (0x0000000719716380) 
thrown [s\open\src\hotspot\share\interpreter\linkResolver.cpp, line 871]

VM Operations (20 events):
Event: 11.828 Executing non-safepoint VM operation: HandshakeAllThreads (Deoptimize)
Event: 11.828 Executing non-safepoint VM operation: HandshakeAllThreads (Deoptimize) done
Event: 12.716 Executing safepoint VM operation: G1CollectForAllocation (G1 Evacuation Pause)
Event: 12.731 Executing safepoint VM operation: G1CollectForAllocation (G1 Evacuation Pause) done
Event: 12.890 Executing non-safepoint VM operation: HandshakeAllThreads (Deoptimize)
Event: 12.890 Executing non-safepoint VM operation: HandshakeAllThreads (Deoptimize) done
Event: 13.175 Executing safepoint VM operation: RedefineClasses
Event: 13.217 Executing safepoint VM operation: RedefineClasses done
Event: 13.460 Executing non-safepoint VM operation: HandshakeAllThreads (Deoptimize)
Event: 13.460 Executing non-safepoint VM operation: HandshakeAllThreads (Deoptimize) done
Event: 13.550 Executing non-safepoint VM operation: HandshakeAllThreads (Deoptimize)
Event: 13.550 Executing non-safepoint VM operation: HandshakeAllThreads (Deoptimize) done
Event: 14.387 Executing non-safepoint VM operation: HandshakeAllThreads (Deoptimize)
Event: 14.387 Executing non-safepoint VM operation: HandshakeAllThreads (Deoptimize) done
Event: 14.421 Executing safepoint VM operation: CollectForMetadataAllocation (Metadata GC Threshold)
Event: 14.436 Executing safepoint VM operation: CollectForMetadataAllocation (Metadata GC Threshold) done
Event: 14.477 Executing safepoint VM operation: G1PauseRemark
Event: 14.489 Executing safepoint VM operation: G1PauseRemark done
Event: 14.508 Executing safepoint VM operation: G1PauseCleanup
Event: 14.508 Executing safepoint VM operation: G1PauseCleanup done

Memory protections (0 events):
No events

Nmethod flushes (20 events):
Event: 14.488 Thread 0x0000018be5c56480 flushing  nmethod 0x0000018bcee52788
Event: 14.488 Thread 0x0000018be5c56480 flushing  nmethod 0x0000018bcee52c08
Event: 14.488 Thread 0x0000018be5c56480 flushing  nmethod 0x0000018bcee53388
Event: 14.488 Thread 0x0000018be5c56480 flushing  nmethod 0x0000018bcee53788
Event: 14.488 Thread 0x0000018be5c56480 flushing  nmethod 0x0000018bcee7e208
Event: 14.488 Thread 0x0000018be5c56480 flushing  nmethod 0x0000018bcee7ee08
Event: 14.488 Thread 0x0000018be5c56480 flushing  nmethod 0x0000018bceebd408
Event: 14.488 Thread 0x0000018be5c56480 flushing  nmethod 0x0000018bceebe688
Event: 14.488 Thread 0x0000018be5c56480 flushing  nmethod 0x0000018bceebec88
Event: 14.488 Thread 0x0000018be5c56480 flushing  nmethod 0x0000018bceec0288
Event: 14.488 Thread 0x0000018be5c56480 flushing  nmethod 0x0000018bceec0d88
Event: 14.488 Thread 0x0000018be5c56480 flushing  nmethod 0x0000018bcef3d508
Event: 14.488 Thread 0x0000018be5c56480 flushing  nmethod 0x0000018bcef3ed08
Event: 14.488 Thread 0x0000018be5c56480 flushing  nmethod 0x0000018bcef3f588
Event: 14.488 Thread 0x0000018be5c56480 flushing  nmethod 0x0000018bcef3f888
Event: 14.488 Thread 0x0000018be5c56480 flushing  nmethod 0x0000018bcef42708
Event: 14.488 Thread 0x0000018be5c56480 flushing  nmethod 0x0000018bcef43108
Event: 14.488 Thread 0x0000018be5c56480 flushing  nmethod 0x0000018bcef62388
Event: 14.488 Thread 0x0000018be5c56480 flushing  nmethod 0x0000018bcef62688
Event: 14.488 Thread 0x0000018be5c56480 flushing  nmethod 0x0000018bcef62988

Events (20 events):
Event: 0.080 Thread 0x0000018bc5848d80 Thread added: 0x0000018be5c69700
Event: 0.080 Thread 0x0000018bc5848d80 Thread added: 0x0000018be5c6a150
Event: 0.080 Thread 0x0000018bc5848d80 Thread added: 0x0000018be5c6eb50
Event: 0.080 Thread 0x0000018bc5848d80 Thread added: 0x0000018be5c70a70
Event: 0.080 Thread 0x0000018bc5848d80 Thread added: 0x0000018be5c755c0
Event: 0.081 Thread 0x0000018bc5848d80 Thread added: 0x0000018be5c76e10
Event: 0.081 Thread 0x0000018bc5848d80 Thread added: 0x0000018be5c775c0
Event: 0.081 Thread 0x0000018bc5848d80 Thread added: 0x0000018be5c97e90
Event: 0.391 Thread 0x0000018be5c97e90 Thread added: 0x0000018bea174f00
Event: 0.423 Thread 0x0000018bc5848d80 Thread added: 0x0000018bea1a7f70
Event: 0.463 Thread 0x0000018bc5848d80 Thread added: 0x0000018bea450080
Event: 0.750 Thread 0x0000018bc5848d80 Thread added: 0x0000018beab664a0
Event: 0.750 Thread 0x0000018bc5848d80 Thread added: 0x0000018bea79d940
Event: 1.644 Thread 0x0000018be5c97e90 Thread added: 0x0000018bebdaa530
Event: 4.269 Thread 0x0000018bebdaa530 Thread exited: 0x0000018bebdaa530
Event: 4.295 Thread 0x0000018bea174f00 Thread exited: 0x0000018bea174f00
Event: 4.323 Thread 0x0000018be5c775c0 Thread added: 0x0000018beefd96c0
Event: 4.338 Thread 0x0000018be5c97e90 Thread added: 0x0000018beefd6660
Event: 12.379 Thread 0x0000018beefd6660 Thread exited: 0x0000018beefd6660
Event: 12.541 Thread 0x0000018be5c97e90 Thread added: 0x0000018bead61cb0


Dynamic libraries:
0x00007ff7a2ac0000 - 0x00007ff7a2ace000 	C:\Users\hrako\.jdks\openjdk-26.0.1\bin\java.exe
0x00007ffbd7ee0000 - 0x00007ffbd8146000 	C:\WINDOWS\SYSTEM32\ntdll.dll
0x00007ffbd6bb0000 - 0x00007ffbd6c79000 	C:\WINDOWS\System32\KERNEL32.DLL
0x00007ffbd50f0000 - 0x00007ffbd54ef000 	C:\WINDOWS\System32\KERNELBASE.dll
0x00007ffbd5660000 - 0x00007ffbd57ac000 	C:\WINDOWS\System32\ucrtbase.dll
0x00007ffbc8f20000 - 0x00007ffbc8f37000 	C:\Users\hrako\.jdks\openjdk-26.0.1\bin\jli.dll
0x00007ffbc95b0000 - 0x00007ffbc95ce000 	C:\Users\hrako\.jdks\openjdk-26.0.1\bin\VCRUNTIME140.dll
0x00007ffbd6c80000 - 0x00007ffbd6e46000 	C:\WINDOWS\System32\USER32.dll
0x00007ffbd5500000 - 0x00007ffbd5527000 	C:\WINDOWS\System32\win32u.dll
0x00007ffbb6430000 - 0x00007ffbb66c1000 	C:\WINDOWS\WinSxS\amd64_microsoft.windows.common-controls_6595b64144ccf1df_6.0.26100.8972_none_3e0da176e32f9d4b\COMCTL32.dll
0x00007ffbd63c0000 - 0x00007ffbd63eb000 	C:\WINDOWS\System32\GDI32.dll
0x00007ffbd5530000 - 0x00007ffbd5659000 	C:\WINDOWS\System32\gdi32full.dll
0x00007ffbd6ae0000 - 0x00007ffbd6b89000 	C:\WINDOWS\System32\msvcrt.dll
0x00007ffbd59e0000 - 0x00007ffbd5a83000 	C:\WINDOWS\System32\msvcp_win.dll
0x00007ffbd6e50000 - 0x00007ffbd6e82000 	C:\WINDOWS\System32\IMM32.DLL
0x00007ffbcd9a0000 - 0x00007ffbcd9ac000 	C:\Users\hrako\.jdks\openjdk-26.0.1\bin\vcruntime140_1.dll
0x00007ffbadbb0000 - 0x00007ffbadc3d000 	C:\Users\hrako\.jdks\openjdk-26.0.1\bin\msvcp140.dll
0x00007ffb5e670000 - 0x00007ffb5f53e000 	C:\Users\hrako\.jdks\openjdk-26.0.1\bin\server\jvm.dll
0x00007ffbd6120000 - 0x00007ffbd61dc000 	C:\WINDOWS\System32\ADVAPI32.dll
0x00007ffbd62d0000 - 0x00007ffbd637a000 	C:\WINDOWS\System32\sechost.dll
0x00007ffbd6e90000 - 0x00007ffbd6fa8000 	C:\WINDOWS\System32\RPCRT4.dll
0x00007ffbd70b0000 - 0x00007ffbd7132000 	C:\WINDOWS\System32\WS2_32.dll
0x00007ffbd4f50000 - 0x00007ffbd4fae000 	C:\WINDOWS\SYSTEM32\POWRPROF.dll
0x00007ffbc7c90000 - 0x00007ffbc7c9b000 	C:\WINDOWS\SYSTEM32\VERSION.dll
0x00007ffbbb910000 - 0x00007ffbbb946000 	C:\WINDOWS\SYSTEM32\WINMM.dll
0x00007ffbd4f30000 - 0x00007ffbd4f45000 	C:\WINDOWS\SYSTEM32\UMPDC.dll
0x00007ffbd3da0000 - 0x00007ffbd3dbb000 	C:\WINDOWS\SYSTEM32\kernel.appcore.dll
0x00007ffbc9be0000 - 0x00007ffbc9bea000 	C:\Users\hrako\.jdks\openjdk-26.0.1\bin\jimage.dll
0x00007ffbd21c0000 - 0x00007ffbd2402000 	C:\WINDOWS\SYSTEM32\DBGHELP.DLL
0x00007ffbd7140000 - 0x00007ffbd74c5000 	C:\WINDOWS\System32\combase.dll
0x00007ffbd63f0000 - 0x00007ffbd64c9000 	C:\WINDOWS\System32\OLEAUT32.dll
0x00007ffbc11e0000 - 0x00007ffbc121b000 	C:\WINDOWS\SYSTEM32\dbgcore.DLL
0x00007ffbd5a90000 - 0x00007ffbd5b3c000 	C:\WINDOWS\System32\bcryptPrimitives.dll
0x00007ffbc09d0000 - 0x00007ffbc09e0000 	C:\Users\hrako\.jdks\openjdk-26.0.1\bin\instrument.dll
0x00007ffbc0430000 - 0x00007ffbc044f000 	C:\Users\hrako\.jdks\openjdk-26.0.1\bin\java.dll
0x00007ffbd5e80000 - 0x00007ffbd6019000 	C:\WINDOWS\System32\ole32.dll
0x00007ffbd74f0000 - 0x00007ffbd7c78000 	C:\WINDOWS\System32\SHELL32.dll
0x00007ffbbd250000 - 0x00007ffbbd267000 	C:\Users\hrako\.jdks\openjdk-26.0.1\bin\zip.dll
0x00007ffbd27c0000 - 0x00007ffbd305b000 	C:\WINDOWS\SYSTEM32\windows.storage.dll
0x00007ffbd6fb0000 - 0x00007ffbd70a9000 	C:\WINDOWS\System32\SHCORE.dll
0x00007ffbd7c90000 - 0x00007ffbd7cf6000 	C:\WINDOWS\System32\shlwapi.dll
0x00007ffbd5010000 - 0x00007ffbd5039000 	C:\WINDOWS\SYSTEM32\profapi.dll
0x00007ffbc8f10000 - 0x00007ffbc8f20000 	C:\Users\hrako\.jdks\openjdk-26.0.1\bin\verify.dll
0x00007ffbbeac0000 - 0x00007ffbbead2000 	C:\Users\hrako\.jdks\openjdk-26.0.1\bin\net.dll
0x00007ffbd4330000 - 0x00007ffbd439c000 	C:\WINDOWS\system32\mswsock.dll
0x00007ffbbe540000 - 0x00007ffbbe556000 	C:\Users\hrako\.jdks\openjdk-26.0.1\bin\nio.dll
0x00007ffbbaf90000 - 0x00007ffbbaf99000 	C:\Users\hrako\.jdks\openjdk-26.0.1\bin\extnet.dll
0x00007ffbd46d0000 - 0x00007ffbd46eb000 	C:\WINDOWS\SYSTEM32\CRYPTSP.dll
0x00007ffbd3d00000 - 0x00007ffbd3d39000 	C:\WINDOWS\system32\rsaenh.dll
0x00007ffbd43e0000 - 0x00007ffbd4412000 	C:\WINDOWS\SYSTEM32\USERENV.dll
0x00007ffbd4fe0000 - 0x00007ffbd500a000 	C:\WINDOWS\SYSTEM32\bcrypt.dll
0x00007ffbd4590000 - 0x00007ffbd459c000 	C:\WINDOWS\SYSTEM32\CRYPTBASE.dll
0x00007ffbd3580000 - 0x00007ffbd35b3000 	C:\WINDOWS\SYSTEM32\IPHLPAPI.DLL
0x00007ffbd6380000 - 0x00007ffbd638a000 	C:\WINDOWS\System32\NSI.dll
0x00007ffbc0410000 - 0x00007ffbc041a000 	C:\Users\hrako\.jdks\openjdk-26.0.1\bin\management.dll
0x00007ffbbbf00000 - 0x00007ffbbbf0c000 	C:\Users\hrako\.jdks\openjdk-26.0.1\bin\management_ext.dll
0x00007ffbd64d0000 - 0x00007ffbd64d8000 	C:\WINDOWS\System32\PSAPI.DLL

JVMTI agents:
C:\Users\hrako\AppData\Local\JetBrains\IntelliJIdea2025.2\captureAgent\debugger-agent.jar path:C:\Users\hrako\.jdks\openjdk-26.0.1\bin\instrument.dll, loaded, initialized, instrumentlib options:file:///C:/Users/hrako/AppData/Local/Temp/capture3299300198928938780.props
C:\Users\hrako\AppData\Local\JetBrains\IntelliJIdea2025.2\testAgent\intellij.platform.coverage.agent.jar path:C:\Users\hrako\.jdks\openjdk-26.0.1\bin\instrument.dll, loaded, initialized, instrumentlib options:C:\Users\hrako\AppData\Local\Temp\coverage1790args
C:\Program Files\JetBrains\IntelliJ IDEA 2025.2.5\lib\idea_rt.jar path:C:\Users\hrako\.jdks\openjdk-26.0.1\bin\instrument.dll, loaded, initialized, instrumentlib options:56285
C:\Users\hrako\.m2\repository\net\bytebuddy\byte-buddy-agent\1.18.10\byte-buddy-agent-1.18.10.jar path:C:\Users\hrako\.jdks\openjdk-26.0.1\bin\instrument.dll, loaded, initialized, dynamic instrumentlib options:none

dbghelp: loaded successfully - version: 4.0.5 - missing functions: none
symbol engine: initialized successfully - sym options: 0x614 - pdb path: .;C:\Users\hrako\.jdks\openjdk-26.0.1\bin;C:\WINDOWS\SYSTEM32;C:\WINDOWS\WinSxS\amd64_microsoft.windows.common-controls_6595b64144ccf1df_6.0.26100.8972_none_3e0da176e32f9d4b;C:\Users\hrako\.jdks\openjdk-26.0.1\bin\server

VM Arguments:
jvm_args: -javaagent:C:\Users\hrako\AppData\Local\JetBrains\IntelliJIdea2025.2\captureAgent\debugger-agent.jar=file:///C:/Users/hrako/AppData/Local/Temp/capture3299300198928938780.props -ea -javaagent:C:\Users\hrako\AppData\Local\JetBrains\IntelliJIdea2025.2\testAgent\intellij.platform.coverage.agent.jar=C:\Users\hrako\AppData\Local\Temp\coverage1790args -Didea.coverage.calculate.hits=true -Didea.test.cyclic.buffer.size=1048576 -javaagent:C:\Program Files\JetBrains\IntelliJ IDEA 2025.2.5\lib\idea_rt.jar=56285 -Dkotlinx.coroutines.debug.enable.creation.stack.trace=false -Ddebugger.agent.enable.coroutines=true -Dkotlinx.coroutines.debug.enable.flows.stack.trace=true -Dkotlinx.coroutines.debug.enable.mutable.state.flows.stack.trace=true -Dfile.encoding=UTF-8 -Dsun.stdout.encoding=UTF-8 -Dsun.stderr.encoding=UTF-8 
java_command: com.intellij.rt.junit.JUnitStarter -ideVersion5 -junit6 @w@C:\Users\hrako\AppData\Local\Temp\idea_working_dirs_junit.tmp @C:\Users\hrako\AppData\Local\Temp\idea_junit.tmp -socket56284
java_class_path (initial): C:\Users\hrako\.m2\repository\org\junit\platform\junit-platform-launcher\6.0.3\junit-platform-launcher-6.0.3.jar;C:\Program Files\JetBrains\IntelliJ IDEA 2025.2.5\lib\idea_rt.jar;C:\Program Files\JetBrains\IntelliJ IDEA 2025.2.5\plugins\junit\lib\junit6-rt.jar;C:\Program Files\JetBrains\IntelliJ IDEA 2025.2.5\plugins\junit\lib\junit5-rt.jar;C:\Program Files\JetBrains\IntelliJ IDEA 2025.2.5\plugins\junit\lib\junit-rt.jar;C:\Users\hrako\eclipse-workspace\projet_spring_angular\Adresse_Api_Spring\target\test-classes;C:\Users\hrako\eclipse-workspace\projet_spring_angular\Adresse_Api_Spring\target\classes;C:\Users\hrako\.m2\repository\org\springframework\boot\spring-boot-starter-batch\4.1.0\spring-boot-starter-batch-4.1.0.jar;C:\Users\hrako\.m2\repository\org\springframework\boot\spring-boot-starter\4.1.0\spring-boot-starter-4.1.0.jar;C:\Users\hrako\.m2\repository\org\springframework\boot\spring-boot-starter-logging\4.1.0\spring-boot-starter-logging-4.1.0.jar;C:\Users\hrako\.m2\repository\ch\qos\logback\logback-classic\1.5.34\logback-classic-1.5.34.jar;C:\Users\hrako\.m2\repository\ch\qos\logback\logback-core\1.5.34\logback-core-1.5.34.jar;C:\Users\hrako\.m2\repository\org\apache\logging\log4j\log4j-to-slf4j\2.25.4\log4j-to-slf4j-2.25.4.jar;C:\Users\hrako\.m2\repository\org\apache\logging\log4j\log4j-api\2.25.4\log4j-api-2.25.4.jar;C:\Users\hrako\.m2\repository\org\slf4j\jul-to-slf4j\2.0.18\jul-to-slf4j-2.0.18.jar;C:\Users\hrako\.m2\repository\org\springframework\boot\spring-boot-autoconfigure\4.1.0\spring-boot-autoconfigure-4.1.0.jar;C:\Users\hrako\.m2\repository\jakarta\annotation\jakarta.annotation-api\3.0.0\jakarta.annotation-api-3.0.0.jar;C:\Users\hrako\.m2\repository\org\yaml\snakeyaml\2.6\snakeyaml-2.6.jar;C:\Users\hrako\.m2\repository\org\springframework\boot\spring-boot-batch\4.1.0\spring-boot-batch-4.1.0.jar;C:\Users\hrako\.m2\repository\org\springframework\boot\spring-boot\4.1.0\spring-boot-4.1.0.jar;C:\Users\hrako\.m2\repository\org\postgresql\postgresql\42.7.11\postgresql-42.7.11.jar;C:\Users\hrako\.m2\repository\org\springframework\boot\spring-boot-starter-data-jpa\4.1.0\spring-boot-starter-data-jpa-4.1.0.jar;C:\Users\hrako\.m2\repository\org\springframework\boot\spring-boot-starter-jdbc\4.1.0\spring-boot-starter-jdbc-4.1.0.jar;C:\Users\hrako\.m2\repository\com\zaxxer\HikariCP\7.0.2\HikariCP-7.0.2.jar;C:\Users\hrako\.m2\repository\org\springframework\boot\spring-boot-data-jpa\4.1.0\spring-boot-data-jpa-4.1.0.jar;C:\Users\hrako\.m2\repository\org\springframework\boot\spring-boot-data-commons\4.1.0\spring-boot-data-commons-4.1.0.jar;C:\Users\hrako\.m2\repository\org\springframework\boot\spring-boot-persistence\4.1.0\spring-boot-persistence-4.1.0.jar;C:\Users\hrako\.m2\repository\org\springframework\data\spring-data-commons\4.1.0\spring-data-commons-4.1.0.jar;C:\Users\hrako\.m2\repository\org\springframework\boot\spring-boot-hibernate\4.1.0\spring-boot-hibernate-4.1.0.jar;C:\Users\hrako\.m2\repository\org\springframework\boot\spring-boot-jpa\4.1.0\spring-boot-jpa-4.1.0.jar;C:\Users\hrako\.m2\repository\org\springframework\spring-orm\7.0.8\spring-orm-7.0.8.jar;C:\Users\hrako\.m2\repository\org\springframework\data\spring-data-jpa\4.1.0\spring-data-jpa-4.1.0.jar;C:\Users\hrako\.m2\repository\org\springframework\spring-aspects\7.0.8\spring-aspects-7.0.8.jar;C:\Users\hrako\.m2\repository\org\aspectj\aspectjweaver\1.9.25.1\aspectjweaver-1.9.25.1.jar;C:\Users\hrako\.m2\repository\org\springframework\boot\spring-boot-jdbc\4.1.0\spring-boot-jdbc-4.1.0.jar;C:\Users\hrako\.m2\repository\org\springframework\boot\spring-boot-sql\4.1.0\spring-boot-sql-4.1.0.jar;C:\Users\hrako\.m2\repository\org\springframework\boot\spring-boot-transaction\4.1.0\spring-boot-transaction-4.1.0.jar;C:\Users\hrako\.m2\repository\org\projectlombok\lombok\1.18.46\lombok-1.18.46.jar;C:\Users\hrako\.m2\repository\org\springframework\boot\spring-boot-starter-batch-test\4.1.0\spring-boot-starter-batch-test-4.1.0.jar;C:\Users\hrako\.m2\repository\org\springframework\batch\spring-batch-test\6.0.4\spring-batch-test-6.0.4.jar;C:\Users\hrako\.m2\repository\org\springframework\spring-jdbc\7.0.8\spring-jdbc-7.0.8.jar;C:\Users\hrako\.m2\repository\org\springframework\spring-test\7.0.8\spring-test-7.0.8.jar;C:\Users\hrako\.m2\repository\org\springframework\boot\spring-boot-starter-test\4.1.0\spring-boot-starter-test-4.1.0.jar;C:\Users\hrako\.m2\repository\org\springframework\boot\spring-boot-test\4.1.0\spring-boot-test-4.1.0.jar;C:\Users\hrako\.m2\repository\org\springframework\boot\spring-boot-test-autoconfigure\4.1.0\spring-boot-test-autoconfigure-4.1.0.jar;C:\Users\hrako\.m2\repository\com\jayway\jsonpath\json-path\2.10.0\json-path-2.10.0.jar;C:\Users\hrako\.m2\repository\org\slf4j\slf4j-api\2.0.18\slf4j-api-2.0.18.jar;C:\Users\hrako\.m2\repository\jakarta\xml\bind\jakarta.xml.bind-api\4.0.5\jakarta.xml.bind-api-4.0.5.jar;C:\Users\hrako\.m2\repository\jakarta\activation\jakarta.activation-api\2.1.4\jakarta.activation-api-2.1.4.jar;C:\Users\hrako\.m2\repository\net\minidev\json-smart\2.6.0\json-smart-2.6.0.jar;C:\Users\hrako\.m2\repository\net\minidev\accessors-smart\2.6.0\accessors-smart-2.6.0.jar;C:\Users\hrako\.m2\repository\org\ow2\asm\asm\9.7.1\asm-9.7.1.jar;C:\Users\hrako\.m2\repository\org\assertj\assertj-core\3.27.7\assertj-core-3.27.7.jar;C:\Users\hrako\.m2\repository\net\bytebuddy\byte-buddy\1.18.10\byte-buddy-1.18.10.jar;C:\Users\hrako\.m2\repository\org\awaitility\awaitility\4.3.0\awaitility-4.3.0.jar;C:\Users\hrako\.m2\repository\org\hamcrest\hamcrest\3.0\hamcrest-3.0.jar;C:\Users\hrako\.m2\repository\org\junit\jupiter\junit-jupiter\6.0.3\junit-jupiter-6.0.3.jar;C:\Users\hrako\.m2\repository\org\junit\jupiter\junit-jupiter-api\6.0.3\junit-jupiter-api-6.0.3.jar;C:\Users\hrako\.m2\repository\org\opentest4j\opentest4j\1.3.0\opentest4j-1.3.0.jar;C:\Users\hrako\.m2\repository\org\junit\platform\junit-platform-commons\6.0.3\junit-platform-commons-6.0.3.jar;C:\Users\hrako\.m2\repository\org\apiguardian\apiguardian-api\1.1.2\apiguardian-api-1.1.2.jar;C:\Users\hrako\.m2\repository\org\junit\jupiter\junit-jupiter-params\6.0.3\junit-jupiter-params-6.0.3.jar;C:\Users\hrako\.m2\repository\org\junit\jupiter\junit-jupiter-engine\6.0.3\junit-jupiter-engine-6.0.3.jar;C:\Users\hrako\.m2\repository\org\junit\platform\junit-platform-engine\6.0.3\junit-platform-engine-6.0.3.jar;C:\Users\hrako\.m2\repository\org\mockito\mockito-core\5.23.0\mockito-core-5.23.0.jar;C:\Users\hrako\.m2\repository\net\bytebuddy\byte-buddy-agent\1.18.10\byte-buddy-agent-1.18.10.jar;C:\Users\hrako\.m2\repository\org\objenesis\objenesis\3.3\objenesis-3.3.jar;C:\Users\hrako\.m2\repository\org\mockito\mockito-junit-jupiter\5.23.0\mockito-junit-jupiter-5.23.0.jar;C:\Users\hrako\.m2\repository\org\skyscreamer\jsonassert\1.5.3\jsonassert-1.5.3.jar;C:\Users\hrako\.m2\repository\com\vaadin\external\google\android-json\0.0.20131108.vaadin1\android-json-0.0.20131108.vaadin1.jar;C:\Users\hrako\.m2\repository\org\springframework\spring-core\7.0.8\spring-core-7.0.8.jar;C:\Users\hrako\.m2\repository\commons-logging\commons-logging\1.3.6\commons-logging-1.3.6.jar;C:\Users\hrako\.m2\repository\org\jspecify\jspecify\1.0.0\jspecify-1.0.0.jar;C:\Users\hrako\.m2\repository\org\xmlunit\xmlunit-core\2.11.0\xmlunit-core-2.11.0.jar;C:\Users\hrako\.m2\repository\org\springdoc\springdoc-openapi-starter-webmvc-ui\3.0.3\springdoc-openapi-starter-webmvc-ui-3.0.3.jar;C:\Users\hrako\.m2\repository\org\springdoc\springdoc-openapi-starter-webmvc-api\3.0.3\springdoc-openapi-starter-webmvc-api-3.0.3.jar;C:\Users\hrako\.m2\repository\org\springdoc\springdoc-openapi-starter-common\3.0.3\springdoc-openapi-starter-common-3.0.3.jar;C:\Users\hrako\.m2\repository\org\springframework\boot\spring-boot-validation\4.1.0\spring-boot-validation-4.1.0.jar;C:\Users\hrako\.m2\repository\org\hibernate\validator\hibernate-validator\9.1.0.Final\hibernate-validator-9.1.0.Final.jar;C:\Users\hrako\.m2\repository\com\fasterxml\classmate\1.7.3\classmate-1.7.3.jar;C:\Users\hrako\.m2\repository\io\swagger\core\v3\swagger-core-jakarta\2.2.47\swagger-core-jakarta-2.2.47.jar;C:\Users\hrako\.m2\repository\org\apache\commons\commons-lang3\3.20.0\commons-lang3-3.20.0.jar;C:\Users\hrako\.m2\repository\io\swagger\core\v3\swagger-annotations-jakarta\2.2.47\swagger-annotations-jakarta-2.2.47.jar;C:\Users\hrako\.m2\repository\io\swagger\core\v3\swagger-models-jakarta\2.2.47\swagger-models-jakarta-2.2.47.jar;C:\Users\hrako\.m2\repository\jakarta\validation\jakarta.validation-api\3.1.1\jakarta.validation-api-3.1.1.jar;C:\Users\hrako\.m2\repository\com\fasterxml\jackson\core\jackson-annotations\2.21\jackson-annotations-2.21.jar;C:\Users\hrako\.m2\repository\com\fasterxml\jackson\core\jackson-databind\2.21.4\jackson-databind-2.21.4.jar;C:\Users\hrako\.m2\repository\com\fasterxml\jackson\core\jackson-core\2.21.4\jackson-core-2.21.4.jar;C:\Users\hrako\.m2\repository\com\fasterxml\jackson\dataformat\jackson-dataformat-yaml\2.21.4\jackson-dataformat-yaml-2.21.4.jar;C:\Users\hrako\.m2\repository\com\fasterxml\jackson\datatype\jackson-datatype-jsr310\2.21.4\jackson-datatype-jsr310-2.21.4.jar;C:\Users\hrako\.m2\repository\org\springframework\boot\spring-boot-web-server\4.1.0\spring-boot-web-server-4.1.0.jar;C:\Users\hrako\.m2\repository\org\webjars\swagger-ui\5.32.2\swagger-ui-5.32.2.jar;C:\Users\hrako\.m2\repository\org\webjars\webjars-locator-lite\1.1.3\webjars-locator-lite-1.1.3.jar;C:\Users\hrako\.m2\repository\org\springframework\boot\spring-boot-starter-webmvc\4.1.0\spring-boot-starter-webmvc-4.1.0.jar;C:\Users\hrako\.m2\repository\org\springframework\boot\spring-boot-starter-jackson\4.1.0\spring-boot-starter-jackson-4.1.0.jar;C:\Users\hrako\.m2\repository\org\springframework\boot\spring-boot-jackson\4.1.0\spring-boot-jackson-4.1.0.jar;C:\Users\hrako\.m2\repository\tools\jackson\core\jackson-databind\3.1.4\jackson-databind-3.1.4.jar;C:\Users\hrako\.m2\repository\tools\jackson\core\jackson-core\3.1.4\jackson-core-3.1.4.jar;C:\Users\hrako\.m2\repository\org\springframework\boot\spring-boot-starter-tomcat\4.1.0\spring-boot-starter-tomcat-4.1.0.jar;C:\Users\hrako\.m2\repository\org\springframework\boot\spring-boot-starter-tomcat-runtime\4.1.0\spring-boot-starter-tomcat-runtime-4.1.0.jar;C:\Users\hrako\.m2\repository\org\apache\tomcat\embed\tomcat-embed-core\11.0.22\tomcat-embed-core-11.0.22.jar;C:\Users\hrako\.m2\repository\org\apache\tomcat\embed\tomcat-embed-el\11.0.22\tomcat-embed-el-11.0.22.jar;C:\Users\hrako\.m2\repository\org\apache\tomcat\embed\tomcat-embed-websocket\11.0.22\tomcat-embed-websocket-11.0.22.jar;C:\Users\hrako\.m2\repository\org\springframework\boot\spring-boot-tomcat\4.1.0\spring-boot-tomcat-4.1.0.jar;C:\Users\hrako\.m2\repository\org\springframework\boot\spring-boot-http-converter\4.1.0\spring-boot-http-converter-4.1.0.jar;C:\Users\hrako\.m2\repository\org\springframework\spring-web\7.0.8\spring-web-7.0.8.jar;C:\Users\hrako\.m2\repository\org\springframework\boot\spring-boot-webmvc\4.1.0\spring-boot-webmvc-4.1.0.jar;C:\Users\hrako\.m2\repository\org\springframework\boot\spring-boot-servlet\4.1.0\spring-boot-servlet-4.1.0.jar;C:\Users\hrako\.m2\repository\org\springframework\spring-webmvc\7.0.8\spring-webmvc-7.0.8.jar;C:\Users\hrako\.m2\repository\org\springframework\boot\spring-boot-starter-webmvc-test\4.1.0\spring-boot-starter-webmvc-test-4.1.0.jar;C:\Users\hrako\.m2\repository\org\springframework\boot\spring-boot-starter-jackson-test\4.1.0\spring-boot-starter-jackson-test-4.1.0.jar;C:\Users\hrako\.m2\repository\org\springframework\boot\spring-boot-webmvc-test\4.1.0\spring-boot-webmvc-test-4.1.0.jar;C:\Users\hrako\.m2\repository\org\springframework\boot\spring-boot-resttestclient\4.1.0\spring-boot-resttestclient-4.1.0.jar;C:\Users\hrako\.m2\repository\org\xerial\sqlite-jdbc\3.50.3.0\sqlite-jdbc-3.50.3.0.jar;C:\Users\hrako\.m2\repository\org\springframework\batch\spring-batch-core\6.0.4\spring-batch-core-6.0.4.jar;C:\Users\hrako\.m2\repository\org\springframework\batch\spring-batch-infrastructure\6.0.4\spring-batch-infrastructure-6.0.4.jar;C:\Users\hrako\.m2\repository\org\springframework\retry\spring-retry\2.0.13\spring-retry-2.0.13.jar;C:\Users\hrako\.m2\repository\org\springframework\spring-aop\7.0.8\spring-aop-7.0.8.jar;C:\Users\hrako\.m2\repository\org\springframework\spring-beans\7.0.8\spring-beans-7.0.8.jar;C:\Users\hrako\.m2\repository\org\springframework\spring-context\7.0.8\spring-context-7.0.8.jar;C:\Users\hrako\.m2\repository\org\springframework\spring-expression\7.0.8\spring-expression-7.0.8.jar;C:\Users\hrako\.m2\repository\org\springframework\spring-tx\7.0.8\spring-tx-7.0.8.jar;C:\Users\hrako\.m2\repository\io\micrometer\micrometer-core\1.17.0\micrometer-core-1.17.0.jar;C:\Users\hrako\.m2\repository\io\micrometer\micrometer-commons\1.17.0\micrometer-commons-1.17.0.jar;C:\Users\hrako\.m2\repository\org\hdrhistogram\HdrHistogram\2.2.2\HdrHistogram-2.2.2.jar;C:\Users\hrako\.m2\repository\io\micrometer\micrometer-observation\1.17.0\micrometer-observation-1.17.0.jar;C:\Users\hrako\.m2\repository\org\hibernate\orm\hibernate-community-dialects\7.4.1.Final\hibernate-community-dialects-7.4.1.Final.jar;C:\Users\hrako\.m2\repository\org\hibernate\orm\hibernate-core\7.4.1.Final\hibernate-core-7.4.1.Final.jar;C:\Users\hrako\.m2\repository\jakarta\persistence\jakarta.persistence-api\3.2.0\jakarta.persistence-api-3.2.0.jar;C:\Users\hrako\.m2\repository\jakarta\transaction\jakarta.transaction-api\2.0.1\jakarta.transaction-api-2.0.1.jar;C:\Users\hrako\.m2\repository\org\hibernate\models\hibernate-models\1.1.1\hibernate-models-1.1.1.jar;C:\Users\hrako\.m2\repository\org\glassfish\jaxb\jaxb-runtime\4.0.9\jaxb-runtime-4.0.9.jar;C:\Users\hrako\.m2\repository\org\glassfish\jaxb\jaxb-core\4.0.9\jaxb-core-4.0.9.jar;C:\Users\hrako\.m2\repository\org\eclipse\angus\angus-activation\2.0.3\angus-activation-2.0.3.jar;C:\Users\hrako\.m2\repository\org\glassfish\jaxb\txw2\4.0.9\txw2-4.0.9.jar;C:\Users\hrako\.m2\repository\com\sun\istack\istack-commons-runtime\4.1.2\istack-commons-runtime-4.1.2.jar;C:\Users\hrako\.m2\repository\jakarta\inject\jakarta.inject-api\2.0.1\jakarta.inject-api-2.0.1.jar;C:\Users\hrako\.m2\repository\org\antlr\antlr4-runtime\4.13.2\antlr4-runtime-4.13.2.jar;C:\Users\hrako\.m2\repository\org\jboss\logging\jboss-logging\3.6.3.Final\jboss-logging-3.6.3.Final.jar
Launcher Type: SUN_STANDARD

[Global flags]
     bool AOTAdapterCaching                        = false                                  {diagnostic} {ergonomic}
     bool AOTInvokeDynamicLinking                  = false                                  {diagnostic} {ergonomic}
     bool AOTRecordTraining                        = false                                  {diagnostic} {ergonomic}
     bool AOTReplayTraining                        = false                                  {diagnostic} {ergonomic}
     bool AOTStubCaching                           = false                                  {diagnostic} {ergonomic}
     intx CICompilerCount                          = 4                                         {product} {ergonomic}
     uint ConcGCThreads                            = 3                                         {product} {ergonomic}
     uint G1ConcRefinementThreads                  = 10                                        {product} {ergonomic}
     uint G1EagerReclaimRemSetThreshold            = 16                                   {experimental} {ergonomic}
   size_t G1HeapRegionSize                         = 2097152                                   {product} {ergonomic}
     uint G1RemSetArrayOfCardsEntries              = 16                                   {experimental} {ergonomic}
     uint G1RemSetHowlMaxNumBuckets                = 8                                    {experimental} {ergonomic}
     uint G1RemSetHowlNumBuckets                   = 8                                    {experimental} {ergonomic}
   size_t InitialHeapSize                          = 8388608                                   {product} {ergonomic}
     bool IntelJccErratumMitigation                = true                              {ARCH diagnostic} {ergonomic}
   size_t MarkStackSize                            = 4194304                                   {product} {ergonomic}
   size_t MarkStackSizeMax                         = 536870912                                 {product} {ergonomic}
   size_t MaxHeapSize                              = 4246732800                                {product} {ergonomic}
   size_t MaxNewSize                               = 2548039680                                {product} {ergonomic}
 uint64_t MaxRAM                                   = 16983683072                               {product} {ergonomic}
   size_t MinHeapDeltaBytes                        = 2097152                                   {product} {ergonomic}
   size_t MinHeapSize                              = 8388608                                   {product} {ergonomic}
   size_t NonNMethodCodeHeapSize                   = 5898240                                {pd product} {ergonomic}
   size_t NonProfiledCodeHeapSize                  = 122945536                              {pd product} {ergonomic}
   size_t ProfiledCodeHeapSize                     = 122945536                              {pd product} {ergonomic}
   size_t ReservedCodeCacheSize                    = 251789312                              {pd product} {ergonomic}
     bool SegmentedCodeCache                       = true                                      {product} {ergonomic}
   size_t SoftMaxHeapSize                          = 4246732800                             {manageable} {ergonomic}
     bool UseCompressedOops                        = true                           {product lp64_product} {ergonomic}
     bool UseCondCardMark                          = true                                      {product} {ergonomic}
     bool UseFastUnorderedTimeStamps               = true                                 {experimental} {ergonomic}
     bool UseG1GC                                  = true                                      {product} {ergonomic}
     bool UseLargePagesIndividualAllocation        = false                                  {pd product} {ergonomic}
      int X86ICacheSync                            = 2                                 {ARCH diagnostic} {ergonomic}

Logging:
Log output configuration:
 #0: stdout all=warning uptime,level,tags foldmultilines=false
 #1: stderr all=off uptime,level,tags foldmultilines=false

Release file:
IMPLEMENTOR="Oracle Corporation" 
JAVA_RUNTIME_VERSION="26.0.1+8-34" 
JAVA_VERSION="26.0.1" 
JAVA_VERSION_DATE="2026-04-21" 
LIBC="default" 
MODULES="java.base java.compiler java.datatransfer java.xml java.prefs java.desktop java.instrument java.logging java.management java.security.sasl java.naming java.rmi java.management.rmi java.net.http java.scripting java.security.jgss java.transaction.xa java.sql java.sql.rowset java.xml.crypto java.se java.smartcardio jdk.accessibility jdk.internal.jvmstat jdk.attach jdk.charsets jdk.internal.opt jdk.zipfs jdk.compiler jdk.crypto.cryptoki jdk.crypto.ec jdk.crypto.mscapi jdk.dynalink jdk.internal.ed jdk.editpad jdk.internal.vm.ci jdk.graal.compiler jdk.graal.compiler.management jdk.hotspot.agent jdk.httpserver jdk.incubator.vector jdk.internal.le jdk.internal.md jdk.jartool jdk.javadoc jdk.jcmd jdk.management jdk.management.agent jdk.jconsole jdk.jdeps jdk.jdwp.agent jdk.jdi jdk.jfr jdk.jlink jdk.jpackage jdk.jshell jdk.jstatd jdk.localedata jdk.management.jfr jdk.naming.dns jdk.naming.rmi jdk.net jdk.nio.mapmode jdk.sctp jdk.security.auth jdk.security.jgss jdk.unsupported jdk.unsupported.desktop jdk.xml.dom" 
OS_ARCH="x86_64" 
OS_NAME="Windows" 
SOURCE=".:git:fcc00fc4aee7" 

Environment Variables:
PATH=C:\Windows\system32;C:\Windows;C:\Windows\System32\Wbem;C:\Windows\System32\WindowsPowerShell\v1.0\;C:\Windows\System32\OpenSSH\;C:\Program Files\Google\Google Apps Migration\;C:\Program Files (x86)\NVIDIA Corporation\PhysX\Common;C:\Program Files\dotnet\;C:\WINDOWS\system32;C:\WINDOWS;C:\WINDOWS\System32\Wbem;C:\WINDOWS\System32\WindowsPowerShell\v1.0\;C:\WINDOWS\System32\OpenSSH\;C:\Program Files\PuTTY\;C:\Program Files\Rancher Desktop\resources\resources\win32\bin\;C:\Program Files\Rancher Desktop\resources\resources\win32\docker-cli-plugins\;C:\Program Files\Rancher Desktop\resources\resources\linux\bin\;C:\Program Files\Rancher Desktop\resources\resources\linux\docker-cli-plugins\;C:\Users\hrako\Documents\sqlite;C:\Users\hrako\.m2\wrapper\dists\apache-maven-3.9.16-bin\5grr65jo27hi51sujmtcldfovl\apache-maven-3.9.16\bin;C:\Program Files\JetBrains\IntelliJ IDEA 2025.2.5\jbr\bin;C:\Program Files\Git\cmd;C:\Program Files\nodejs\;C:\Users\hrako\AppData\Local\Microsoft\WindowsApps;C:\Users\hrako\AppData\Local\Programs\Microsoft VS Code\bin;C:\Users\hrako\AppData\Roaming\npm
USERNAME=hrako
OS=Windows_NT
PROCESSOR_IDENTIFIER=Intel64 Family 6 Model 158 Stepping 10, GenuineIntel
TMP=C:\Users\hrako\AppData\Local\Temp
TEMP=C:\Users\hrako\AppData\Local\Temp




Compilation memory statistics disabled.

Periodic native trim disabled

---------------  S Y S T E M  ---------------

OS:
 Windows 11 , 64 bit Build 26100 (10.0.26100.9168)
OS uptime: 18 days 2:34 hours
Hyper-V role detected

CPU: total 12 (initial active 12) (6 cores per cpu, 2 threads per core) family 6 model 158 stepping 10 microcode 0xfa, cx8, cmov, fxsr, ht, mmx, 3dnowpref, sse, sse2, sse3, ssse3, sse4.1, sse4.2, popcnt, lzcnt, tsc, tscinvbit, avx, avx2, aes, erms, clmul, bmi1, bmi2, adx, fma, vzeroupper, clflush, clflushopt, hv, rdtscp, f16c
Processor Information for the first 12 processors :
  Max Mhz: 2592, Current Mhz: 2592, Mhz Limit: 2592

Memory: 4k page, system-wide physical 16196M (1608M free)
TotalPageFile size 65308M (AvailPageFile size 42428M)
current process WorkingSet (physical memory assigned to process): 631M, peak: 631M
current process commit charge ("private bytes"): 676M, peak: 700M

vm_info: OpenJDK 64-Bit Server VM (26.0.1+8-34) for windows-amd64 JRE (26.0.1+8-34), built on 2026-03-10T17:24:10Z with MS VC++ 17.13 (VS2022)

END.
