version 2
JvmtiExport can_access_local_variables 0
JvmtiExport can_hotswap_or_post_breakpoint 1
JvmtiExport can_post_on_exceptions 0
# 189 ciObject found
instanceKlass org/springframework/core/annotation/AnnotationTypeMapping$MirrorSets
ciInstanceKlass java/lang/Cloneable 1 0 7 100 1 100 1 1 1
instanceKlass org/springframework/core/annotation/MergedAnnotationsCollection
instanceKlass org/springframework/core/type/classreading/ClassFileAnnotationMetadata$Builder
instanceKlass org/springframework/core/type/classreading/ClassFileAnnotationMetadata
instanceKlass org/springframework/core/type/AnnotationMetadata
instanceKlass org/springframework/core/type/ClassMetadata
instanceKlass org/springframework/core/type/classreading/ClassFileMetadataReader
instanceKlass org/springframework/util/AntPathMatcher$AntPathStringMatcher$MaxAttemptsCharSequence$Counter
instanceKlass org/springframework/util/AntPathMatcher$AntPathStringMatcher$MaxAttemptsCharSequence
instanceKlass org/springframework/util/AntPathMatcher$AntPathStringMatcher
instanceKlass java/util/StringTokenizer
instanceKlass  @bci org/springframework/core/io/support/PathMatchingResourcePatternResolver doFindPathMatchingFileResources (Lorg/springframework/core/io/Resource;Ljava/lang/String;)Ljava/util/Set; 1101 <appendix> member <vmtarget> ; # org/springframework/core/io/support/PathMatchingResourcePatternResolver$$Lambda+0x0000000082769b78
instanceKlass  @bci org/springframework/core/io/support/PathMatchingResourcePatternResolver doFindPathMatchingFileResources (Lorg/springframework/core/io/Resource;Ljava/lang/String;)Ljava/util/Set; 1084 <appendix> argL0 ; # org/springframework/core/io/support/PathMatchingResourcePatternResolver$$Lambda+0x0000000082769930
instanceKlass  @bci java/nio/file/Files walk (Ljava/nio/file/Path;I[Ljava/nio/file/FileVisitOption;)Ljava/util/stream/Stream; 43 <appendix> argL0 ; # java/nio/file/Files$$Lambda+0x0000000082370170
instanceKlass  @bci java/nio/file/Files walk (Ljava/nio/file/Path;I[Ljava/nio/file/FileVisitOption;)Ljava/util/stream/Stream; 30 <appendix> member <vmtarget> ; # java/nio/file/Files$$Lambda+0x000000008236ff40
instanceKlass java/nio/file/FileTreeWalker$1
instanceKlass java/nio/file/FileTreeIterator
instanceKlass  @bci org/springframework/core/io/support/PathMatchingResourcePatternResolver doFindPathMatchingFileResources (Lorg/springframework/core/io/Resource;Ljava/lang/String;)Ljava/util/Set; 925 <appendix> member <vmtarget> ; # org/springframework/core/io/support/PathMatchingResourcePatternResolver$$Lambda+0x00000000827696d0
instanceKlass  @bci org/springframework/core/io/support/PathMatchingResourcePatternResolver findAllModulePathResources (Ljava/lang/String;)Ljava/util/Set; 173 <appendix> member <vmtarget> ; # org/springframework/core/io/support/PathMatchingResourcePatternResolver$$Lambda+0x0000000082769470
instanceKlass  @bci org/springframework/core/io/support/PathMatchingResourcePatternResolver findAllModulePathResources (Ljava/lang/String;)Ljava/util/Set; 233 <appendix> member <vmtarget> ; # org/springframework/core/io/support/PathMatchingResourcePatternResolver$$Lambda+0x0000000082769230
instanceKlass  @bci org/springframework/core/io/support/PathMatchingResourcePatternResolver findAllModulePathResources (Ljava/lang/String;)Ljava/util/Set; 149 <appendix> member <vmtarget> ; # org/springframework/core/io/support/PathMatchingResourcePatternResolver$$Lambda+0x0000000082768fd0
instanceKlass  @bci org/springframework/core/env/AbstractPropertyResolver doResolvePlaceholders (Ljava/lang/String;Lorg/springframework/util/PropertyPlaceholderHelper;)Ljava/lang/String; 17 <appendix> member <vmtarget> ; # org/springframework/core/env/AbstractPropertyResolver$$Lambda+0x0000000082768da0
instanceKlass org/springframework/core/type/filter/AbstractTypeHierarchyTraversingFilter
instanceKlass  @bci org/springframework/context/index/CandidateComponentsIndexLoader loadIndex (Ljava/lang/ClassLoader;)Lorg/springframework/context/index/CandidateComponentsIndex; 72 <appendix> argL0 ; # org/springframework/context/index/CandidateComponentsIndexLoader$$Lambda+0x00000000827686a0
instanceKlass org/springframework/context/index/CandidateComponentsIndex
instanceKlass org/springframework/context/index/CandidateComponentsIndexLoader
instanceKlass  @bci org/springframework/core/io/DefaultResourceLoader getResourceCache (Ljava/lang/Class;)Ljava/util/Map; 19 <appendix> argL0 ; # org/springframework/core/io/DefaultResourceLoader$$Lambda+0x0000000082768000
instanceKlass org/springframework/core/type/classreading/MetadataReader
instanceKlass org/springframework/core/type/classreading/MetadataReaderFactoryDelegate
instanceKlass org/springframework/core/type/classreading/AbstractMetadataReaderFactory
instanceKlass org/springframework/core/io/support/ResourcePatternUtils
instanceKlass org/springframework/beans/factory/annotation/AnnotatedBeanDefinition
instanceKlass org/springframework/core/type/AnnotatedTypeMetadata
instanceKlass org/springframework/core/type/classreading/MetadataReaderFactory
instanceKlass org/springframework/context/annotation/ClassPathScanningCandidateComponentProvider
instanceKlass org/springframework/boot/test/context/AnnotatedClassFinder
instanceKlass  @bci org/springframework/test/context/MergedContextConfiguration <init> (Ljava/lang/Class;[Ljava/lang/String;[Ljava/lang/Class;Ljava/util/Set;[Ljava/lang/String;Ljava/util/List;[Ljava/lang/String;Ljava/util/Set;Lorg/springframework/test/context/ContextLoader;Lorg/springframework/test/context/CacheAwareContextLoaderDelegate;Lorg/springframework/test/context/MergedContextConfiguration;)V 179 <appendix> argL0 ; # org/springframework/test/context/MergedContextConfiguration$$Lambda+0x0000000082765a80
instanceKlass  @bci org/springframework/test/context/MergedContextConfiguration <init> (Ljava/lang/Class;[Ljava/lang/String;[Ljava/lang/Class;Ljava/util/Set;[Ljava/lang/String;Ljava/util/List;[Ljava/lang/String;Ljava/util/Set;Lorg/springframework/test/context/ContextLoader;Lorg/springframework/test/context/CacheAwareContextLoaderDelegate;Lorg/springframework/test/context/MergedContextConfiguration;)V 160 <appendix> argL0 ; # org/springframework/test/context/MergedContextConfiguration$$Lambda+0x0000000082765838
instanceKlass  @bci org/springframework/test/context/MergedContextConfiguration <init> (Ljava/lang/Class;[Ljava/lang/String;[Ljava/lang/Class;Ljava/util/Set;[Ljava/lang/String;Ljava/util/List;[Ljava/lang/String;Ljava/util/Set;Lorg/springframework/test/context/ContextLoader;Lorg/springframework/test/context/CacheAwareContextLoaderDelegate;Lorg/springframework/test/context/MergedContextConfiguration;)V 141 <appendix> argL0 ; # org/springframework/test/context/MergedContextConfiguration$$Lambda+0x00000000827655f0
instanceKlass org/springframework/test/context/ActiveProfiles
instanceKlass org/springframework/test/context/support/DefaultActiveProfilesResolver
instanceKlass org/springframework/test/context/ActiveProfilesResolver
instanceKlass org/springframework/test/context/support/ActiveProfilesUtils
instanceKlass org/springframework/test/context/support/MergedTestPropertySources
instanceKlass  @bci org/springframework/test/context/support/TestPropertySourceUtils buildMergedTestPropertySources (Ljava/lang/Class;)Lorg/springframework/test/context/support/MergedTestPropertySources; 115 <appendix> argL0 ; # org/springframework/test/context/support/TestPropertySourceUtils$$Lambda+0x0000000082764718
instanceKlass org/springframework/test/context/support/TestPropertySourceAttributes
instanceKlass  @bci org/springframework/test/context/support/TestPropertySourceUtils findRepeatableAnnotations (Ljava/lang/Class;Ljava/lang/Class;Ljava/util/List;[I)V 134 <appendix> member <vmtarget> ; # org/springframework/test/context/support/TestPropertySourceUtils$$Lambda+0x0000000082764288
instanceKlass org/springframework/test/context/TestPropertySource
instanceKlass  @bci org/springframework/test/context/support/TestPropertySourceUtils <clinit> ()V 34 <appendix> argL0 ; # org/springframework/test/context/support/TestPropertySourceUtils$$Lambda+0x0000000082763e58
instanceKlass org/springframework/core/io/support/DefaultPropertySourceFactory
instanceKlass org/springframework/core/io/support/PropertySourceFactory
instanceKlass org/springframework/test/context/support/TestPropertySourceUtils
instanceKlass  @bci org/springframework/test/context/support/AbstractTestContextBootstrapper buildMergedContextConfiguration (Ljava/lang/Class;Ljava/util/List;Lorg/springframework/test/context/MergedContextConfiguration;Lorg/springframework/test/context/CacheAwareContextLoaderDelegate;Z)Lorg/springframework/test/context/MergedContextConfiguration; 782 <appendix> member <vmtarget> ; # org/springframework/test/context/support/AbstractTestContextBootstrapper$$Lambda+0x0000000082763390
instanceKlass org/springframework/boot/webmvc/test/autoconfigure/WebDriverContextCustomizer
instanceKlass org/springframework/boot/web/server/context/SpringBootTestRandomPortContextCustomizer
instanceKlass org/springframework/boot/test/autoconfigure/OverrideAutoConfiguration
instanceKlass org/springframework/boot/test/autoconfigure/OnFailureConditionReportContextCustomizerFactory$OnFailureConditionReportContextCustomizer
instanceKlass org/springframework/boot/test/json/DuplicateJsonObjectContextCustomizerFactory$DuplicateJsonObjectContextCustomizer
instanceKlass org/springframework/http/client/ReactorResourceFactory
instanceKlass org/springframework/context/SmartLifecycle
instanceKlass org/springframework/context/Phased
instanceKlass java/util/AbstractList$SubList$1
instanceKlass org/springframework/boot/test/context/filter/annotation/TypeExcludeFilters
instanceKlass org/springframework/boot/test/context/filter/ExcludeFilterContextCustomizer
instanceKlass org/springframework/boot/test/context/PropertyMappingContextCustomizer
instanceKlass  @bci org/springframework/boot/test/context/AnnotationsPropertySource lambda$getProperties$0 (Ljava/util/Map;Lorg/springframework/core/annotation/MergedAnnotation;)V 37 <appendix> argL0 ; # org/springframework/boot/test/context/AnnotationsPropertySource$$Lambda+0x0000000082761408
instanceKlass org/springframework/boot/test/context/PropertyMapping
instanceKlass  @bci org/springframework/boot/test/context/AnnotationsPropertySource getProperties (Ljava/lang/Class;Ljava/util/Map;)V 57 <appendix> member <vmtarget> ; # org/springframework/boot/test/context/AnnotationsPropertySource$$Lambda+0x0000000082760fc0
instanceKlass org/springframework/core/annotation/MergedAnnotationPredicates$UniquePredicate
instanceKlass  @bci org/springframework/boot/test/context/AnnotationsPropertySource getProperties (Ljava/lang/Class;Ljava/util/Map;)V 34 <appendix> argL0 ; # org/springframework/boot/test/context/AnnotationsPropertySource$$Lambda+0x0000000082760b08
instanceKlass  @bci org/springframework/test/context/support/DynamicPropertiesContextCustomizer <init> (Ljava/util/Set;)V 25 <appendix> argL0 ; # org/springframework/test/context/support/DynamicPropertiesContextCustomizer$$Lambda+0x0000000082760688
instanceKlass org/springframework/test/context/support/DynamicPropertiesContextCustomizer
instanceKlass org/springframework/test/context/DynamicPropertySource
instanceKlass  @bci org/springframework/test/context/support/DynamicPropertiesContextCustomizerFactory findMethods (Ljava/lang/Class;Ljava/util/Set;)V 71 <appendix> member <vmtarget> ; # org/springframework/test/context/support/DynamicPropertiesContextCustomizerFactory$$Lambda+0x0000000082760000
instanceKlass  @bci org/springframework/test/context/bean/override/BeanOverrideContextCustomizerFactory findBeanOverrideHandlers (Ljava/lang/Class;Ljava/lang/String;Ljava/util/Set;)V 47 <appendix> member <vmtarget> ; # org/springframework/test/context/bean/override/BeanOverrideContextCustomizerFactory$$Lambda+0x000000008275cca0
instanceKlass  @bci org/springframework/test/context/bean/override/BeanOverrideContextCustomizerFactory findBeanOverrideHandlers (Ljava/lang/Class;Ljava/lang/String;Ljava/util/Set;)V 26 <appendix> member <vmtarget> ; # org/springframework/test/context/bean/override/BeanOverrideContextCustomizerFactory$$Lambda+0x000000008275ca40
instanceKlass  @bci org/springframework/test/context/bean/override/BeanOverrideHandler processField (Ljava/lang/reflect/Field;Ljava/lang/Class;Ljava/util/List;)V 38 <appendix> member <vmtarget> ; # org/springframework/test/context/bean/override/BeanOverrideHandler$$Lambda+0x000000008275c800
instanceKlass  @cpi org/springframework/test/context/bean/override/BeanOverrideHandler 199 form vmentry <vmtarget> ; # java/lang/invoke/LambdaForm$DMH+0x000000008275c400
instanceKlass  @bci org/springframework/test/context/bean/override/BeanOverrideHandler findHandlers (Ljava/lang/Class;Ljava/lang/Class;Ljava/util/List;ZLjava/util/Set;)V 403 <appendix> member <vmtarget> ; # org/springframework/test/context/bean/override/BeanOverrideHandler$$Lambda+0x000000008275dcc0
instanceKlass org/springframework/util/ReflectionUtils$FieldCallback
instanceKlass  @bci org/springframework/test/context/bean/override/BeanOverrideHandler processElement (Ljava/lang/reflect/AnnotatedElement;Ljava/lang/Class;Ljava/util/function/BiConsumer;)V 53 <appendix> member <vmtarget> ; # org/springframework/test/context/bean/override/BeanOverrideHandler$$Lambda+0x000000008275d878
instanceKlass org/springframework/test/context/bean/override/BeanOverride
instanceKlass  @bci org/springframework/test/context/bean/override/BeanOverrideHandler processClass (Ljava/lang/Class;Ljava/lang/Class;Ljava/util/List;)V 18 <appendix> member <vmtarget> ; # org/springframework/test/context/bean/override/BeanOverrideHandler$$Lambda+0x000000008275d430
instanceKlass org/springframework/test/context/bean/override/BeanOverrideProcessor
instanceKlass  @bci org/springframework/test/context/bean/override/BeanOverrideHandler <clinit> ()V 15 <appendix> argL0 ; # org/springframework/test/context/bean/override/BeanOverrideHandler$$Lambda+0x000000008275d000
instanceKlass org/springframework/test/context/bean/override/BeanOverrideHandler
instanceKlass  @bci org/springframework/test/context/TestContextAnnotationUtils hasAnnotation (Ljava/lang/Class;Ljava/lang/Class;)Z 19 <appendix> argL0 ; # org/springframework/test/context/TestContextAnnotationUtils$$Lambda+0x000000008275fa00
instanceKlass org/springframework/batch/test/context/SpringBatchTest
instanceKlass  @bci org/springframework/test/context/support/AbstractTestContextBootstrapper lambda$getContextCustomizerFactories$0 (Ljava/util/List;Lorg/springframework/test/context/ContextCustomizerFactory;)V 53 <appendix> member <vmtarget> ; # org/springframework/test/context/support/AbstractTestContextBootstrapper$$Lambda+0x000000008275f598
instanceKlass  @bci org/springframework/test/context/support/AbstractTestContextBootstrapper lambda$getContextCustomizerFactories$0 (Ljava/util/List;Lorg/springframework/test/context/ContextCustomizerFactory;)V 37 <appendix> argL0 ; # org/springframework/test/context/support/AbstractTestContextBootstrapper$$Lambda+0x000000008275f350
instanceKlass  @bci org/springframework/test/context/support/AbstractTestContextBootstrapper getContextCustomizerFactories (Ljava/lang/Class;)Ljava/util/List; 810 <appendix> member <vmtarget> ; # org/springframework/test/context/support/AbstractTestContextBootstrapper$$Lambda+0x000000008275f110
instanceKlass org/springframework/core/DecoratingProxy
instanceKlass org/springframework/core/annotation/Order
instanceKlass org/springframework/core/annotation/OrderUtils
instanceKlass org/springframework/boot/webmvc/test/autoconfigure/WebDriverContextCustomizerFactory
instanceKlass org/springframework/boot/web/server/context/SpringBootTestRandomPortContextCustomizerFactory
instanceKlass org/springframework/boot/test/autoconfigure/OverrideAutoConfigurationContextCustomizerFactory
instanceKlass org/springframework/boot/test/autoconfigure/OnFailureConditionReportContextCustomizerFactory
instanceKlass org/springframework/boot/test/json/DuplicateJsonObjectContextCustomizerFactory
instanceKlass org/springframework/boot/test/http/client/DisableReactorResourceFactoryGlobalResourcesContextCustomizerFactory
instanceKlass org/springframework/boot/test/context/filter/annotation/TypeExcludeFiltersContextCustomizerFactory
instanceKlass org/springframework/boot/test/context/filter/ExcludeFilterContextCustomizerFactory
instanceKlass org/springframework/boot/test/context/PropertyMappingContextCustomizerFactory
instanceKlass org/springframework/boot/test/context/ImportsContextCustomizerFactory
instanceKlass org/springframework/test/context/support/DynamicPropertiesContextCustomizerFactory
instanceKlass jakarta/websocket/server/ServerContainer
instanceKlass jakarta/websocket/WebSocketContainer
instanceKlass org/springframework/test/context/web/socket/MockServerContainerContextCustomizerFactory
instanceKlass org/springframework/test/context/bean/override/BeanOverrideContextCustomizerFactory
instanceKlass  @bci org/springframework/core/io/support/SpringFactoriesLoader$FactoryInstantiator forClass (Ljava/lang/Class;)Lorg/springframework/core/io/support/SpringFactoriesLoader$FactoryInstantiator; 59 <appendix> member <vmtarget> ; # org/springframework/core/io/support/SpringFactoriesLoader$FactoryInstantiator$$Lambda+0x000000008275a6a8
instanceKlass org/springframework/test/context/ContextCustomizer
instanceKlass org/springframework/core/io/support/SpringFactoriesLoader$FactoryInstantiator
instanceKlass  @bci org/springframework/core/io/support/SpringFactoriesLoader instantiateFactory (Ljava/lang/String;Ljava/lang/Class;Lorg/springframework/core/io/support/SpringFactoriesLoader$ArgumentResolver;Lorg/springframework/core/io/support/SpringFactoriesLoader$FailureHandler;)Ljava/lang/Object; 43 <appendix> member <vmtarget> ; # org/springframework/core/io/support/SpringFactoriesLoader$$Lambda+0x000000008275a058
instanceKlass org/springframework/batch/test/context/BatchTestContextCustomizerFactory
instanceKlass org/springframework/test/context/ContextCustomizerFactory
instanceKlass org/springframework/test/context/ContextCustomizerFactories
instanceKlass org/springframework/test/context/support/ApplicationContextInitializerUtils
instanceKlass org/springframework/test/context/support/AnnotationConfigContextLoaderUtils
instanceKlass  @bci org/springframework/boot/test/context/SpringBootContextLoader <clinit> ()V 15 <appendix> argL0 ; # org/springframework/boot/test/context/SpringBootContextLoader$$Lambda+0x0000000082759030
instanceKlass  @cpi org/springframework/boot/test/context/SpringBootContextLoader 777 form vmentry <vmtarget> ; # java/lang/invoke/LambdaForm$DMH+0x000000008275c000
instanceKlass org/springframework/boot/SpringApplication
instanceKlass org/springframework/test/context/support/AbstractContextLoader
instanceKlass org/springframework/test/context/aot/AotContextLoader
instanceKlass org/springframework/test/context/SmartContextLoader
instanceKlass  @bci org/springframework/test/context/TestContextAnnotationUtils findMergedAnnotation (Ljava/lang/Class;Ljava/lang/Class;Ljava/util/function/Predicate;)Ljava/lang/annotation/Annotation; 58 <appendix> argL0 ; # org/springframework/test/context/TestContextAnnotationUtils$$Lambda+0x0000000082758000
instanceKlass  @bci org/springframework/test/context/TestContextAnnotationUtils findMergedAnnotation (Ljava/lang/Class;Ljava/lang/Class;)Ljava/lang/annotation/Annotation; 15 <appendix> argL0 ; # org/springframework/test/context/TestContextAnnotationUtils$$Lambda+0x0000000082757d38
instanceKlass org/springframework/test/context/ContextLoader
instanceKlass org/springframework/test/context/ContextConfigurationAttributes
instanceKlass org/springframework/test/context/ContextHierarchy
instanceKlass org/springframework/test/context/ContextConfiguration
instanceKlass org/springframework/test/context/support/DefaultTestContext
instanceKlass org/springframework/test/context/aot/AotTestAttributesFactory
instanceKlass org/springframework/test/context/aot/DefaultAotTestAttributes
instanceKlass org/springframework/test/context/aot/AotTestAttributes
instanceKlass org/springframework/test/context/TestContext
instanceKlass  @bci org/springframework/core/annotation/MergedAnnotationCollectors toAnnotationSet ()Ljava/util/stream/Collector; 23 <appendix> argL0 ; # org/springframework/core/annotation/MergedAnnotationCollectors$$Lambda+0x0000000082756140
instanceKlass  @bci org/springframework/core/annotation/MergedAnnotationCollectors toAnnotationSet ()Ljava/util/stream/Collector; 18 <appendix> argL0 ; # org/springframework/core/annotation/MergedAnnotationCollectors$$Lambda+0x0000000082755f08
instanceKlass  @bci org/springframework/core/annotation/MergedAnnotationCollectors toAnnotationSet ()Ljava/util/stream/Collector; 13 <appendix> argL0 ; # org/springframework/core/annotation/MergedAnnotationCollectors$$Lambda+0x0000000082755ce0
instanceKlass org/springframework/core/annotation/MergedAnnotationCollectors
instanceKlass  @bci org/springframework/test/context/TestContextAnnotationUtils$AnnotationDescriptor findAllLocalMergedAnnotations ()Ljava/util/Set; 54 <appendix> argL0 ; # org/springframework/test/context/TestContextAnnotationUtils$AnnotationDescriptor$$Lambda+0x0000000082755888
instanceKlass  @bci org/springframework/test/context/TestContextAnnotationUtils$AnnotationDescriptor <init> (Ljava/lang/Class;Ljava/lang/Class;Ljava/lang/annotation/Annotation;)V 172 <appendix> member <vmtarget> ; # org/springframework/test/context/TestContextAnnotationUtils$AnnotationDescriptor$$Lambda+0x0000000082755658
instanceKlass org/springframework/test/context/TestContextAnnotationUtils$AnnotationDescriptor
instanceKlass  @bci org/springframework/test/context/TestContextAnnotationUtils findAnnotationDescriptor (Ljava/lang/Class;Ljava/lang/Class;)Lorg/springframework/test/context/TestContextAnnotationUtils$AnnotationDescriptor; 30 <appendix> argL0 ; # org/springframework/test/context/TestContextAnnotationUtils$$Lambda+0x00000000827551b8
instanceKlass  @bci org/springframework/test/context/TestContextAnnotationUtils <clinit> ()V 21 <appendix> argL0 ; # org/springframework/test/context/TestContextAnnotationUtils$$Lambda+0x0000000082754f70
instanceKlass org/springframework/test/context/TestContextAnnotationUtils
instanceKlass org/springframework/core/style/ToStringStyler
instanceKlass org/springframework/core/style/ValueStyler
instanceKlass org/springframework/test/context/support/DefaultBootstrapContext
instanceKlass org/springframework/test/context/BootstrapContext
instanceKlass org/springframework/aot/AotDetector
instanceKlass org/springframework/test/context/aot/AotTestContextInitializersFactory
instanceKlass org/springframework/test/context/aot/AotTestContextInitializers
instanceKlass org/springframework/test/context/util/TestContextFailureHandler
instanceKlass  @bci org/springframework/core/io/support/SpringFactoriesLoader loadFactoriesResource (Ljava/lang/ClassLoader;Ljava/lang/String;)Ljava/util/Map; 150 <appendix> argL0 ; # org/springframework/core/io/support/SpringFactoriesLoader$$Lambda+0x00000000827533a0
instanceKlass  @bci org/springframework/core/io/support/SpringFactoriesLoader lambda$loadFactoriesResource$0 (Ljava/util/Map;Ljava/lang/Object;Ljava/lang/Object;)V 86 <appendix> member <vmtarget> ; # org/springframework/core/io/support/SpringFactoriesLoader$$Lambda+0x0000000082753160
instanceKlass  @bci org/springframework/core/io/support/SpringFactoriesLoader lambda$loadFactoriesResource$0 (Ljava/util/Map;Ljava/lang/Object;Ljava/lang/Object;)V 69 <appendix> argL0 ; # org/springframework/core/io/support/SpringFactoriesLoader$$Lambda+0x0000000082752f18
instanceKlass  @bci org/springframework/core/io/support/SpringFactoriesLoader lambda$loadFactoriesResource$0 (Ljava/util/Map;Ljava/lang/Object;Ljava/lang/Object;)V 41 <appendix> member <vmtarget> ; # org/springframework/core/io/support/SpringFactoriesLoader$$Lambda+0x0000000082752cc8
instanceKlass  @bci org/springframework/core/io/support/SpringFactoriesLoader loadFactoriesResource (Ljava/lang/ClassLoader;Ljava/lang/String;)Ljava/util/Map; 130 <appendix> member <vmtarget> ; # org/springframework/core/io/support/SpringFactoriesLoader$$Lambda+0x0000000082752a88
instanceKlass org/springframework/util/ResourceUtils
instanceKlass org/springframework/util/PropertiesPersister
instanceKlass org/springframework/core/io/support/PropertiesLoaderUtils
instanceKlass  @bci org/springframework/core/io/support/SpringFactoriesLoader forResourceLocation (Ljava/lang/String;Ljava/lang/ClassLoader;)Lorg/springframework/core/io/support/SpringFactoriesLoader; 121 <appendix> member <vmtarget> ; # org/springframework/core/io/support/SpringFactoriesLoader$$Lambda+0x0000000082752210
instanceKlass  @bci org/springframework/core/io/support/SpringFactoriesLoader forResourceLocation (Ljava/lang/String;Ljava/lang/ClassLoader;)Lorg/springframework/core/io/support/SpringFactoriesLoader; 93 <appendix> argL0 ; # org/springframework/core/io/support/SpringFactoriesLoader$$Lambda+0x0000000082751db0
instanceKlass  @bci org/springframework/core/io/support/SpringFactoriesLoader$FailureHandler handleMessage (Ljava/util/function/BiConsumer;)Lorg/springframework/core/io/support/SpringFactoriesLoader$FailureHandler; 14 <appendix> member <vmtarget> ; # org/springframework/core/io/support/SpringFactoriesLoader$FailureHandler$$Lambda+0x0000000082751b80
instanceKlass  @bci org/springframework/core/io/support/SpringFactoriesLoader$FailureHandler throwing (Ljava/util/function/BiFunction;)Lorg/springframework/core/io/support/SpringFactoriesLoader$FailureHandler; 14 <appendix> member <vmtarget> ; # org/springframework/core/io/support/SpringFactoriesLoader$FailureHandler$$Lambda+0x0000000082751940
instanceKlass  @bci org/springframework/core/io/support/SpringFactoriesLoader$FailureHandler throwing ()Lorg/springframework/core/io/support/SpringFactoriesLoader$FailureHandler; 13 <appendix> argL0 ; # org/springframework/core/io/support/SpringFactoriesLoader$FailureHandler$$Lambda+0x0000000082751708
instanceKlass org/springframework/core/io/support/SpringFactoriesLoader
instanceKlass org/springframework/core/io/support/SpringFactoriesLoader$FailureHandler
instanceKlass org/springframework/test/context/util/TestContextSpringFactoriesUtils
instanceKlass org/springframework/test/context/ApplicationContextFailureProcessor
instanceKlass org/springframework/test/context/cache/ContextCacheUtils
instanceKlass org/springframework/test/context/cache/DefaultContextCache
instanceKlass org/springframework/test/context/MergedContextConfiguration
instanceKlass org/springframework/test/context/cache/ContextCache
instanceKlass org/springframework/core/log/LogMessage
instanceKlass org/springframework/test/context/cache/DefaultCacheAwareContextLoaderDelegate
instanceKlass org/springframework/test/context/CacheAwareContextLoaderDelegate
instanceKlass org/springframework/test/context/web/WebAppConfiguration
instanceKlass org/springframework/test/context/BootstrapUtils
instanceKlass  @bci org/springframework/test/context/junit/jupiter/SpringExtension getTestContextManager (Lorg/junit/jupiter/api/extension/ExtensionContext;)Lorg/springframework/test/context/TestContextManager; 59 <appendix> argL0 ; # org/springframework/test/context/junit/jupiter/SpringExtension$$Lambda+0x000000008274ec98
instanceKlass org/springframework/test/context/TestContextManager
instanceKlass  @bci org/springframework/util/ReflectionUtils$MethodFilter and (Lorg/springframework/util/ReflectionUtils$MethodFilter;)Lorg/springframework/util/ReflectionUtils$MethodFilter; 28 <appendix> member <vmtarget> ; # org/springframework/util/ReflectionUtils$MethodFilter$$Lambda+0x000000008274e7f8
instanceKlass  @bci org/springframework/test/context/junit/jupiter/SpringExtension <clinit> ()V 204 <appendix> argL0 ; # org/springframework/test/context/junit/jupiter/SpringExtension$$Lambda+0x000000008274e5c0
instanceKlass  @bci org/springframework/test/web/servlet/result/HeaderResultMatchers string (Ljava/lang/String;Ljava/lang/String;)Lorg/springframework/test/web/servlet/ResultMatcher; 15 <appendix> member <vmtarget> ; # org/springframework/test/web/servlet/result/HeaderResultMatchers$$Lambda+0x000000008274e390
instanceKlass org/springframework/test/web/servlet/result/HeaderResultMatchers
instanceKlass org/springframework/http/server/ServletRequestHeadersAdapter$HeaderNamesIterator
# instanceKlass java/lang/invoke/LambdaForm$MH+0x000000008246d000
instanceKlass  @bci org/springframework/data/web/PageableHandlerMethodArgumentResolverSupport lambda$getPageable$1 (Ljava/util/Optional;)Ljava/lang/Integer; 23 <appendix> argL0 ; # org/springframework/data/web/PageableHandlerMethodArgumentResolverSupport$$Lambda+0x000000008274d6b0
instanceKlass  @bci org/springframework/data/web/PageableHandlerMethodArgumentResolverSupport lambda$getPageable$1 (Ljava/util/Optional;)Ljava/lang/Integer; 15 <appendix> argL0 ; # org/springframework/data/web/PageableHandlerMethodArgumentResolverSupport$$Lambda+0x000000008274d468
# instanceKlass java/lang/invoke/LambdaForm$MH+0x000000008246ec00
# instanceKlass java/lang/invoke/LambdaForm$MH+0x000000008246e800
# instanceKlass java/lang/invoke/LambdaForm$BMH+0x000000008246fc00
# instanceKlass java/lang/invoke/LambdaForm$DMH+0x000000008246f800
# instanceKlass java/lang/invoke/LambdaForm$DMH+0x000000008246f400
instanceKlass org/springframework/http/server/ServletRequestHeadersAdapter$RequestHeaderOverrideWrapper
instanceKlass org/springframework/http/server/ServletRequestHeadersAdapter
instanceKlass  @bci org/springframework/test/web/servlet/result/JsonPathResultMatchers value (Ljava/lang/Object;)Lorg/springframework/test/web/servlet/ResultMatcher; 16 <appendix> member <vmtarget> ; # org/springframework/test/web/servlet/result/JsonPathResultMatchers$$Lambda+0x000000008274c948
instanceKlass  @bci org/springframework/test/web/servlet/result/JsonPathResultMatchers isEmpty ()Lorg/springframework/test/web/servlet/ResultMatcher; 15 <appendix> member <vmtarget> ; # org/springframework/test/web/servlet/result/JsonPathResultMatchers$$Lambda+0x000000008274c718
instanceKlass org/hamcrest/Description$NullDescription
instanceKlass org/hamcrest/Description
instanceKlass org/hamcrest/MatcherAssert
instanceKlass org/hamcrest/BaseMatcher
instanceKlass org/hamcrest/Matcher
instanceKlass org/hamcrest/SelfDescribing
instanceKlass org/hamcrest/CoreMatchers
instanceKlass com/jayway/jsonpath/internal/PathRef
instanceKlass com/jayway/jsonpath/EvaluationListener$FoundResult
instanceKlass com/jayway/jsonpath/internal/path/EvaluationContextImpl
instanceKlass net/minidev/json/parser/JSONParserBase$MSB
instanceKlass net/minidev/json/parser/JSONParserBase
instanceKlass net/minidev/json/parser/JSONParser
instanceKlass  @bci org/springframework/test/web/servlet/result/JsonPathResultMatchers isArray ()Lorg/springframework/test/web/servlet/ResultMatcher; 15 <appendix> member <vmtarget> ; # org/springframework/test/web/servlet/result/JsonPathResultMatchers$$Lambda+0x0000000082748d58
instanceKlass net/minidev/json/reader/JsonWriter$WriterByInterface
instanceKlass net/minidev/json/reader/JsonWriter$18
instanceKlass net/minidev/json/reader/JsonWriter$17
instanceKlass net/minidev/json/reader/JsonWriter$16
instanceKlass net/minidev/json/reader/JsonWriter$15
instanceKlass net/minidev/json/reader/JsonWriter$14
instanceKlass net/minidev/json/reader/JsonWriter$13
instanceKlass net/minidev/json/reader/JsonWriter$12
instanceKlass net/minidev/json/reader/JsonWriter$11
instanceKlass net/minidev/json/reader/JsonWriter$10
instanceKlass net/minidev/json/reader/JsonWriter$9
instanceKlass net/minidev/json/reader/JsonWriter$8
instanceKlass net/minidev/json/reader/ArrayWriter
instanceKlass net/minidev/json/reader/BeansWriter
instanceKlass net/minidev/asm/FieldFilter
instanceKlass net/minidev/json/reader/BeansWriterASM
instanceKlass net/minidev/json/reader/JsonWriter$7
instanceKlass net/minidev/json/reader/JsonWriter$6
instanceKlass net/minidev/json/reader/JsonWriter$5
instanceKlass net/minidev/json/reader/JsonWriter$4
instanceKlass net/minidev/json/reader/JsonWriter$3
instanceKlass net/minidev/json/reader/JsonWriter$2
instanceKlass net/minidev/json/reader/JsonWriter$1
instanceKlass net/minidev/json/reader/JsonWriterI
instanceKlass net/minidev/json/reader/JsonWriter
instanceKlass net/minidev/json/JStylerObj$Escape4Web
instanceKlass net/minidev/json/JStylerObj$EscapeLT
instanceKlass net/minidev/json/JStylerObj$MPAgressive
instanceKlass net/minidev/json/JStylerObj$MPTrue
instanceKlass net/minidev/json/JStylerObj$MPSimple
instanceKlass net/minidev/json/JStylerObj
instanceKlass net/minidev/json/JStylerObj$StringProtector
instanceKlass net/minidev/json/JStylerObj$MustProtect
instanceKlass net/minidev/json/JSONStyle
instanceKlass net/minidev/json/JSONValue
instanceKlass com/jayway/jsonpath/spi/json/AbstractJsonProvider
instanceKlass com/jayway/jsonpath/Configuration$ConfigurationBuilder
instanceKlass com/jayway/jsonpath/spi/mapper/JsonSmartMappingProvider$1
instanceKlass net/minidev/json/JSONStreamAwareEx
instanceKlass net/minidev/json/JSONStreamAware
instanceKlass net/minidev/json/JSONAwareEx
instanceKlass net/minidev/json/JSONAware
instanceKlass net/minidev/json/writer/JsonReader
instanceKlass net/minidev/json/writer/JsonReaderI
instanceKlass com/jayway/jsonpath/spi/mapper/JsonSmartMappingProvider
instanceKlass com/jayway/jsonpath/spi/json/JsonProvider
instanceKlass com/jayway/jsonpath/spi/mapper/MappingProvider
instanceKlass com/jayway/jsonpath/internal/DefaultsImpl
instanceKlass com/jayway/jsonpath/Configuration$Defaults
instanceKlass com/jayway/jsonpath/Configuration
instanceKlass com/jayway/jsonpath/internal/path/CompiledPath
instanceKlass com/jayway/jsonpath/internal/path/RootPathToken$1
instanceKlass com/jayway/jsonpath/internal/path/PathTokenAppender
instanceKlass com/jayway/jsonpath/internal/EvaluationContext
instanceKlass com/jayway/jsonpath/internal/path/PathToken
instanceKlass com/jayway/jsonpath/internal/path/PathTokenFactory
instanceKlass com/jayway/jsonpath/internal/CharacterIndex
instanceKlass com/jayway/jsonpath/internal/Path
instanceKlass com/jayway/jsonpath/internal/path/PathCompiler
instanceKlass com/jayway/jsonpath/internal/Utils
instanceKlass com/jayway/jsonpath/ParseContext
instanceKlass com/jayway/jsonpath/JsonPath
instanceKlass com/jayway/jsonpath/Predicate
instanceKlass com/jayway/jsonpath/TypeRef
instanceKlass org/springframework/test/util/JsonPathExpectationsHelper
instanceKlass org/springframework/test/web/servlet/result/JsonPathResultMatchers
instanceKlass java/beans/PropertyEditorSupport
instanceKlass  @bci org/springframework/util/StringUtils truncate (Ljava/lang/CharSequence;I)Ljava/lang/String; 49 <appendix> member <vmtarget> ; # org/springframework/util/StringUtils$$Lambda+0x000000008272f9c8
instanceKlass org/springframework/core/convert/support/StringToNumberConverterFactory$StringToNumber
# instanceKlass java/lang/invoke/LambdaForm$MH+0x0000000082730000
instanceKlass org/springframework/core/NestedExceptionUtils
instanceKlass  @bci org/springframework/web/servlet/mvc/support/DefaultHandlerExceptionResolver handleErrorResponse (Lorg/springframework/web/ErrorResponse;Ljakarta/servlet/http/HttpServletRequest;Ljakarta/servlet/http/HttpServletResponse;Ljava/lang/Object;)Lorg/springframework/web/servlet/ModelAndView; 78 <appendix> member <vmtarget> ; # org/springframework/web/servlet/mvc/support/DefaultHandlerExceptionResolver$$Lambda+0x000000008272f018
instanceKlass  @bci org/springframework/web/method/annotation/ExceptionHandlerMethodResolver$ExceptionMapping hashCode ()I 14 <appendix> argL1 argL0 member <vmtarget> ; # org/springframework/web/method/annotation/ExceptionHandlerMethodResolver$ExceptionMapping$$HasherSpecializer+0x000000008272ee08
instanceKlass  @bci org/springframework/web/method/annotation/ExceptionHandlerMethodResolver <init> (Ljava/lang/Class;)V 52 <appendix> member <vmtarget> ; # org/springframework/web/method/annotation/ExceptionHandlerMethodResolver$$Lambda+0x000000008272ebb8
instanceKlass org/springframework/web/bind/annotation/ExceptionHandler
instanceKlass org/springframework/web/method/annotation/ExceptionHandlerMappingInfo
instanceKlass  @bci org/springframework/web/method/annotation/ExceptionHandlerMethodResolver <clinit> ()V 14 <appendix> argL0 ; # org/springframework/web/method/annotation/ExceptionHandlerMethodResolver$$Lambda+0x000000008272e330
instanceKlass  @bci org/springframework/web/servlet/mvc/method/annotation/ExceptionHandlerExceptionResolver getExceptionHandlerMethod (Lorg/springframework/web/method/HandlerMethod;Ljava/lang/Exception;Lorg/springframework/web/context/request/ServletWebRequest;)Lorg/springframework/web/servlet/mvc/method/annotation/ServletInvocableHandlerMethod; 216 <appendix> argL0 ; # org/springframework/web/servlet/mvc/method/annotation/ExceptionHandlerExceptionResolver$$Lambda+0x000000008272e0e8
instanceKlass org/springframework/web/method/annotation/ExceptionHandlerMethodResolver
instanceKlass org/springframework/web/servlet/function/HandlerFunction
instanceKlass org/springframework/web/HttpRequestHandler
instanceKlass org/springframework/web/ErrorResponse$Builder
instanceKlass java/lang/Package$1PackageInfoProxy
instanceKlass org/jspecify/annotations/NullMarked
instanceKlass org/jspecify/annotations/NonNull
instanceKlass  @bci org/springframework/http/HttpHeaders lambda$formatHeaders$0 (Lorg/springframework/util/MultiValueMap;Ljava/lang/String;)Ljava/lang/String; 132 <appendix> argL0 ; # org/springframework/http/HttpHeaders$$Lambda+0x000000008272c588
instanceKlass  @bci org/springframework/http/HttpHeaders formatHeaders (Lorg/springframework/util/MultiValueMap;)Ljava/lang/String; 126 <appendix> member <vmtarget> ; # org/springframework/http/HttpHeaders$$Lambda+0x000000008272c338
instanceKlass  @bci org/springframework/test/web/servlet/result/PrintingResultHandler getParamsMultiValueMap (Lorg/springframework/mock/web/MockHttpServletRequest;)Lorg/springframework/util/MultiValueMap; 48 <appendix> member <vmtarget> ; # org/springframework/test/web/servlet/result/PrintingResultHandler$$Lambda+0x000000008272c0f8
instanceKlass org/springframework/test/web/servlet/result/MockMvcResultHandlers$PrintWriterPrintingResultHandler$1
instanceKlass org/springframework/test/web/servlet/result/PrintingResultHandler$ResultValuePrinter
instanceKlass org/springframework/test/web/servlet/result/PrintingResultHandler
instanceKlass org/springframework/test/web/servlet/ResultHandler
instanceKlass org/springframework/test/web/servlet/result/MockMvcResultHandlers
# instanceKlass java/lang/invoke/LambdaForm$MH+0x0000000082725400
instanceKlass org/mockito/internal/matchers/Or
instanceKlass org/mockito/AdditionalMatchers
instanceKlass org/mockito/internal/matchers/Null
instanceKlass java/lang/SafeVarargs
instanceKlass org/springframework/data/core/TypedPropertyPath
instanceKlass org/springframework/data/core/PropertyPath
instanceKlass tools/jackson/databind/introspect/MethodGenericTypeResolver
instanceKlass org/springframework/data/domain/Limit
instanceKlass org/springframework/data/domain/OffsetScrollPosition
instanceKlass org/springframework/data/domain/ScrollPosition
instanceKlass tools/jackson/databind/ser/impl/PropertySerializerMap$SerializerAndMapResult
instanceKlass tools/jackson/databind/introspect/AnnotationCollector$OneAnnotation
instanceKlass java/security/CodeSigner
instanceKlass com/fasterxml/jackson/databind/ser/std/NumberSerializers$1
instanceKlass com/fasterxml/jackson/databind/annotation/JsonAppend
instanceKlass com/fasterxml/jackson/databind/introspect/POJOPropertyBuilder$1
instanceKlass com/fasterxml/jackson/databind/ser/PropertyBuilder$1
instanceKlass com/fasterxml/jackson/databind/BeanProperty$Std
instanceKlass com/fasterxml/jackson/databind/introspect/POJOPropertyBuilder$2
instanceKlass com/fasterxml/jackson/databind/introspect/POJOPropertyBuilder$3
instanceKlass com/fasterxml/jackson/databind/ser/PropertyBuilder
instanceKlass com/fasterxml/jackson/databind/ser/BeanSerializerBuilder
instanceKlass com/fasterxml/jackson/databind/ObjectWriter
instanceKlass com/fasterxml/jackson/databind/introspect/AnnotationCollector$OneAnnotation
# instanceKlass java/lang/invoke/LambdaForm$MH+0x0000000082725000
# instanceKlass java/lang/invoke/LambdaForm$MH+0x0000000082724c00
# instanceKlass java/lang/invoke/LambdaForm$MH+0x0000000082724800
# instanceKlass java/lang/invoke/LambdaForm$MH+0x0000000082724400
# instanceKlass java/lang/invoke/LambdaForm$DMH+0x0000000082724000
instanceKlass  @bci org/springframework/data/web/PageableHandlerMethodArgumentResolverSupport getPageable (Lorg/springframework/core/MethodParameter;Ljava/lang/String;Ljava/lang/String;)Lorg/springframework/data/domain/Pageable; 388 <appendix> argL0 ; # org/springframework/data/web/PageableHandlerMethodArgumentResolverSupport$$Lambda+0x0000000082722a50
instanceKlass  @bci org/springframework/data/web/PageableHandlerMethodArgumentResolverSupport getPageable (Lorg/springframework/core/MethodParameter;Ljava/lang/String;Ljava/lang/String;)Lorg/springframework/data/domain/Pageable; 380 <appendix> argL0 ; # org/springframework/data/web/PageableHandlerMethodArgumentResolverSupport$$Lambda+0x0000000082722808
instanceKlass  @bci org/springframework/data/web/PageableHandlerMethodArgumentResolverSupport getPageable (Lorg/springframework/core/MethodParameter;Ljava/lang/String;Ljava/lang/String;)Lorg/springframework/data/domain/Pageable; 250 <appendix> member <vmtarget> ; # org/springframework/data/web/PageableHandlerMethodArgumentResolverSupport$$Lambda+0x00000000827225d8
instanceKlass  @bci org/springframework/data/web/PageableHandlerMethodArgumentResolverSupport lambda$getPageable$0 (Ljava/util/Optional;)Ljava/lang/Integer; 23 <appendix> argL0 ; # org/springframework/data/web/PageableHandlerMethodArgumentResolverSupport$$Lambda+0x00000000827223b0
instanceKlass  @bci org/springframework/data/web/PageableHandlerMethodArgumentResolverSupport lambda$getPageable$0 (Ljava/util/Optional;)Ljava/lang/Integer; 15 <appendix> argL0 ; # org/springframework/data/web/PageableHandlerMethodArgumentResolverSupport$$Lambda+0x0000000082722168
instanceKlass  @bci org/springframework/data/web/PageableHandlerMethodArgumentResolverSupport getPageable (Lorg/springframework/core/MethodParameter;Ljava/lang/String;Ljava/lang/String;)Lorg/springframework/data/domain/Pageable; 212 <appendix> member <vmtarget> ; # org/springframework/data/web/PageableHandlerMethodArgumentResolverSupport$$Lambda+0x0000000082721f38
instanceKlass org/springframework/data/web/SortDefault$SortDefaults
instanceKlass org/springframework/data/web/SortDefault
instanceKlass org/springframework/beans/factory/annotation/Qualifier
instanceKlass org/springframework/data/web/SpringDataAnnotationUtils
instanceKlass org/springframework/web/accept/SemanticApiVersionParser$Version
instanceKlass jakarta/servlet/http/PushBuilder
instanceKlass org/springframework/web/bind/annotation/RequestAttribute
instanceKlass org/springframework/web/bind/annotation/SessionAttribute
instanceKlass org/springframework/web/bind/annotation/CookieValue
instanceKlass org/springframework/web/bind/annotation/RequestHeader
instanceKlass org/springframework/web/bind/annotation/RequestBody
instanceKlass org/springframework/web/bind/annotation/MatrixVariable
instanceKlass org/springframework/test/json/JsonComparison
instanceKlass org/skyscreamer/jsonassert/JSONCompareResult
instanceKlass org/json/JSONObject
instanceKlass org/json/JSONTokener
instanceKlass org/json/JSONArray
instanceKlass org/skyscreamer/jsonassert/JSONParser
instanceKlass org/skyscreamer/jsonassert/JSONCompare
instanceKlass  @bci org/springframework/test/web/servlet/result/ContentResultMatchers json (Ljava/lang/String;Lorg/springframework/test/json/JsonComparator;)Lorg/springframework/test/web/servlet/ResultMatcher; 16 <appendix> member <vmtarget> ; # org/springframework/test/web/servlet/result/ContentResultMatchers$$Lambda+0x000000008271e4e0
instanceKlass org/skyscreamer/jsonassert/comparator/AbstractComparator
instanceKlass org/skyscreamer/jsonassert/comparator/JSONComparator
instanceKlass org/springframework/test/json/JsonAssert$JsonAssertJsonComparator
instanceKlass org/springframework/test/json/JsonComparator
instanceKlass org/springframework/test/json/JsonAssert
instanceKlass org/springframework/test/util/XmlExpectationsHelper
instanceKlass org/springframework/test/web/servlet/result/ContentResultMatchers
instanceKlass com/fasterxml/jackson/annotation/JacksonAnnotationsInside
instanceKlass tools/jackson/databind/type/TypeBindings$AsKey
instanceKlass tools/jackson/databind/type/TypeBindings$TypeParamStash
instanceKlass com/fasterxml/jackson/databind/ser/impl/PropertySerializerMap
instanceKlass sun/reflect/generics/reflectiveObjects/GenericArrayTypeImpl
instanceKlass com/fasterxml/jackson/databind/annotation/JsonTypeResolver
instanceKlass jakarta/servlet/ServletRequestWrapper
instanceKlass  @bci org/springframework/util/MultiValueMapAdapter addAll (Ljava/lang/Object;Ljava/util/List;)V 20 <appendix> member <vmtarget> ; # org/springframework/util/MultiValueMapAdapter$$Lambda+0x000000008271ad18
instanceKlass org/mockito/internal/verification/NoInteractions
instanceKlass org/springframework/test/util/AssertionErrors
instanceKlass  @bci org/springframework/test/web/servlet/result/StatusResultMatchers matcher (Lorg/springframework/http/HttpStatusCode;)Lorg/springframework/test/web/servlet/ResultMatcher; 15 <appendix> member <vmtarget> ; # org/springframework/test/web/servlet/result/StatusResultMatchers$$Lambda+0x000000008271a698
instanceKlass org/springframework/test/web/servlet/ResultMatcher
instanceKlass org/springframework/test/web/servlet/result/StatusResultMatchers
instanceKlass org/springframework/test/web/servlet/result/MockMvcResultMatchers
instanceKlass org/springframework/test/web/servlet/MockMvc$1
instanceKlass org/springframework/http/CacheControl
instanceKlass  @bci org/springframework/web/method/annotation/SessionAttributesHandler storeAttributes (Lorg/springframework/web/context/request/WebRequest;Ljava/util/Map;)V 17 <appendix> member <vmtarget> ; # org/springframework/web/method/annotation/SessionAttributesHandler$$Lambda+0x0000000082719700
instanceKlass tools/jackson/core/io/NumberOutput
instanceKlass  @bci tools/jackson/databind/util/internal/UnreflectHandleSupplier initialize ()Ljava/lang/invoke/MethodHandle; 86 <appendix> member <vmtarget> ; # tools/jackson/databind/util/internal/UnreflectHandleSupplier$$Lambda+0x00000000827192c0
instanceKlass tools/jackson/databind/ser/jdk/NumberSerializers$1
instanceKlass com/fasterxml/jackson/annotation/JsonFilter
instanceKlass com/fasterxml/jackson/annotation/JsonIncludeProperties$Value
instanceKlass com/fasterxml/jackson/annotation/JsonIncludeProperties
instanceKlass com/fasterxml/jackson/annotation/JsonIgnoreProperties$Value
instanceKlass com/fasterxml/jackson/annotation/JsonIgnoreProperties
instanceKlass tools/jackson/databind/annotation/JsonAppend
instanceKlass tools/jackson/databind/ser/PropertyBuilder$1
instanceKlass tools/jackson/databind/BeanProperty$Std
instanceKlass com/fasterxml/jackson/annotation/JsonTypeId
instanceKlass tools/jackson/databind/ser/PropertyBuilder
instanceKlass com/fasterxml/jackson/annotation/JsonIgnoreType
instanceKlass tools/jackson/databind/ser/BeanSerializerBuilder
instanceKlass tools/jackson/databind/ObjectReader
instanceKlass tools/jackson/databind/util/BeanUtil
instanceKlass tools/jackson/databind/PropertyMetadata
instanceKlass tools/jackson/databind/annotation/JsonNaming
instanceKlass tools/jackson/databind/introspect/POJOPropertyBuilder$2
instanceKlass tools/jackson/databind/introspect/POJOPropertyBuilder$1
instanceKlass tools/jackson/databind/introspect/POJOPropertiesCollector$1
instanceKlass tools/jackson/databind/cfg/ConstructorDetector
instanceKlass tools/jackson/databind/introspect/PotentialCreator
instanceKlass  @bci tools/jackson/databind/introspect/AnnotatedCreatorCollector collect (Ljava/lang/Class;)Ltools/jackson/databind/introspect/AnnotatedClass$Creators; 202 <appendix> member <vmtarget> ; # tools/jackson/databind/introspect/AnnotatedCreatorCollector$$Lambda+0x0000000082712910
instanceKlass  @bci tools/jackson/databind/introspect/AnnotatedCreatorCollector collect (Ljava/lang/Class;)Ltools/jackson/databind/introspect/AnnotatedClass$Creators; 180 <appendix> member <vmtarget> ; # tools/jackson/databind/introspect/AnnotatedCreatorCollector$$Lambda+0x00000000827126b0
instanceKlass  @bci tools/jackson/databind/util/internal/UnreflectHandleSupplier <init> (Ljava/lang/invoke/MethodType;)V 26 <appendix> member <vmtarget> ; # tools/jackson/databind/util/internal/UnreflectHandleSupplier$$Lambda+0x0000000082712010
instanceKlass tools/jackson/databind/util/internal/UnreflectHandleSupplier
instanceKlass tools/jackson/databind/introspect/AnnotatedMethodCollector$MethodBuilder
instanceKlass tools/jackson/databind/introspect/MemberKey
instanceKlass tools/jackson/databind/introspect/POJOPropertyBuilder$Linked
instanceKlass tools/jackson/databind/AnnotationIntrospector$ReferenceProperty
instanceKlass tools/jackson/databind/introspect/POJOPropertyBuilder$WithMember
instanceKlass tools/jackson/databind/PropertyName
instanceKlass tools/jackson/databind/introspect/AnnotatedFieldCollector$FieldBuilder
instanceKlass tools/jackson/databind/introspect/TypeResolutionContext$Basic
instanceKlass tools/jackson/databind/introspect/AnnotationMap
instanceKlass tools/jackson/databind/introspect/CollectorBase
instanceKlass tools/jackson/databind/introspect/PotentialCreators
instanceKlass  @bci tools/jackson/databind/util/RecordUtil getRecordFieldNames (Ljava/lang/Class;)[Ljava/lang/String; 80 <appendix> argL0 ; # tools/jackson/databind/util/RecordUtil$$Lambda+0x000000008270e998
instanceKlass  @bci tools/jackson/databind/util/RecordUtil getRecordFieldNames (Ljava/lang/Class;)[Ljava/lang/String; 70 <appendix> argL0 ; # tools/jackson/databind/util/RecordUtil$$Lambda+0x000000008270e750
instanceKlass tools/jackson/databind/util/RecordUtil
instanceKlass tools/jackson/databind/ext/sql/JavaSqlTypeHandlerFactory
instanceKlass tools/jackson/databind/ext/OptionalHandlerFactory
instanceKlass tools/jackson/databind/ser/jdk/JDKMiscSerializers
instanceKlass tools/jackson/databind/ser/jdk/NumberSerializers
instanceKlass tools/jackson/databind/ser/jdk/JDKCoreSerializers
instanceKlass tools/jackson/databind/ser/impl/PropertySerializerMap
instanceKlass com/fasterxml/jackson/annotation/JsonInclude
instanceKlass tools/jackson/databind/introspect/POJOPropertiesCollector
instanceKlass tools/jackson/databind/util/ArrayIterator
instanceKlass tools/jackson/databind/annotation/JsonTypeResolver
instanceKlass tools/jackson/databind/introspect/AnnotatedClassResolver
instanceKlass tools/jackson/databind/BeanDescription$SupplierBase
instanceKlass tools/jackson/databind/util/internal/PrivateMaxEntriesMap$AddTask
instanceKlass tools/jackson/databind/util/internal/PrivateMaxEntriesMap$WeightedValue
instanceKlass tools/jackson/databind/type/ClassStack
instanceKlass tools/jackson/core/io/CharTypes$AltQuoteEscapes
instanceKlass tools/jackson/core/util/JacksonFeatureSet
instanceKlass tools/jackson/core/TokenStreamContext
instanceKlass tools/jackson/core/util/TextBuffer
instanceKlass tools/jackson/core/io/IOContext
instanceKlass tools/jackson/core/util/BufferRecycler
instanceKlass tools/jackson/core/io/ContentReference
instanceKlass tools/jackson/databind/util/internal/PrivateMaxEntriesMap$EntryIterator
instanceKlass  @bci tools/jackson/databind/ser/impl/ReadOnlyClassToSerializerMap <init> (Ltools/jackson/databind/ser/SerializerCache;Ltools/jackson/databind/util/LookupCache;)V 93 <appendix> member <vmtarget> ; # tools/jackson/databind/ser/impl/ReadOnlyClassToSerializerMap$$Lambda+0x00000000827014c8
instanceKlass tools/jackson/databind/util/TypeKey
instanceKlass tools/jackson/databind/ser/impl/ReadOnlyClassToSerializerMap$Bucket
instanceKlass tools/jackson/databind/ser/impl/ReadOnlyClassToSerializerMap
instanceKlass tools/jackson/databind/BeanDescription$Supplier
instanceKlass tools/jackson/databind/ObjectWriter$Prefetch
instanceKlass tools/jackson/databind/cfg/GeneratorSettings
instanceKlass tools/jackson/databind/ObjectWriter
instanceKlass org/springframework/util/TypeUtils
instanceKlass org/springframework/core/SerializableTypeWrapper$SerializableTypeProxy
instanceKlass org/springframework/util/StreamUtils
instanceKlass  @bci org/springframework/http/converter/AbstractJacksonHttpMessageConverter writeInternal (Ljava/lang/Object;Lorg/springframework/core/ResolvableType;Lorg/springframework/http/HttpOutputMessage;Ljava/util/Map;)V 130 <appendix> member <vmtarget> ; # org/springframework/http/converter/AbstractJacksonHttpMessageConverter$$Lambda+0x00000000826fddf0
instanceKlass org/springframework/http/StreamingHttpOutputMessage
instanceKlass org/springframework/web/servlet/mvc/method/annotation/AbstractMessageConverterMethodProcessor$2
instanceKlass  @bci org/springframework/web/servlet/mvc/method/annotation/AbstractMessageConverterMethodProcessor writeWithMessageConverters (Ljava/lang/Object;Lorg/springframework/core/MethodParameter;Lorg/springframework/http/server/ServletServerHttpRequest;Lorg/springframework/http/server/ServletServerHttpResponse;)V 2305 <appendix> member <vmtarget> ; # org/springframework/web/servlet/mvc/method/annotation/AbstractMessageConverterMethodProcessor$$Lambda+0x00000000826fd788
instanceKlass jdk/internal/ValueBased
instanceKlass jakarta/xml/bind/annotation/XmlRootElement
instanceKlass jakarta/xml/bind/JAXBElement
instanceKlass com/fasterxml/jackson/databind/util/BeanUtil
instanceKlass com/fasterxml/jackson/databind/ext/Java7Handlers
instanceKlass org/w3c/dom/Document
instanceKlass org/w3c/dom/Node
instanceKlass com/fasterxml/jackson/databind/ext/OptionalHandlerFactory
instanceKlass com/fasterxml/jackson/databind/PropertyMetadata
instanceKlass com/fasterxml/jackson/annotation/JsonPropertyDescription
instanceKlass com/fasterxml/jackson/annotation/JsonPropertyOrder
instanceKlass com/fasterxml/jackson/databind/annotation/JsonNaming
instanceKlass com/fasterxml/jackson/annotation/JacksonInject
instanceKlass com/fasterxml/jackson/databind/introspect/POJOPropertyBuilder$6
instanceKlass com/fasterxml/jackson/databind/introspect/POJOPropertyBuilder$5
instanceKlass com/fasterxml/jackson/databind/cfg/ConstructorDetector
instanceKlass com/fasterxml/jackson/databind/introspect/PotentialCreator
instanceKlass com/fasterxml/jackson/annotation/JsonCreator
instanceKlass com/fasterxml/jackson/databind/introspect/MethodGenericTypeResolver
instanceKlass com/fasterxml/jackson/databind/type/TypeBindings$AsKey
instanceKlass com/fasterxml/jackson/databind/type/TypeBindings$TypeParamStash
instanceKlass com/fasterxml/jackson/annotation/JsonSetter
instanceKlass com/fasterxml/jackson/databind/introspect/AnnotatedMethodMap
instanceKlass com/fasterxml/jackson/databind/introspect/AnnotatedMethodCollector$MethodBuilder
instanceKlass com/fasterxml/jackson/databind/introspect/MemberKey
instanceKlass com/fasterxml/jackson/databind/introspect/POJOPropertyBuilder$Linked
instanceKlass com/fasterxml/jackson/databind/AnnotationIntrospector$ReferenceProperty
instanceKlass com/fasterxml/jackson/databind/introspect/POJOPropertyBuilder$WithMember
instanceKlass com/fasterxml/jackson/annotation/JsonIgnore
instanceKlass com/fasterxml/jackson/annotation/JsonAutoDetect$1
instanceKlass com/fasterxml/jackson/annotation/JsonProperty
instanceKlass com/fasterxml/jackson/annotation/JsonGetter
instanceKlass com/fasterxml/jackson/databind/PropertyName
instanceKlass com/fasterxml/jackson/annotation/JsonAnySetter
instanceKlass com/fasterxml/jackson/annotation/JsonAnyGetter
instanceKlass com/fasterxml/jackson/annotation/JsonValue
instanceKlass com/fasterxml/jackson/annotation/JsonKey
instanceKlass com/fasterxml/jackson/databind/introspect/AnnotatedFieldCollector$FieldBuilder
instanceKlass com/fasterxml/jackson/databind/introspect/TypeResolutionContext$Basic
instanceKlass com/fasterxml/jackson/databind/introspect/AnnotationMap
instanceKlass com/fasterxml/jackson/databind/introspect/CollectorBase
instanceKlass com/fasterxml/jackson/databind/introspect/PotentialCreators
instanceKlass com/fasterxml/jackson/databind/util/ArrayIterator
instanceKlass com/fasterxml/jackson/annotation/JsonIdentityInfo
instanceKlass com/fasterxml/jackson/annotation/JsonAutoDetect
instanceKlass com/fasterxml/jackson/databind/introspect/POJOPropertiesCollector
instanceKlass com/fasterxml/jackson/databind/util/internal/PrivateMaxEntriesMap$AddTask
instanceKlass com/fasterxml/jackson/databind/util/internal/PrivateMaxEntriesMap$WeightedValue
instanceKlass com/fasterxml/jackson/databind/type/ClassStack
instanceKlass com/fasterxml/jackson/databind/util/internal/PrivateMaxEntriesMap$EntryIterator
instanceKlass  @bci com/fasterxml/jackson/databind/ser/impl/ReadOnlyClassToSerializerMap <init> (Lcom/fasterxml/jackson/databind/util/LookupCache;)V 91 <appendix> member <vmtarget> ; # com/fasterxml/jackson/databind/ser/impl/ReadOnlyClassToSerializerMap$$Lambda+0x00000000826f2a78
instanceKlass com/fasterxml/jackson/databind/util/TypeKey
instanceKlass com/fasterxml/jackson/databind/ser/impl/ReadOnlyClassToSerializerMap$Bucket
instanceKlass com/fasterxml/jackson/databind/ser/impl/ReadOnlyClassToSerializerMap
instanceKlass org/springframework/http/converter/json/MappingJacksonValue
instanceKlass  @bci org/springframework/util/MimeTypeUtils sortBySpecificity (Ljava/util/List;)V 102 <appendix> argL0 ; # org/springframework/util/MimeTypeUtils$$Lambda+0x00000000826f1d78
instanceKlass  @bci org/springframework/mock/web/HeaderValueHolder getStringValues ()Ljava/util/List; 23 <appendix> argL0 ; # org/springframework/mock/web/HeaderValueHolder$$Lambda+0x00000000826f1b30
instanceKlass org/springframework/http/server/ServletResponseHeadersAdapter
instanceKlass org/springframework/http/server/ServletServerHttpResponse
instanceKlass org/springframework/http/server/ServerHttpAsyncRequestControl
instanceKlass org/springframework/http/server/ServletServerHttpRequest
instanceKlass  @bci org/springframework/web/servlet/mvc/method/annotation/RequestResponseBodyMethodProcessor supportsReturnType (Lorg/springframework/core/MethodParameter;)Z 22 <appendix> argL0 ; # org/springframework/web/servlet/mvc/method/annotation/RequestResponseBodyMethodProcessor$$Lambda+0x00000000826f08d0
instanceKlass org/springframework/web/context/request/async/WebAsyncTask
instanceKlass org/springframework/web/context/request/async/DeferredResult
instanceKlass org/springframework/web/servlet/mvc/method/annotation/StreamingResponseBody
instanceKlass org/springframework/web/servlet/view/FragmentsRendering
instanceKlass org/springframework/web/servlet/ModelAndView
instanceKlass org/springframework/web/method/support/AsyncHandlerMethodReturnValueHandler
instanceKlass org/springframework/core/convert/support/ConversionUtils
instanceKlass java/util/concurrent/ConcurrentLinkedDeque$AbstractItr
instanceKlass org/springframework/core/convert/support/GenericConversionService$ConverterCacheKey
instanceKlass  @bci org/springframework/core/convert/TypeDescriptor <init> (Lorg/springframework/core/MethodParameter;)V 63 <appendix> member <vmtarget> ; # org/springframework/core/convert/TypeDescriptor$$Lambda+0x00000000826ef3b8
instanceKlass org/springframework/core/SerializableTypeWrapper
instanceKlass org/springframework/core/SerializableTypeWrapper$MethodParameterTypeProvider
instanceKlass org/springframework/beans/TypeConverterDelegate
instanceKlass org/springframework/web/bind/support/BindParamNameResolver
instanceKlass  @bci org/springframework/web/servlet/support/ExtendedServletRequestDataBinder <init> (Ljava/lang/Object;Ljava/lang/String;)V 27 <appendix> argL0 ; # org/springframework/web/servlet/support/ExtendedServletRequestDataBinder$$Lambda+0x00000000826ee8b8
instanceKlass org/springframework/validation/DefaultBindingErrorProcessor
instanceKlass org/springframework/web/bind/ServletRequestDataBinder$ServletRequestValueResolver
instanceKlass org/springframework/validation/DataBinder$ValueResolver
instanceKlass org/springframework/beans/PropertyEditorRegistrar
instanceKlass org/springframework/beans/PropertyEditorRegistrySupport
instanceKlass org/springframework/validation/AbstractErrors
instanceKlass org/springframework/validation/BindingErrorProcessor
instanceKlass jakarta/servlet/http/Part
instanceKlass org/springframework/web/multipart/MultipartFile
instanceKlass org/springframework/web/multipart/MultipartHttpServletRequest
instanceKlass org/springframework/web/multipart/MultipartRequest
instanceKlass org/springframework/web/multipart/support/MultipartResolutionDelegate
instanceKlass org/springframework/web/bind/annotation/RequestPart
instanceKlass org/springframework/web/bind/annotation/ModelAttribute
instanceKlass  @bci org/springframework/ui/ModelMap mergeAttributes (Ljava/util/Map;)Lorg/springframework/ui/ModelMap; 50 <appendix> member <vmtarget> ; # org/springframework/ui/ModelMap$$Lambda+0x00000000826e9d28
instanceKlass org/springframework/web/servlet/support/RequestContextUtils
instanceKlass org/springframework/web/bind/support/SimpleSessionStatus
instanceKlass org/springframework/web/bind/support/SessionStatus
instanceKlass org/springframework/web/method/support/ModelAndViewContainer
instanceKlass org/springframework/web/method/annotation/ModelFactory
instanceKlass  @bci org/springframework/web/servlet/mvc/method/annotation/RequestMappingHandlerAdapter getModelFactory (Lorg/springframework/web/method/HandlerMethod;Lorg/springframework/web/bind/support/WebDataBinderFactory;)Lorg/springframework/web/method/annotation/ModelFactory; 179 <appendix> member <vmtarget> ; # org/springframework/web/servlet/mvc/method/annotation/RequestMappingHandlerAdapter$$Lambda+0x00000000826e8000
instanceKlass org/springframework/web/bind/annotation/SessionAttributes
instanceKlass  @bci org/springframework/web/servlet/mvc/method/annotation/RequestMappingHandlerAdapter getSessionAttributesHandler (Lorg/springframework/web/method/HandlerMethod;)Lorg/springframework/web/method/annotation/SessionAttributesHandler; 33 <appendix> member <vmtarget> ; # org/springframework/web/servlet/mvc/method/annotation/RequestMappingHandlerAdapter$$Lambda+0x00000000826e7a70
instanceKlass org/springframework/web/method/annotation/SessionAttributesHandler
instanceKlass org/springframework/validation/DataBinder$NameResolver
instanceKlass  @bci org/springframework/web/servlet/mvc/method/annotation/RequestMappingHandlerAdapter getDataBinderFactory (Lorg/springframework/web/method/HandlerMethod;)Lorg/springframework/web/bind/support/WebDataBinderFactory; 157 <appendix> member <vmtarget> ; # org/springframework/web/servlet/mvc/method/annotation/RequestMappingHandlerAdapter$$Lambda+0x00000000826e64b0
instanceKlass org/springframework/web/bind/annotation/InitBinder
instanceKlass  @bci org/springframework/core/MethodIntrospector selectMethods (Ljava/lang/Class;Lorg/springframework/util/ReflectionUtils$MethodFilter;)Ljava/util/Set; 16 <appendix> member <vmtarget> ; # org/springframework/core/MethodIntrospector$$Lambda+0x00000000826e6078
instanceKlass  @bci org/springframework/web/context/request/async/WebAsyncManager setAsyncWebRequest (Lorg/springframework/web/context/request/async/AsyncWebRequest;)V 46 <appendix> member <vmtarget> ; # org/springframework/web/context/request/async/WebAsyncManager$$Lambda+0x00000000826e5e48
instanceKlass jakarta/servlet/ServletResponseWrapper
instanceKlass  @bci org/springframework/mock/web/MockHttpServletResponse doAddHeaderValue (Ljava/lang/String;Ljava/lang/Object;Z)V 39 <appendix> argL0 ; # org/springframework/mock/web/MockHttpServletResponse$$Lambda+0x00000000826e3938
instanceKlass org/springframework/web/servlet/handler/AbstractHandlerMapping$CorsInterceptor
instanceKlass org/springframework/web/servlet/HandlerExecutionChain
instanceKlass  @bci org/springframework/web/servlet/mvc/method/RequestMappingInfoHandlerMapping extractMatchDetails (Lorg/springframework/web/servlet/mvc/condition/PathPatternsRequestCondition;Ljava/lang/String;Ljakarta/servlet/http/HttpServletRequest;)V 232 <appendix> member <vmtarget> ; # org/springframework/web/servlet/mvc/method/RequestMappingInfoHandlerMapping$$Lambda+0x00000000826e3010
instanceKlass io/micrometer/observation/transport/ResponseContext
instanceKlass  @bci java/util/stream/Collectors toUnmodifiableSet ()Ljava/util/stream/Collector; 19 <appendix> argL0 ; # java/util/stream/Collectors$$Lambda+0x000000008236c778
instanceKlass  @bci java/util/stream/Collectors toUnmodifiableSet ()Ljava/util/stream/Collector; 14 <appendix> argL0 ; # java/util/stream/Collectors$$Lambda+0x000000008236c528
instanceKlass  @bci java/util/stream/Collectors toUnmodifiableSet ()Ljava/util/stream/Collector; 9 <appendix> argL0 ; # java/util/stream/Collectors$$Lambda+0x000000008236c2f0
instanceKlass  @bci java/util/stream/Collectors toUnmodifiableSet ()Ljava/util/stream/Collector; 4 <appendix> argL0 ; # java/util/stream/Collectors$$Lambda+0x000000008236c0c8
instanceKlass  @bci org/springframework/http/server/observation/DefaultServerRequestObservationConvention <clinit> ()V 220 <appendix> argL0 ; # org/springframework/http/server/observation/DefaultServerRequestObservationConvention$$Lambda+0x00000000826e1fe0
instanceKlass io/micrometer/common/ImmutableKeyValue
instanceKlass io/micrometer/common/KeyValue
instanceKlass io/micrometer/observation/docs/ObservationDocumentation
instanceKlass  @bci io/micrometer/observation/ObservationConvention <clinit> ()V 19 <appendix> argL0 ; # io/micrometer/observation/ObservationConvention$$Lambda+0x00000000826df7d8
instanceKlass io/micrometer/observation/Observation$Context
instanceKlass io/micrometer/observation/Observation$ContextView
instanceKlass io/micrometer/common/docs/KeyName
instanceKlass org/springframework/http/server/observation/DefaultServerRequestObservationConvention
instanceKlass org/springframework/http/server/observation/ServerRequestObservationConvention
instanceKlass io/micrometer/observation/ObservationConvention
instanceKlass io/micrometer/observation/KeyValuesConvention
instanceKlass org/springframework/web/filter/GenericFilterBean
instanceKlass  @bci org/springframework/web/servlet/mvc/method/RequestMappingInfoHandlerMapping extractMatchDetails (Lorg/springframework/web/servlet/mvc/condition/PathPatternsRequestCondition;Ljava/lang/String;Ljakarta/servlet/http/HttpServletRequest;)V 147 <appendix> member <vmtarget> ; # org/springframework/web/servlet/mvc/method/RequestMappingInfoHandlerMapping$$Lambda+0x00000000826ddae8
instanceKlass org/springframework/web/util/pattern/PathPattern$PathMatchInfo
instanceKlass org/springframework/web/servlet/handler/AbstractHandlerMethodMapping$Match
instanceKlass org/springframework/web/cors/CorsUtils
instanceKlass  @bci org/springframework/web/util/ServletRequestPathUtils getParsedRequestPath (Ljakarta/servlet/ServletRequest;)Lorg/springframework/http/server/RequestPath; 35 <appendix> argL0 ; # org/springframework/web/util/ServletRequestPathUtils$$Lambda+0x00000000826dd260
instanceKlass org/springframework/web/accept/ApiVersionHolder
instanceKlass org/springframework/http/server/DefaultRequestPath
instanceKlass org/springframework/mock/web/MockHttpServletMapping
instanceKlass org/springframework/web/util/ServletRequestPathUtils$ServletRequestPath
instanceKlass org/springframework/http/server/RequestPath
instanceKlass org/springframework/web/util/ServletRequestPathUtils
instanceKlass org/springframework/web/util/WebUtils
instanceKlass org/springframework/core/log/LogFormatUtils
instanceKlass  @bci org/springframework/web/servlet/DispatcherServlet logRequest (Ljakarta/servlet/http/HttpServletRequest;)V 21 <appendix> member <vmtarget> ; # org/springframework/web/servlet/DispatcherServlet$$Lambda+0x00000000826db9c0
instanceKlass org/springframework/web/servlet/FrameworkServlet$RequestBindingInterceptor
instanceKlass  @bci org/springframework/web/servlet/DispatcherServlet buildLocaleContext (Ljakarta/servlet/http/HttpServletRequest;)Lorg/springframework/context/i18n/LocaleContext; 95 <appendix> member <vmtarget> ; # org/springframework/web/servlet/DispatcherServlet$$Lambda+0x00000000826db508
instanceKlass org/springframework/web/servlet/LocaleContextResolver
instanceKlass org/springframework/context/i18n/TimeZoneAwareLocaleContext
instanceKlass org/springframework/context/i18n/SimpleLocaleContext
instanceKlass org/springframework/context/i18n/LocaleContextHolder
instanceKlass org/springframework/test/web/servlet/TestDispatcherServlet$2
instanceKlass org/springframework/test/web/servlet/TestDispatcherServlet$1
instanceKlass org/springframework/web/context/request/async/TimeoutDeferredResultProcessingInterceptor
instanceKlass org/springframework/web/context/request/async/TimeoutCallableProcessingInterceptor
instanceKlass org/springframework/web/context/request/async/WebAsyncManager
instanceKlass org/springframework/web/context/request/async/AsyncWebRequest
instanceKlass org/springframework/web/context/request/async/WebAsyncUtils
instanceKlass org/springframework/mock/web/MockFilterChain$ServletFilterProxy
instanceKlass org/springframework/mock/web/MockFilterChain
instanceKlass jakarta/servlet/FilterChain
instanceKlass org/springframework/web/context/request/AbstractRequestAttributes
instanceKlass org/springframework/test/web/servlet/DefaultMvcResult
instanceKlass jakarta/servlet/http/Cookie
instanceKlass org/springframework/mock/web/MockHttpServletResponse
instanceKlass  @bci org/springframework/test/web/servlet/request/AbstractMockHttpServletRequestBuilder buildRequest (Ljakarta/servlet/ServletContext;)Lorg/springframework/mock/web/MockHttpServletRequest; 2137 <appendix> member <vmtarget> ; # org/springframework/test/web/servlet/request/AbstractMockHttpServletRequestBuilder$$Lambda+0x00000000826d5cc0
instanceKlass  @bci org/springframework/test/web/servlet/request/AbstractMockHttpServletRequestBuilder buildRequest (Ljakarta/servlet/ServletContext;)Lorg/springframework/mock/web/MockHttpServletRequest; 2112 <appendix> member <vmtarget> ; # org/springframework/test/web/servlet/request/AbstractMockHttpServletRequestBuilder$$Lambda+0x00000000826d5a80
instanceKlass  @bci org/springframework/test/web/servlet/request/AbstractMockHttpServletRequestBuilder buildRequest (Ljakarta/servlet/ServletContext;)Lorg/springframework/mock/web/MockHttpServletRequest; 1274 <appendix> member <vmtarget> ; # org/springframework/test/web/servlet/request/AbstractMockHttpServletRequestBuilder$$Lambda+0x00000000826d5840
instanceKlass  @bci org/springframework/test/web/servlet/request/AbstractMockHttpServletRequestBuilder addRequestParams (Lorg/springframework/mock/web/MockHttpServletRequest;Lorg/springframework/util/MultiValueMap;)V 17 <appendix> member <vmtarget> ; # org/springframework/test/web/servlet/request/AbstractMockHttpServletRequestBuilder$$Lambda+0x00000000826d5600
instanceKlass org/springframework/mock/web/HeaderValueHolder
instanceKlass org/springframework/http/HttpHeaders$CaseInsensitiveEntrySet$CaseInsensitiveEntry
instanceKlass org/springframework/http/HttpHeaders$HeaderNamesIterator
instanceKlass org/springframework/http/HttpHeaders$CaseInsensitiveEntrySet$CaseInsensitiveIterator
instanceKlass  @bci org/springframework/http/HttpHeaders forEach (Ljava/util/function/BiConsumer;)V 21 <appendix> member <vmtarget> ; # org/springframework/http/HttpHeaders$$Lambda+0x00000000826d4a58
instanceKlass org/springframework/util/LinkedCaseInsensitiveMap$EntryIterator
instanceKlass  @bci org/springframework/test/web/servlet/request/AbstractMockHttpServletRequestBuilder buildRequest (Ljakarta/servlet/ServletContext;)Lorg/springframework/mock/web/MockHttpServletRequest; 865 <appendix> member <vmtarget> ; # org/springframework/test/web/servlet/request/AbstractMockHttpServletRequestBuilder$$Lambda+0x00000000826d36e8
instanceKlass org/springframework/web/util/UriUtils
instanceKlass  @bci org/springframework/test/web/servlet/request/AbstractMockHttpServletRequestBuilder updatePathRequestProperties (Lorg/springframework/mock/web/MockHttpServletRequest;Ljava/lang/String;)V 197 <appendix> member <vmtarget> ; # org/springframework/test/web/servlet/request/AbstractMockHttpServletRequestBuilder$$Lambda+0x00000000826d32a8
instanceKlass jakarta/servlet/ServletConnection
instanceKlass jakarta/servlet/AsyncContext
instanceKlass jakarta/servlet/http/HttpServletMapping
instanceKlass org/springframework/mock/web/MockHttpServletRequest
instanceKlass  @bci org/springframework/util/MimeType appendTo (Ljava/util/Map;Ljava/lang/StringBuilder;)V 17 <appendix> member <vmtarget> ; # org/springframework/util/MimeType$$Lambda+0x00000000826d1668
instanceKlass  @bci org/springframework/web/util/HierarchicalUriComponents encodeQueryParams (Ljava/util/function/BiFunction;)Lorg/springframework/util/MultiValueMap; 57 <appendix> member <vmtarget> ; # org/springframework/web/util/HierarchicalUriComponents$$Lambda+0x00000000826d1428
instanceKlass  @bci org/springframework/web/util/HierarchicalUriComponents encode (Ljava/nio/charset/Charset;)Lorg/springframework/web/util/HierarchicalUriComponents; 299 <appendix> member <vmtarget> ; # org/springframework/web/util/HierarchicalUriComponents$$Lambda+0x00000000826cb718
instanceKlass  @bci org/springframework/util/UnmodifiableMultiValueMap forEach (Ljava/util/function/BiConsumer;)V 19 <appendix> member <vmtarget> ; # org/springframework/util/UnmodifiableMultiValueMap$$Lambda+0x00000000826cb240
instanceKlass  @bci org/springframework/web/util/HierarchicalUriComponents expandQueryParams (Lorg/springframework/web/util/UriComponents$UriTemplateVariables;)Lorg/springframework/util/MultiValueMap; 81 <appendix> member <vmtarget> ; # org/springframework/web/util/HierarchicalUriComponents$$Lambda+0x00000000826cb000
instanceKlass org/springframework/web/util/HierarchicalUriComponents$QueryUriTemplateVariables
instanceKlass org/springframework/web/util/UriComponents$VarArgsTemplateVariables
instanceKlass org/springframework/web/util/HierarchicalUriComponents$FullPathComponent
instanceKlass org/springframework/web/util/HierarchicalUriComponents$1
instanceKlass org/springframework/web/util/UriComponents$UriTemplateVariables
instanceKlass org/springframework/web/util/UriComponentsBuilder$FullPathComponentBuilder
instanceKlass org/springframework/web/util/UriComponentsBuilder$PathSegmentComponentBuilder
instanceKlass org/springframework/web/util/RfcUriParser$InternalParser
instanceKlass org/springframework/web/util/RfcUriParser
instanceKlass org/springframework/web/util/HierarchicalUriComponents$PathComponent
instanceKlass org/springframework/web/util/UriComponentsBuilder$CompositePathComponentBuilder
instanceKlass org/springframework/web/util/UriComponentsBuilder$PathComponentBuilder
instanceKlass org/springframework/web/util/UriComponents
instanceKlass org/springframework/web/util/UriComponentsBuilder
instanceKlass org/springframework/web/util/UriBuilder
instanceKlass  @bci org/springframework/test/web/servlet/request/AbstractMockHttpServletRequestBuilder initUri (Ljava/lang/String;[Ljava/lang/Object;)Ljava/net/URI; 140 <appendix> member <vmtarget> ; # org/springframework/test/web/servlet/request/AbstractMockHttpServletRequestBuilder$$Lambda+0x00000000826c6500
instanceKlass jakarta/servlet/http/HttpSession
instanceKlass org/springframework/test/web/servlet/request/AbstractMockHttpServletRequestBuilder
instanceKlass org/springframework/beans/Mergeable
instanceKlass org/springframework/test/web/servlet/request/ConfigurableSmartRequestBuilder
instanceKlass org/springframework/test/web/servlet/SmartRequestBuilder
instanceKlass org/springframework/test/web/servlet/request/MockMvcRequestBuilders
# instanceKlass java/lang/invoke/LambdaForm$MH+0x00000000826ca400
# instanceKlass java/lang/invoke/LambdaForm$DMH+0x00000000826ca000
# instanceKlass java/lang/invoke/LambdaForm$MH+0x00000000826c9c00
# instanceKlass java/lang/invoke/LambdaForm$MH+0x00000000826c9800
# instanceKlass java/lang/invoke/LambdaForm$MH+0x00000000826c9400
# instanceKlass java/lang/invoke/LambdaForm$MH+0x00000000826c9000
# instanceKlass java/lang/invoke/LambdaForm$BMH+0x00000000826c8c00
# instanceKlass java/lang/invoke/LambdaForm$MH+0x00000000826c8800
# instanceKlass java/lang/invoke/LambdaForm$MH+0x00000000826c8400
# instanceKlass java/lang/invoke/LambdaForm$DMH+0x00000000826c8000
# instanceKlass java/lang/invoke/LambdaForm$MH+0x00000000826bcc00
# instanceKlass java/lang/invoke/LambdaForm$DMH+0x00000000826bc800
# instanceKlass java/lang/invoke/LambdaForm$DMH+0x00000000826bc400
instanceKlass org/springframework/test/web/servlet/ResultActions
instanceKlass org/springframework/test/web/servlet/MvcResult
instanceKlass org/springframework/web/multipart/MultipartResolver
instanceKlass org/springframework/web/context/request/RequestContextHolder
instanceKlass org/springframework/web/context/support/WebApplicationContextUtils
instanceKlass org/springframework/beans/MutablePropertyValues
instanceKlass org/springframework/web/context/ConfigurableWebApplicationContext
instanceKlass jakarta/servlet/http/HttpServletRequest
instanceKlass java/util/EventObject
instanceKlass org/springframework/context/i18n/LocaleContext
instanceKlass java/beans/PropertyEditor
instanceKlass org/springframework/beans/PropertyValues
instanceKlass jakarta/servlet/AsyncListener
instanceKlass jakarta/servlet/http/HttpServletResponse
instanceKlass jakarta/servlet/ServletResponse
instanceKlass org/springframework/mock/web/MockServletConfig
instanceKlass  @bci org/springframework/test/web/servlet/setup/StandaloneMockMvcBuilder registerMvcSingletons (Lorg/springframework/test/web/servlet/setup/StubWebApplicationContext;)V 569 <appendix> member <vmtarget> ; # org/springframework/test/web/servlet/setup/StandaloneMockMvcBuilder$$Lambda+0x00000000826baf80
instanceKlass org/springframework/web/servlet/support/AbstractFlashMapManager
instanceKlass org/springframework/web/servlet/view/DefaultRequestToViewNameTranslator
instanceKlass  @bci org/springframework/web/servlet/view/AbstractCachingViewResolver <clinit> ()V 32 <appendix> argL0 ; # org/springframework/web/servlet/view/AbstractCachingViewResolver$$Lambda+0x00000000826ba090
instanceKlass  @cpi org/springframework/web/servlet/view/AbstractCachingViewResolver 225 form vmentry <vmtarget> ; # java/lang/invoke/LambdaForm$DMH+0x00000000826bc000
instanceKlass org/springframework/web/servlet/view/AbstractCachingViewResolver$CacheFilter
instanceKlass org/springframework/web/servlet/view/AbstractCachingViewResolver$1
instanceKlass org/springframework/web/servlet/SmartView
instanceKlass org/springframework/web/servlet/View
instanceKlass org/springframework/web/servlet/handler/HandlerExceptionResolverComposite
instanceKlass org/springframework/context/MessageSourceAware
instanceKlass org/springframework/web/util/DisconnectedClientHelper
instanceKlass org/springframework/web/servlet/handler/AbstractHandlerExceptionResolver
instanceKlass org/springframework/util/function/SingletonSupplier
instanceKlass  @bci org/springframework/validation/beanvalidation/MethodValidationAdapter initValidatorAdapter (Ljava/util/function/Supplier;)Ljava/util/function/Supplier; 15 <appendix> member <vmtarget> ; # org/springframework/validation/beanvalidation/MethodValidationAdapter$$Lambda+0x00000000826b5950
instanceKlass  @bci org/springframework/validation/beanvalidation/MethodValidationAdapter <init> (Ljakarta/validation/Validator;)V 74 <appendix> member <vmtarget> ; # org/springframework/validation/beanvalidation/MethodValidationAdapter$$Lambda+0x00000000826b5720
instanceKlass org/springframework/validation/MessageCodeFormatter
instanceKlass org/springframework/validation/DefaultMessageCodesResolver
instanceKlass org/springframework/validation/beanvalidation/MethodValidationAdapter$ResultComparator
instanceKlass org/springframework/validation/beanvalidation/MethodValidationAdapter$DefaultObjectNameResolver
instanceKlass org/springframework/validation/method/EmptyMethodValidationResult
instanceKlass org/springframework/validation/MessageCodesResolver
instanceKlass org/springframework/validation/beanvalidation/MethodValidationAdapter
instanceKlass org/springframework/web/method/annotation/HandlerMethodValidator$WebObjectNameResolver
instanceKlass org/springframework/validation/beanvalidation/MethodValidationAdapter$ObjectNameResolver
instanceKlass org/springframework/validation/method/MethodValidationResult
instanceKlass org/springframework/web/method/annotation/HandlerMethodValidator
instanceKlass org/springframework/validation/method/MethodValidator
instanceKlass  @bci org/springframework/web/servlet/mvc/method/annotation/RequestMappingHandlerAdapter methodParamPredicate (Ljava/util/List;Ljava/lang/Class;)Ljava/util/function/Predicate; 17 <appendix> member <vmtarget> ; # org/springframework/web/servlet/mvc/method/annotation/RequestMappingHandlerAdapter$$Lambda+0x00000000826b2758
instanceKlass org/springframework/web/method/support/HandlerMethodReturnValueHandlerComposite
instanceKlass org/springframework/web/servlet/mvc/method/annotation/ViewNameMethodReturnValueHandler
instanceKlass org/springframework/web/servlet/mvc/method/annotation/AsyncTaskMethodReturnValueHandler
instanceKlass org/springframework/web/servlet/mvc/method/annotation/DeferredResultMethodReturnValueHandler
instanceKlass org/springframework/web/servlet/mvc/method/annotation/CallableMethodReturnValueHandler
instanceKlass org/springframework/web/servlet/mvc/method/annotation/HttpHeadersReturnValueHandler
instanceKlass org/springframework/web/servlet/mvc/method/annotation/ResponseEntityReturnValueHandler
instanceKlass org/springframework/web/servlet/mvc/method/annotation/StreamingResponseBodyReturnValueHandler
instanceKlass org/springframework/web/servlet/mvc/method/annotation/ViewMethodReturnValueHandler
instanceKlass org/springframework/web/servlet/mvc/method/annotation/ModelAndViewMethodReturnValueHandler
instanceKlass org/springframework/web/servlet/mvc/method/annotation/ResponseBodyEmitter
instanceKlass org/springframework/web/servlet/mvc/method/annotation/ReactiveTypeHandler
instanceKlass org/springframework/web/servlet/mvc/method/annotation/ResponseBodyEmitter$Handler
instanceKlass org/springframework/web/servlet/mvc/method/annotation/ResponseBodyEmitterReturnValueHandler
instanceKlass org/springframework/web/method/support/HandlerMethodArgumentResolverComposite
instanceKlass org/springframework/web/servlet/mvc/method/annotation/PrincipalMethodArgumentResolver
instanceKlass org/springframework/web/servlet/mvc/method/annotation/ApiVersionMethodArgumentResolver
instanceKlass org/springframework/web/servlet/mvc/method/annotation/UriComponentsBuilderMethodArgumentResolver
instanceKlass org/springframework/web/method/annotation/SessionStatusMethodArgumentResolver
instanceKlass org/springframework/web/method/annotation/ErrorsMethodArgumentResolver
instanceKlass org/springframework/web/method/annotation/MapMethodProcessor
instanceKlass org/springframework/web/method/annotation/ModelMethodProcessor
instanceKlass org/springframework/web/servlet/mvc/support/RedirectAttributes
instanceKlass org/springframework/ui/Model
instanceKlass org/springframework/web/servlet/mvc/method/annotation/RedirectAttributesMethodArgumentResolver
instanceKlass org/springframework/web/servlet/mvc/method/annotation/ServletResponseMethodArgumentResolver
instanceKlass org/springframework/web/servlet/mvc/method/annotation/ServletRequestMethodArgumentResolver
instanceKlass org/springframework/web/method/annotation/RequestHeaderMapMethodArgumentResolver
instanceKlass  @bci org/springframework/web/accept/ContentNegotiationManager getAllFileExtensions ()Ljava/util/List; 15 <appendix> argL0 ; # org/springframework/web/accept/ContentNegotiationManager$$Lambda+0x00000000826aaef0
instanceKlass org/springframework/web/servlet/mvc/method/annotation/RequestResponseBodyAdviceChain
instanceKlass org/springframework/core/io/support/ResourceRegion
instanceKlass org/springframework/core/ParameterizedTypeReference
instanceKlass org/springframework/web/servlet/mvc/method/annotation/AbstractMessageConverterMethodArgumentResolver
instanceKlass org/springframework/validation/DataBinder
instanceKlass org/springframework/beans/TypeConverter
instanceKlass org/springframework/web/method/annotation/ModelAttributeMethodProcessor
instanceKlass org/springframework/web/method/support/HandlerMethodReturnValueHandler
instanceKlass org/springframework/web/servlet/mvc/method/annotation/MatrixVariableMapMethodArgumentResolver
instanceKlass org/springframework/web/servlet/mvc/method/annotation/PathVariableMapMethodArgumentResolver
instanceKlass org/springframework/web/method/annotation/RequestParamMapMethodArgumentResolver
instanceKlass org/springframework/web/method/annotation/AbstractNamedValueMethodArgumentResolver$NamedValueInfo
instanceKlass org/springframework/beans/factory/config/Scope
instanceKlass org/springframework/web/method/annotation/AbstractNamedValueMethodArgumentResolver
instanceKlass org/springframework/web/method/support/UriComponentsContributor
instanceKlass org/springframework/web/bind/annotation/ControllerAdvice
instanceKlass org/springframework/beans/factory/config/BeanDefinition
instanceKlass org/springframework/beans/BeanMetadataElement
instanceKlass org/springframework/aop/scope/ScopedProxyUtils
instanceKlass org/springframework/context/ConfigurableApplicationContext
instanceKlass org/springframework/context/Lifecycle
instanceKlass org/springframework/web/method/ControllerAdviceBean
instanceKlass org/springframework/web/servlet/config/annotation/AsyncSupportConfigurer
instanceKlass org/springframework/web/servlet/mvc/method/annotation/AbstractMappingJacksonResponseBodyAdvice
instanceKlass org/springframework/web/servlet/mvc/method/annotation/ResponseBodyAdvice
instanceKlass org/springframework/web/servlet/mvc/method/annotation/RequestBodyAdviceAdapter
instanceKlass org/springframework/web/servlet/mvc/method/annotation/RequestBodyAdvice
instanceKlass org/springframework/beans/PropertyEditorRegistry
instanceKlass org/springframework/web/bind/support/ConfigurableWebBindingInitializer
instanceKlass org/springframework/web/bind/support/DefaultSessionAttributeStore
instanceKlass org/springframework/core/ReactiveAdapter
instanceKlass org/springframework/core/ReactiveAdapterRegistry
instanceKlass org/springframework/web/context/request/async/DeferredResultProcessingInterceptor
instanceKlass org/springframework/web/context/request/async/CallableProcessingInterceptor
instanceKlass org/springframework/util/ConcurrencyThrottleSupport
instanceKlass org/springframework/util/CustomizableThreadCreator
instanceKlass  @bci org/springframework/web/servlet/mvc/method/annotation/RequestMappingHandlerAdapter <clinit> ()V 32 <appendix> argL0 ; # org/springframework/web/servlet/mvc/method/annotation/RequestMappingHandlerAdapter$$Lambda+0x000000008269f9d8
instanceKlass  @bci org/springframework/web/servlet/mvc/method/annotation/RequestMappingHandlerAdapter <clinit> ()V 15 <appendix> argL0 ; # org/springframework/web/servlet/mvc/method/annotation/RequestMappingHandlerAdapter$$Lambda+0x000000008269f7a0
instanceKlass com/intellij/rt/debugger/agent/CaptureStorage$8
instanceKlass java/text/DontCareFieldPosition$1
instanceKlass java/text/StringBufFactory$StringBuilderImpl
instanceKlass java/text/Format$StringBuf
instanceKlass java/text/StringBufFactory
instanceKlass org/springframework/web/bind/support/DefaultDataBinderFactory
instanceKlass org/springframework/web/bind/support/WebDataBinderFactory
instanceKlass org/springframework/web/bind/support/SessionAttributeStore
instanceKlass org/springframework/core/task/AsyncTaskExecutor
instanceKlass org/springframework/web/servlet/HandlerAdapter
instanceKlass  @bci org/springframework/web/servlet/handler/AbstractHandlerMethodMapping getHandlerMethods ()Ljava/util/Map; 51 <appendix> argL0 ; # org/springframework/web/servlet/handler/AbstractHandlerMethodMapping$$Lambda+0x000000008269d438
instanceKlass  @bci org/springframework/web/servlet/handler/AbstractHandlerMethodMapping getHandlerMethods ()Ljava/util/Map; 46 <appendix> argL0 ; # org/springframework/web/servlet/handler/AbstractHandlerMethodMapping$$Lambda+0x000000008269d1f0
instanceKlass org/springframework/web/bind/annotation/PathVariable
instanceKlass org/springframework/data/web/PageableDefault
instanceKlass org/springframework/web/servlet/handler/AbstractHandlerMethodMapping$MappingRegistration
instanceKlass  @bci org/springframework/core/annotation/TypeMappedAnnotation from (Ljava/lang/Object;Ljava/lang/annotation/Annotation;)Lorg/springframework/core/annotation/MergedAnnotation; 71 <appendix> argL0 ; # org/springframework/core/annotation/TypeMappedAnnotation$$Lambda+0x000000008269c488
instanceKlass org/springframework/web/bind/annotation/RequestParam
instanceKlass  @bci org/springframework/core/annotation/AnnotationUtils findAnnotation (Ljava/lang/Class;Ljava/lang/Class;)Ljava/lang/annotation/Annotation; 334 <appendix> argL0 ; # org/springframework/core/annotation/AnnotationUtils$$Lambda+0x000000008269b4c8
instanceKlass org/springframework/validation/annotation/Validated
instanceKlass  @bci org/springframework/core/annotation/MergedAnnotationPredicates typeIn ([Ljava/lang/String;)Ljava/util/function/Predicate; 14 <appendix> member <vmtarget> ; # org/springframework/core/annotation/MergedAnnotationPredicates$$Lambda+0x000000008269b060
instanceKlass org/springframework/web/method/HandlerMethod$MethodValidationInitializer
instanceKlass  @bci org/springframework/web/cors/CorsConfiguration addAllowedOrigin (Ljava/lang/String;)V 198 <appendix> member <vmtarget> ; # org/springframework/web/cors/CorsConfiguration$$Lambda+0x000000008269ac10
instanceKlass  @bci org/springframework/util/MultiValueMapAdapter add (Ljava/lang/Object;Ljava/lang/Object;)V 19 <appendix> argL0 ; # org/springframework/util/MultiValueMapAdapter$$Lambda+0x000000008269a9c8
instanceKlass  @bci org/springframework/core/annotation/AnnotationTypeMappings forAnnotationType (Ljava/lang/Class;Lorg/springframework/core/annotation/RepeatableContainers;Lorg/springframework/core/annotation/AnnotationFilter;Ljava/util/Set;)Lorg/springframework/core/annotation/AnnotationTypeMappings; 152 <appendix> member <vmtarget> ; # org/springframework/core/annotation/AnnotationTypeMappings$$Lambda+0x000000008269a778
instanceKlass org/springframework/core/annotation/TypeMappedAnnotations$MergedAnnotationFinder
instanceKlass  @bci org/springframework/core/MethodParameter validateIndex (Ljava/lang/reflect/Executable;I)I 93 <appendix> member <vmtarget> ; # org/springframework/core/MethodParameter$$Lambda+0x000000008269a2e0
instanceKlass org/springframework/core/StandardReflectionParameterNameDiscoverer
instanceKlass org/springframework/core/PrioritizedParameterNameDiscoverer
instanceKlass org/springframework/core/ParameterNameDiscoverer
instanceKlass  @bci org/springframework/web/servlet/handler/AbstractHandlerMethodMapping detectHandlerMethods (Ljava/lang/Object;)V 301 <appendix> member <vmtarget> ; # org/springframework/web/servlet/handler/AbstractHandlerMethodMapping$$Lambda+0x0000000082699468
instanceKlass org/springframework/web/util/pattern/PathPattern$MatchingContext
instanceKlass org/springframework/util/UnmodifiableMultiValueMap
instanceKlass org/springframework/http/server/DefaultPathContainer$DefaultPathSegment
instanceKlass  @bci org/springframework/web/servlet/mvc/method/annotation/RequestMappingHandlerMapping createRequestMappingInfo (Ljava/lang/reflect/AnnotatedElement;)Lorg/springframework/web/servlet/mvc/method/RequestMappingInfo; 381 <appendix> argL0 ; # org/springframework/web/servlet/mvc/method/annotation/RequestMappingHandlerMapping$$Lambda+0x00000000826989d0
instanceKlass org/springframework/web/servlet/mvc/method/RequestMappingInfo$DefaultBuilder
instanceKlass  @bci org/springframework/http/MediaType <init> (Lorg/springframework/util/MimeType;)V 32 <appendix> member <vmtarget> ; # org/springframework/http/MediaType$$Lambda+0x0000000082691898
instanceKlass org/springframework/util/ConcurrentLruCache$AddTask
instanceKlass  @bci org/springframework/util/MimeTypeUtils <clinit> ()V 415 <appendix> argL0 ; # org/springframework/util/MimeTypeUtils$$Lambda+0x0000000082693b50
instanceKlass org/springframework/util/MimeTypeUtils
instanceKlass org/springframework/web/servlet/mvc/condition/AbstractMediaTypeExpression
instanceKlass org/springframework/web/servlet/mvc/condition/MediaTypeExpression
instanceKlass org/springframework/web/context/request/NativeWebRequest
instanceKlass org/springframework/web/context/request/WebRequest
instanceKlass org/springframework/web/context/request/RequestAttributes
instanceKlass java/util/Comparators$NullComparator
instanceKlass  @bci org/springframework/web/util/pattern/PathPattern <clinit> ()V 87 <appendix> argL0 ; # org/springframework/web/util/pattern/PathPattern$$Lambda+0x0000000082697d58
instanceKlass  @bci org/springframework/web/util/pattern/PathPattern <clinit> ()V 68 <appendix> argL0 ; # org/springframework/web/util/pattern/PathPattern$$Lambda+0x0000000082697b30
instanceKlass  @bci org/springframework/web/util/pattern/PathPattern <clinit> ()V 49 <appendix> argL0 ; # org/springframework/web/util/pattern/PathPattern$$Lambda+0x0000000082697908
instanceKlass  @bci org/springframework/web/util/pattern/PathPattern <clinit> ()V 32 <appendix> argL0 ; # org/springframework/web/util/pattern/PathPattern$$Lambda+0x00000000826976e0
instanceKlass org/springframework/http/server/DefaultPathContainer$DefaultSeparator
instanceKlass org/springframework/http/server/PathContainer$Separator
instanceKlass org/springframework/http/server/PathContainer$PathSegment
instanceKlass org/springframework/http/server/PathContainer$Element
instanceKlass org/springframework/http/server/DefaultPathContainer
instanceKlass org/springframework/http/server/PathContainer
instanceKlass org/springframework/web/util/pattern/PathPattern
instanceKlass org/springframework/web/util/pattern/PathElement
instanceKlass org/springframework/web/util/pattern/InternalPathPatternParser
instanceKlass org/springframework/web/servlet/mvc/condition/AbstractRequestCondition
instanceKlass org/springframework/web/servlet/mvc/method/RequestMappingInfo$Builder
instanceKlass org/springframework/web/servlet/mvc/method/RequestMappingInfo
instanceKlass org/springframework/web/servlet/mvc/condition/RequestCondition
instanceKlass  @bci org/springframework/web/servlet/mvc/method/annotation/RequestMappingHandlerMapping createRequestMappingInfo (Ljava/lang/reflect/AnnotatedElement;)Lorg/springframework/web/servlet/mvc/method/RequestMappingInfo; 254 <appendix> argL0 ; # org/springframework/web/servlet/mvc/method/annotation/RequestMappingHandlerMapping$$Lambda+0x000000008268fbc0
instanceKlass  @bci org/springframework/core/annotation/SynthesizedMergedAnnotationInvocationHandler lambda$getAttributeValue$0 (Ljava/lang/reflect/Method;Ljava/lang/String;)Ljava/lang/Object; 47 <appendix> member <vmtarget> ; # org/springframework/core/annotation/SynthesizedMergedAnnotationInvocationHandler$$Lambda+0x000000008268f990
instanceKlass  @bci org/springframework/core/annotation/SynthesizedMergedAnnotationInvocationHandler getAttributeValue (Ljava/lang/reflect/Method;)Ljava/lang/Object; 25 <appendix> member <vmtarget> ; # org/springframework/core/annotation/SynthesizedMergedAnnotationInvocationHandler$$Lambda+0x000000008268f540
instanceKlass org/springframework/core/annotation/SynthesizedMergedAnnotationInvocationHandler
instanceKlass  @bci org/springframework/core/annotation/TypeMappedAnnotation <init> (Lorg/springframework/core/annotation/AnnotationTypeMapping;Ljava/lang/ClassLoader;Ljava/lang/Object;Ljava/lang/Object;Lorg/springframework/core/annotation/ValueExtractor;I[I)V 277 <appendix> member <vmtarget> ; # org/springframework/core/annotation/TypeMappedAnnotation$$Lambda+0x000000008268f0e0
instanceKlass  @bci org/springframework/core/annotation/TypeMappedAnnotation createIfPossible (Lorg/springframework/core/annotation/AnnotationTypeMapping;Ljava/lang/Object;Ljava/lang/annotation/Annotation;ILorg/springframework/core/annotation/IntrospectionFailureLogger;)Lorg/springframework/core/annotation/TypeMappedAnnotation; 20 <appendix> argL0 ; # org/springframework/core/annotation/TypeMappedAnnotation$$Lambda+0x000000008268eeb8
instanceKlass  @bci org/springframework/web/servlet/mvc/method/annotation/RequestMappingHandlerMapping createRequestMappingInfo (Ljava/lang/reflect/AnnotatedElement;)Lorg/springframework/web/servlet/mvc/method/RequestMappingInfo; 98 <appendix> argL0 ; # org/springframework/web/servlet/mvc/method/annotation/RequestMappingHandlerMapping$$Lambda+0x000000008268e738
instanceKlass org/springframework/web/servlet/mvc/method/annotation/RequestMappingHandlerMapping$AnnotationDescriptor
instanceKlass org/springframework/core/annotation/MergedAnnotationPredicates$FirstRunOfPredicate
instanceKlass  @bci org/springframework/web/servlet/mvc/method/annotation/RequestMappingHandlerMapping createRequestMappingInfo (Ljava/lang/reflect/AnnotatedElement;)Lorg/springframework/web/servlet/mvc/method/RequestMappingInfo; 77 <appendix> argL0 ; # org/springframework/web/servlet/mvc/method/annotation/RequestMappingHandlerMapping$$Lambda+0x000000008268e068
instanceKlass  @bci org/springframework/core/annotation/MergedAnnotationPredicates typeIn ([Ljava/lang/Class;)Ljava/util/function/Predicate; 14 <appendix> member <vmtarget> ; # org/springframework/core/annotation/MergedAnnotationPredicates$$Lambda+0x000000008268de08
instanceKlass org/springframework/core/annotation/MergedAnnotationPredicates
instanceKlass org/springframework/web/service/annotation/HttpExchange
instanceKlass io/swagger/v3/oas/annotations/security/SecurityRequirements
instanceKlass io/swagger/v3/oas/annotations/security/SecurityRequirementEntry
instanceKlass io/swagger/v3/oas/annotations/servers/Servers
instanceKlass io/swagger/v3/oas/annotations/servers/ServerVariable
instanceKlass io/swagger/v3/oas/annotations/links/LinkParameter
instanceKlass io/swagger/v3/oas/annotations/Parameters
instanceKlass io/swagger/v3/oas/annotations/media/SchemaProperties
instanceKlass io/swagger/v3/oas/annotations/media/DependentSchemas
# instanceKlass java/lang/invoke/LambdaForm$MH+0x0000000082690000
instanceKlass io/swagger/v3/oas/annotations/media/DependentRequiredMap
instanceKlass io/swagger/v3/oas/annotations/OpenAPI31
instanceKlass org/springframework/core/annotation/TypeMappedAnnotations$Aggregate
instanceKlass org/springframework/core/annotation/TypeMappedAnnotations$AggregatesCollector
instanceKlass org/springframework/core/annotation/TypeMappedAnnotations$AggregatesSpliterator
instanceKlass  @bci org/springframework/core/MethodIntrospector selectMethods (Ljava/lang/Class;Lorg/springframework/core/MethodIntrospector$MetadataLookup;)Ljava/util/Map; 254 <appendix> member <vmtarget> ; # org/springframework/core/MethodIntrospector$$Lambda+0x000000008268aae0
instanceKlass org/springframework/util/ReflectionUtils$MethodCallback
instanceKlass org/springframework/core/MethodIntrospector
instanceKlass  @bci org/springframework/web/servlet/handler/AbstractHandlerMethodMapping detectHandlerMethods (Ljava/lang/Object;)V 143 <appendix> member <vmtarget> ; # org/springframework/web/servlet/handler/AbstractHandlerMethodMapping$$Lambda+0x000000008268a498
instanceKlass org/springframework/core/MethodIntrospector$MetadataLookup
instanceKlass  @bci org/springframework/core/annotation/AnnotationTypeMapping processAliases (ILjava/util/List;)V 379 <appendix> argL0 ; # org/springframework/core/annotation/AnnotationTypeMapping$$Lambda+0x000000008268a068
instanceKlass org/springframework/core/annotation/ValueExtractor
instanceKlass  @bci org/springframework/core/annotation/RepeatableContainers$StandardRepeatableContainers getRepeatedAnnotationsMethod (Ljava/lang/Class;)Ljava/lang/reflect/Method; 18 <appendix> argL0 ; # org/springframework/core/annotation/RepeatableContainers$StandardRepeatableContainers$$Lambda+0x0000000082689c18
instanceKlass  @bci org/springframework/core/annotation/AnnotationTypeMapping resolveAliasedForTargets ()Ljava/util/Map; 167 <appendix> argL0 ; # org/springframework/core/annotation/AnnotationTypeMapping$$Lambda+0x00000000826899d0
instanceKlass org/springframework/core/annotation/AnnotationUtils
instanceKlass io/swagger/v3/oas/annotations/extensions/Extensions
instanceKlass  @bci org/springframework/core/annotation/AnnotationTypeMappings <init> (Lorg/springframework/core/annotation/RepeatableContainers;Lorg/springframework/core/annotation/AnnotationFilter;Ljava/lang/Class;Ljava/util/Set;)V 91 <appendix> argL0 ; # org/springframework/core/annotation/AnnotationTypeMappings$$Lambda+0x0000000082689110
instanceKlass io/swagger/v3/oas/annotations/extensions/ExtensionProperty
instanceKlass org/springframework/core/annotation/AliasFor
instanceKlass org/springframework/core/annotation/AnnotationTypeMapping$MirrorSets
instanceKlass org/springframework/core/annotation/AnnotationTypeMapping$MirrorSets$MirrorSet
instanceKlass org/springframework/core/annotation/AnnotationTypeMapping
instanceKlass  @bci org/springframework/core/annotation/AnnotationTypeMappings forAnnotationType (Ljava/lang/Class;Lorg/springframework/core/annotation/RepeatableContainers;Lorg/springframework/core/annotation/AnnotationFilter;Ljava/util/Set;)Lorg/springframework/core/annotation/AnnotationTypeMappings; 61 <appendix> member <vmtarget> ; # org/springframework/core/annotation/AnnotationTypeMappings$$Lambda+0x0000000082687b30
instanceKlass org/springframework/core/annotation/AnnotationTypeMappings$Cache
instanceKlass org/springframework/core/annotation/AnnotationTypeMappings
instanceKlass org/springframework/core/annotation/AnnotationsScanner$1
instanceKlass org/springframework/core/annotation/TypeMappedAnnotations$IsPresent
instanceKlass  @bci org/springframework/core/annotation/AttributeMethods forAnnotationType (Ljava/lang/Class;)Lorg/springframework/core/annotation/AttributeMethods; 64 <appendix> argL0 ; # org/springframework/core/annotation/AttributeMethods$$Lambda+0x0000000082686c50
instanceKlass  @bci org/springframework/core/annotation/AttributeMethods <clinit> ()V 73 <appendix> argL0 ; # org/springframework/core/annotation/AttributeMethods$$Lambda+0x0000000082686990
instanceKlass org/springframework/core/annotation/AttributeMethods
instanceKlass org/springframework/beans/factory/BeanFactoryUtils
instanceKlass org/springframework/web/servlet/handler/MappedInterceptor
instanceKlass org/springframework/context/support/MessageSourceAccessor
instanceKlass  @bci org/springframework/web/servlet/config/annotation/InterceptorRegistry lambda$static$0 (Ljava/lang/Object;)Ljava/lang/Object; 62 <appendix> member <vmtarget> ; # org/springframework/web/servlet/config/annotation/InterceptorRegistry$$Lambda+0x00000000826852e8
instanceKlass org/springframework/core/PriorityOrdered
instanceKlass  @bci org/springframework/web/servlet/config/annotation/InterceptorRegistry getInterceptors ()Ljava/util/List; 39 <appendix> argL0 ; # org/springframework/web/servlet/config/annotation/InterceptorRegistry$$Lambda+0x0000000082684e98
instanceKlass org/springframework/web/servlet/resource/ResourceUrlProviderExposingInterceptor
instanceKlass org/springframework/web/servlet/config/annotation/InterceptorRegistration
instanceKlass org/springframework/web/servlet/handler/ConversionServiceExposingInterceptor
instanceKlass  @bci org/springframework/core/OrderComparator withSourceProvider (Lorg/springframework/core/OrderComparator$OrderSourceProvider;)Ljava/util/Comparator; 15 <appendix> member <vmtarget> ; # org/springframework/core/OrderComparator$$Lambda+0x0000000082684240
instanceKlass  @bci org/springframework/web/servlet/config/annotation/InterceptorRegistry <clinit> ()V 17 <appendix> argL0 ; # org/springframework/web/servlet/config/annotation/InterceptorRegistry$$Lambda+0x0000000082684018
instanceKlass org/springframework/core/OrderComparator$OrderSourceProvider
instanceKlass org/springframework/core/OrderComparator
instanceKlass org/springframework/web/servlet/config/annotation/InterceptorRegistry
instanceKlass  @bci org/springframework/test/web/servlet/setup/StandaloneMockMvcBuilder$StaticStringValueResolver <init> (Ljava/util/Map;)V 57 <appendix> member <vmtarget> ; # org/springframework/test/web/servlet/setup/StandaloneMockMvcBuilder$StaticStringValueResolver$$Lambda+0x00000000826836c0
instanceKlass org/springframework/test/web/servlet/setup/StandaloneMockMvcBuilder$StaticStringValueResolver
instanceKlass org/springframework/web/servlet/mvc/method/RequestMappingInfo$BuilderConfiguration
instanceKlass org/springframework/web/servlet/mvc/method/RequestMappingInfoHandlerMethodMappingNamingStrategy
instanceKlass org/springframework/web/servlet/handler/AbstractHandlerMethodMapping$MappingRegistry
instanceKlass org/springframework/http/server/ServerHttpRequest
instanceKlass org/springframework/http/HttpInputMessage
instanceKlass org/springframework/http/HttpRequest
instanceKlass org/springframework/http/server/ServerHttpResponse
instanceKlass org/springframework/web/cors/DefaultCorsProcessor
instanceKlass org/springframework/http/server/PathContainer$Options
instanceKlass org/springframework/web/util/pattern/PathPatternParser
instanceKlass org/springframework/web/servlet/mvc/method/RequestMappingInfoHandlerMapping$HttpOptionsHandler
instanceKlass  @bci org/springframework/web/cors/CorsConfiguration addAllowedOriginPattern (Ljava/lang/String;)V 108 <appendix> member <vmtarget> ; # org/springframework/web/cors/CorsConfiguration$$Lambda+0x0000000082681600
instanceKlass org/springframework/web/cors/CorsConfiguration$OriginPattern
instanceKlass org/springframework/web/cors/CorsConfiguration
instanceKlass  @bci org/springframework/core/annotation/AnnotatedElementUtils findMergedAnnotation (Ljava/lang/reflect/AnnotatedElement;Ljava/lang/Class;)Ljava/lang/annotation/Annotation; 131 <appendix> argL0 ; # org/springframework/core/annotation/AnnotatedElementUtils$$Lambda+0x0000000082680c78
instanceKlass org/springframework/core/annotation/AbstractMergedAnnotation
instanceKlass org/springframework/core/annotation/MergedAnnotation
instanceKlass org/springframework/core/annotation/MergedAnnotationSelectors$FirstDirectlyDeclared
instanceKlass org/springframework/core/annotation/MergedAnnotationSelectors$Nearest
instanceKlass org/springframework/core/annotation/MergedAnnotationSelector
instanceKlass org/springframework/core/annotation/MergedAnnotationSelectors
instanceKlass org/springframework/core/annotation/AnnotationsProcessor
instanceKlass org/springframework/core/annotation/TypeMappedAnnotations
instanceKlass  @bci org/springframework/core/annotation/MergedAnnotations$Search <clinit> ()V 30 <appendix> argL0 ; # org/springframework/core/annotation/MergedAnnotations$Search$$Lambda+0x0000000082679258
instanceKlass  @bci org/springframework/core/annotation/MergedAnnotations$Search <clinit> ()V 14 <appendix> argL0 ; # org/springframework/core/annotation/MergedAnnotations$Search$$Lambda+0x0000000082679000
instanceKlass org/springframework/core/annotation/MergedAnnotations$Search
instanceKlass org/springframework/core/annotation/MergedAnnotations
instanceKlass org/springframework/core/annotation/RepeatableContainers
instanceKlass org/springframework/core/annotation/AnnotationsScanner
instanceKlass org/springframework/core/annotation/AnnotationFilter$2
instanceKlass org/springframework/core/annotation/AnnotationFilter$1
instanceKlass org/springframework/core/annotation/PackagesAnnotationFilter
instanceKlass org/springframework/core/annotation/AnnotationFilter
instanceKlass org/springframework/core/annotation/AnnotatedElementUtils
instanceKlass  @bci org/springframework/core/annotation/AnnotatedMethod getMethodAnnotation (Ljava/lang/Class;)Ljava/lang/annotation/Annotation; 21 <appendix> member <vmtarget> ; # org/springframework/core/annotation/AnnotatedMethod$$Lambda+0x000000008267fc98
instanceKlass org/springframework/web/bind/annotation/ResponseStatus
instanceKlass org/springframework/core/BridgeMethodResolver
instanceKlass org/springframework/web/servlet/handler/AbstractHandlerMethodMapping$EmptyHandler
instanceKlass org/springframework/core/MethodParameter
instanceKlass org/springframework/core/annotation/AnnotatedMethod
instanceKlass  @bci org/springframework/validation/beanvalidation/LocalValidatorFactoryBean afterPropertiesSet ()V 965 <appendix> member <vmtarget> ; # org/springframework/validation/beanvalidation/LocalValidatorFactoryBean$$Lambda+0x000000008267dfc0
instanceKlass  @cpi org/springframework/validation/beanvalidation/LocalValidatorFactoryBean 304 form vmentry <vmtarget> ; # java/lang/invoke/LambdaForm$DMH+0x0000000082678800
instanceKlass org/springframework/validation/beanvalidation/LocaleContextMessageInterpolator
instanceKlass org/springframework/context/support/DefaultMessageSourceResolvable
instanceKlass org/springframework/context/MessageSourceResolvable
instanceKlass org/springframework/validation/beanvalidation/SpringValidatorAdapter
instanceKlass org/springframework/validation/SmartValidator
instanceKlass org/springframework/beans/factory/DisposableBean
instanceKlass  @bci org/springframework/web/accept/MappingMediaTypeFileExtensionResolver addFileExtension (Lorg/springframework/http/MediaType;Ljava/lang/String;)V 19 <appendix> argL0 ; # org/springframework/web/accept/MappingMediaTypeFileExtensionResolver$$Lambda+0x0000000082677498
instanceKlass  @bci org/springframework/web/accept/MappingMediaTypeFileExtensionResolver <init> (Ljava/util/Map;)V 136 <appendix> member <vmtarget> ; # org/springframework/web/accept/MappingMediaTypeFileExtensionResolver$$Lambda+0x0000000082677258
instanceKlass org/springframework/web/accept/MappingMediaTypeFileExtensionResolver
instanceKlass org/springframework/web/accept/ContentNegotiationManager
instanceKlass org/springframework/web/accept/MediaTypeFileExtensionResolver
instanceKlass org/springframework/web/accept/HeaderContentNegotiationStrategy
instanceKlass  @bci org/springframework/web/accept/ContentNegotiationManagerFactoryBean addMediaTypes (Ljava/util/Map;)V 50 <appendix> member <vmtarget> ; # org/springframework/web/accept/ContentNegotiationManagerFactoryBean$$Lambda+0x00000000826764f0
instanceKlass  @cpi org/springframework/test/web/servlet/request/AbstractMockHttpServletRequestBuilder 871 form vmentry <vmtarget> ; # java/lang/invoke/LambdaForm$DMH+0x0000000082678400
instanceKlass  @bci org/springframework/util/MimeType createParametersMap (Ljava/util/Map;)Ljava/util/Map; 79 <appendix> member <vmtarget> ; # org/springframework/util/MimeType$$Lambda+0x00000000826762b0
instanceKlass  @bci org/springframework/web/servlet/config/annotation/WebMvcConfigurationSupport getDefaultMediaTypes ()Ljava/util/Map; 50 <appendix> argL0 ; # org/springframework/web/servlet/config/annotation/WebMvcConfigurationSupport$$Lambda+0x0000000082676068
instanceKlass  @bci org/springframework/web/servlet/config/annotation/WebMvcConfigurationSupport addDefaultHttpMessageConverters (Ljava/util/List;)V 36 <appendix> member <vmtarget> ; # org/springframework/web/servlet/config/annotation/WebMvcConfigurationSupport$$Lambda+0x0000000082675e28
instanceKlass org/springframework/http/converter/DefaultHttpMessageConverters
instanceKlass  @bci org/springframework/http/converter/support/AllEncompassingFormHttpMessageConverter <init> (Ljava/lang/Iterable;)V 26 <appendix> member <vmtarget> ; # org/springframework/http/converter/support/AllEncompassingFormHttpMessageConverter$$Lambda+0x0000000082675968
instanceKlass org/springframework/http/HttpOutputMessage
instanceKlass org/springframework/http/HttpMessage
instanceKlass org/springframework/http/converter/FormHttpMessageConverter
instanceKlass  @bci org/springframework/http/converter/json/Jackson2ObjectMapperBuilder configure (Lcom/fasterxml/jackson/databind/ObjectMapper;)V 1269 <appendix> member <vmtarget> ; # org/springframework/http/converter/json/Jackson2ObjectMapperBuilder$$Lambda+0x0000000082674d28
instanceKlass  @bci org/springframework/http/converter/json/Jackson2ObjectMapperBuilder configure (Lcom/fasterxml/jackson/databind/ObjectMapper;)V 1230 <appendix> member <vmtarget> ; # org/springframework/http/converter/json/Jackson2ObjectMapperBuilder$$Lambda+0x0000000082674ae8
instanceKlass  @bci org/springframework/http/converter/json/Jackson2ObjectMapperBuilder configure (Lcom/fasterxml/jackson/databind/ObjectMapper;)V 1056 <appendix> member <vmtarget> ; # org/springframework/http/converter/json/Jackson2ObjectMapperBuilder$$Lambda+0x0000000082674658
instanceKlass  @cpi org/springframework/http/converter/json/Jackson2ObjectMapperBuilder 585 form vmentry <vmtarget> ; # java/lang/invoke/LambdaForm$DMH+0x0000000082678000
instanceKlass com/fasterxml/jackson/databind/deser/ValueInstantiators$Base
instanceKlass com/fasterxml/jackson/databind/module/SimpleKeyDeserializers
instanceKlass  @bci com/fasterxml/jackson/datatype/jsr310/ser/ZonedDateTimeSerializer <init> (Ljava/time/format/DateTimeFormatter;)V 38 <appendix> argL0 ; # com/fasterxml/jackson/datatype/jsr310/ser/ZonedDateTimeSerializer$$Lambda+0x0000000082673d88
instanceKlass  @bci com/fasterxml/jackson/datatype/jsr310/ser/ZonedDateTimeSerializer <init> (Ljava/time/format/DateTimeFormatter;)V 33 <appendix> argL0 ; # com/fasterxml/jackson/datatype/jsr310/ser/ZonedDateTimeSerializer$$Lambda+0x0000000082673b60
instanceKlass  @bci com/fasterxml/jackson/datatype/jsr310/ser/ZonedDateTimeSerializer <init> (Ljava/time/format/DateTimeFormatter;)V 28 <appendix> argL0 ; # com/fasterxml/jackson/datatype/jsr310/ser/ZonedDateTimeSerializer$$Lambda+0x0000000082673938
instanceKlass  @bci com/fasterxml/jackson/datatype/jsr310/ser/OffsetDateTimeSerializer <init> ()V 38 <appendix> argL0 ; # com/fasterxml/jackson/datatype/jsr310/ser/OffsetDateTimeSerializer$$Lambda+0x0000000082673710
instanceKlass  @bci com/fasterxml/jackson/datatype/jsr310/ser/OffsetDateTimeSerializer <init> ()V 33 <appendix> argL0 ; # com/fasterxml/jackson/datatype/jsr310/ser/OffsetDateTimeSerializer$$Lambda+0x00000000826734e8
instanceKlass  @bci com/fasterxml/jackson/datatype/jsr310/ser/OffsetDateTimeSerializer <init> ()V 28 <appendix> argL0 ; # com/fasterxml/jackson/datatype/jsr310/ser/OffsetDateTimeSerializer$$Lambda+0x00000000826732c0
instanceKlass  @bci com/fasterxml/jackson/datatype/jsr310/ser/InstantSerializer <init> ()V 38 <appendix> argL0 ; # com/fasterxml/jackson/datatype/jsr310/ser/InstantSerializer$$Lambda+0x0000000082673098
instanceKlass  @bci com/fasterxml/jackson/datatype/jsr310/ser/InstantSerializer <init> ()V 33 <appendix> argL0 ; # com/fasterxml/jackson/datatype/jsr310/ser/InstantSerializer$$Lambda+0x0000000082672e70
instanceKlass  @bci com/fasterxml/jackson/datatype/jsr310/ser/InstantSerializer <init> ()V 28 <appendix> argL0 ; # com/fasterxml/jackson/datatype/jsr310/ser/InstantSerializer$$Lambda+0x0000000082672c48
instanceKlass com/fasterxml/jackson/databind/ser/Serializers$Base
instanceKlass com/fasterxml/jackson/databind/util/ArrayBuilders
instanceKlass com/fasterxml/jackson/databind/type/ClassKey
instanceKlass  @bci com/fasterxml/jackson/datatype/jsr310/deser/InstantDeserializer <clinit> ()V 213 <appendix> argL0 ; # com/fasterxml/jackson/datatype/jsr310/deser/InstantDeserializer$$Lambda+0x0000000082670b58
instanceKlass  @bci com/fasterxml/jackson/datatype/jsr310/deser/InstantDeserializer <clinit> ()V 208 <appendix> argL0 ; # com/fasterxml/jackson/datatype/jsr310/deser/InstantDeserializer$$Lambda+0x0000000082670910
instanceKlass  @bci com/fasterxml/jackson/datatype/jsr310/deser/InstantDeserializer <clinit> ()V 203 <appendix> argL0 ; # com/fasterxml/jackson/datatype/jsr310/deser/InstantDeserializer$$Lambda+0x00000000826706c8
instanceKlass  @bci com/fasterxml/jackson/datatype/jsr310/deser/InstantDeserializer <clinit> ()V 198 <appendix> argL0 ; # com/fasterxml/jackson/datatype/jsr310/deser/InstantDeserializer$$Lambda+0x0000000082670480
instanceKlass  @bci com/fasterxml/jackson/datatype/jsr310/deser/InstantDeserializer <clinit> ()V 161 <appendix> argL0 ; # com/fasterxml/jackson/datatype/jsr310/deser/InstantDeserializer$$Lambda+0x0000000082670248
instanceKlass  @bci com/fasterxml/jackson/datatype/jsr310/deser/InstantDeserializer <clinit> ()V 156 <appendix> argL0 ; # com/fasterxml/jackson/datatype/jsr310/deser/InstantDeserializer$$Lambda+0x0000000082670000
instanceKlass  @bci com/fasterxml/jackson/datatype/jsr310/deser/InstantDeserializer <clinit> ()V 151 <appendix> argL0 ; # com/fasterxml/jackson/datatype/jsr310/deser/InstantDeserializer$$Lambda+0x000000008266fbf8
instanceKlass  @bci com/fasterxml/jackson/datatype/jsr310/deser/InstantDeserializer <clinit> ()V 146 <appendix> argL0 ; # com/fasterxml/jackson/datatype/jsr310/deser/InstantDeserializer$$Lambda+0x000000008266f9b0
instanceKlass  @bci com/fasterxml/jackson/datatype/jsr310/deser/InstantDeserializer <init> (Ljava/lang/Class;Ljava/time/format/DateTimeFormatter;Ljava/util/function/Function;Ljava/util/function/Function;Ljava/util/function/Function;Ljava/util/function/BiFunction;ZZZ)V 117 <appendix> argL0 ; # com/fasterxml/jackson/datatype/jsr310/deser/InstantDeserializer$$Lambda+0x000000008266f778
instanceKlass  @bci com/fasterxml/jackson/datatype/jsr310/deser/InstantDeserializer <clinit> ()V 109 <appendix> argL0 ; # com/fasterxml/jackson/datatype/jsr310/deser/InstantDeserializer$$Lambda+0x000000008266f530
instanceKlass com/fasterxml/jackson/datatype/jsr310/deser/InstantDeserializer$FromDecimalArguments
instanceKlass  @bci com/fasterxml/jackson/datatype/jsr310/deser/InstantDeserializer <clinit> ()V 104 <appendix> argL0 ; # com/fasterxml/jackson/datatype/jsr310/deser/InstantDeserializer$$Lambda+0x000000008266f0d0
instanceKlass com/fasterxml/jackson/datatype/jsr310/deser/InstantDeserializer$FromIntegerArguments
instanceKlass  @bci com/fasterxml/jackson/datatype/jsr310/deser/InstantDeserializer <clinit> ()V 99 <appendix> argL0 ; # com/fasterxml/jackson/datatype/jsr310/deser/InstantDeserializer$$Lambda+0x000000008266ec70
instanceKlass com/fasterxml/jackson/databind/deser/Deserializers$Base
instanceKlass com/fasterxml/jackson/databind/ObjectMapper$1
instanceKlass com/fasterxml/jackson/core/util/JacksonFeatureSet
instanceKlass com/fasterxml/jackson/core/Version
instanceKlass com/fasterxml/jackson/core/util/VersionUtil
instanceKlass com/fasterxml/jackson/datatype/jsr310/PackageVersion
instanceKlass org/springframework/beans/BeanUtils
instanceKlass com/fasterxml/jackson/databind/ser/BeanSerializerModifier
instanceKlass com/fasterxml/jackson/databind/ser/Serializers
instanceKlass com/fasterxml/jackson/databind/cfg/SerializerFactoryConfig
instanceKlass com/fasterxml/jackson/databind/ser/std/StdJdkSerializers
instanceKlass com/fasterxml/jackson/databind/ser/std/NumberSerializers
instanceKlass com/fasterxml/jackson/databind/deser/DeserializerCache
instanceKlass com/fasterxml/jackson/databind/KeyDeserializer
instanceKlass com/fasterxml/jackson/databind/deser/std/StdKeyDeserializers
instanceKlass com/fasterxml/jackson/databind/deser/KeyDeserializers
instanceKlass com/fasterxml/jackson/databind/deser/ValueInstantiators
instanceKlass com/fasterxml/jackson/databind/AbstractTypeResolver
instanceKlass com/fasterxml/jackson/databind/deser/BeanDeserializerModifier
instanceKlass com/fasterxml/jackson/databind/cfg/DeserializerFactoryConfig
instanceKlass com/fasterxml/jackson/databind/deser/Deserializers
instanceKlass com/fasterxml/jackson/databind/deser/ResolvableDeserializer
instanceKlass com/fasterxml/jackson/databind/deser/ValueInstantiator$Gettable
instanceKlass com/fasterxml/jackson/databind/deser/ContextualDeserializer
instanceKlass com/fasterxml/jackson/databind/JsonDeserializer
instanceKlass com/fasterxml/jackson/databind/deser/NullValueProvider
instanceKlass com/fasterxml/jackson/databind/ser/SerializerCache
instanceKlass com/fasterxml/jackson/databind/ser/ResolvableSerializer
instanceKlass com/fasterxml/jackson/databind/ser/ContextualSerializer
instanceKlass com/fasterxml/jackson/databind/jsonschema/SchemaAware
instanceKlass com/fasterxml/jackson/databind/JsonSerializer
instanceKlass com/fasterxml/jackson/databind/jsonFormatVisitors/JsonFormatVisitable
instanceKlass com/fasterxml/jackson/databind/node/JsonNodeFactory
instanceKlass com/fasterxml/jackson/databind/node/JsonNodeCreator
instanceKlass com/fasterxml/jackson/databind/cfg/ContextAttributes
instanceKlass com/fasterxml/jackson/databind/cfg/DatatypeFeature
instanceKlass com/fasterxml/jackson/databind/cfg/DatatypeFeatures$DefaultHolder
instanceKlass com/fasterxml/jackson/databind/cfg/DatatypeFeatures
instanceKlass com/fasterxml/jackson/core/util/DefaultPrettyPrinter$NopIndenter
instanceKlass com/fasterxml/jackson/core/util/Separators
instanceKlass com/fasterxml/jackson/core/util/DefaultPrettyPrinter
instanceKlass com/fasterxml/jackson/core/util/Instantiatable
instanceKlass com/fasterxml/jackson/databind/cfg/ConfigFeature
instanceKlass com/fasterxml/jackson/databind/cfg/ConfigOverride
instanceKlass com/fasterxml/jackson/databind/cfg/CoercionConfig
instanceKlass com/fasterxml/jackson/databind/cfg/CoercionConfigs
instanceKlass com/fasterxml/jackson/databind/introspect/VisibilityChecker$Std
instanceKlass com/fasterxml/jackson/databind/cfg/ConfigOverrides
instanceKlass com/fasterxml/jackson/databind/introspect/AnnotatedClass$Creators
instanceKlass com/fasterxml/jackson/databind/introspect/AnnotationCollector$NoAnnotations
instanceKlass com/fasterxml/jackson/databind/util/Annotations
instanceKlass com/fasterxml/jackson/databind/introspect/AnnotationCollector
instanceKlass com/fasterxml/jackson/databind/introspect/AnnotatedClassResolver
instanceKlass com/fasterxml/jackson/databind/cfg/MapperConfig
instanceKlass com/fasterxml/jackson/databind/BeanDescription
instanceKlass com/fasterxml/jackson/databind/introspect/SimpleMixInResolver
instanceKlass com/fasterxml/jackson/databind/introspect/ClassIntrospector$MixInResolver
instanceKlass com/fasterxml/jackson/databind/util/RootNameLookup
instanceKlass com/fasterxml/jackson/databind/cfg/DefaultCacheProvider
instanceKlass com/fasterxml/jackson/databind/cfg/CacheProvider
instanceKlass com/fasterxml/jackson/databind/introspect/AccessorNamingStrategy
instanceKlass com/fasterxml/jackson/core/Base64Variant
instanceKlass com/fasterxml/jackson/core/Base64Variants
instanceKlass com/fasterxml/jackson/databind/type/TypeBindings
instanceKlass com/fasterxml/jackson/databind/type/TypeParser
instanceKlass com/fasterxml/jackson/databind/type/TypeFactory
instanceKlass com/fasterxml/jackson/databind/cfg/BaseSettings
instanceKlass com/fasterxml/jackson/databind/util/internal/Linked
instanceKlass com/fasterxml/jackson/databind/util/internal/PrivateMaxEntriesMap$Builder
instanceKlass com/fasterxml/jackson/databind/util/LRUMap
instanceKlass com/fasterxml/jackson/databind/util/LookupCache
instanceKlass com/fasterxml/jackson/databind/util/ClassUtil$Ctor
instanceKlass com/fasterxml/jackson/databind/util/ClassUtil
instanceKlass com/fasterxml/jackson/databind/ext/Java7Support
instanceKlass com/fasterxml/jackson/databind/annotation/JsonDeserialize
instanceKlass com/fasterxml/jackson/databind/annotation/JsonSerialize
instanceKlass com/fasterxml/jackson/databind/introspect/ConcreteBeanPropertyBase
instanceKlass com/fasterxml/jackson/databind/BeanProperty
instanceKlass com/fasterxml/jackson/databind/introspect/BeanPropertyDefinition
instanceKlass com/fasterxml/jackson/databind/util/Named
instanceKlass com/fasterxml/jackson/databind/introspect/TypeResolutionContext
instanceKlass com/fasterxml/jackson/databind/introspect/Annotated
instanceKlass com/fasterxml/jackson/databind/introspect/VisibilityChecker
instanceKlass com/fasterxml/jackson/databind/Module$SetupContext
instanceKlass com/fasterxml/jackson/databind/introspect/ClassIntrospector
instanceKlass com/fasterxml/jackson/core/type/ResolvedType
instanceKlass com/fasterxml/jackson/core/util/BufferRecycler$Gettable
instanceKlass com/fasterxml/jackson/databind/jsontype/TypeResolverBuilder
instanceKlass com/fasterxml/jackson/databind/JsonSerializable$Base
instanceKlass com/fasterxml/jackson/databind/JsonSerializable
instanceKlass com/fasterxml/jackson/core/TreeNode
instanceKlass com/fasterxml/jackson/databind/jsontype/PolymorphicTypeValidator
instanceKlass com/fasterxml/jackson/databind/introspect/AccessorNamingStrategy$Provider
instanceKlass com/fasterxml/jackson/databind/AnnotationIntrospector
instanceKlass com/fasterxml/jackson/databind/ser/SerializerFactory
instanceKlass com/fasterxml/jackson/databind/deser/DeserializerFactory
instanceKlass com/fasterxml/jackson/databind/DatabindContext
instanceKlass com/fasterxml/jackson/databind/jsontype/SubtypeResolver
instanceKlass com/fasterxml/jackson/core/sym/CharsToNameCanonicalizer$Bucket
instanceKlass com/fasterxml/jackson/core/sym/CharsToNameCanonicalizer$TableInfo
instanceKlass com/fasterxml/jackson/core/sym/CharsToNameCanonicalizer
instanceKlass com/fasterxml/jackson/core/ErrorReportConfiguration
instanceKlass com/fasterxml/jackson/core/StreamWriteConstraints
instanceKlass com/fasterxml/jackson/core/StreamReadConstraints
instanceKlass com/fasterxml/jackson/core/util/RecyclerPool$WithPool
instanceKlass com/fasterxml/jackson/core/util/RecyclerPool$ThreadLocalPoolBase
instanceKlass com/fasterxml/jackson/core/util/RecyclerPool
instanceKlass com/fasterxml/jackson/core/util/JsonRecyclerPools
instanceKlass com/fasterxml/jackson/core/sym/ByteQuadsCanonicalizer$TableInfo
instanceKlass com/fasterxml/jackson/core/sym/ByteQuadsCanonicalizer
instanceKlass com/fasterxml/jackson/core/FormatFeature
instanceKlass com/fasterxml/jackson/core/io/CharTypes
instanceKlass com/fasterxml/jackson/core/io/JsonStringEncoder
instanceKlass com/fasterxml/jackson/core/io/SerializedString
instanceKlass com/fasterxml/jackson/core/util/JacksonFeature
instanceKlass com/fasterxml/jackson/dataformat/yaml/util/StringQuotingChecker
instanceKlass com/fasterxml/jackson/core/async/ByteArrayFeeder
instanceKlass com/fasterxml/jackson/core/async/ByteBufferFeeder
instanceKlass com/fasterxml/jackson/core/async/NonBlockingInputFeeder
instanceKlass com/fasterxml/jackson/core/JsonParser
instanceKlass com/fasterxml/jackson/core/TSFBuilder
instanceKlass com/fasterxml/jackson/core/SerializableString
instanceKlass org/springframework/http/converter/json/Jackson2ObjectMapperBuilder$YamlFactoryInitializer
instanceKlass com/fasterxml/jackson/databind/cfg/HandlerInstantiator
instanceKlass com/fasterxml/jackson/databind/Module
instanceKlass org/springframework/http/converter/json/Jackson2ObjectMapperBuilder
instanceKlass com/fasterxml/jackson/core/PrettyPrinter
instanceKlass com/fasterxml/jackson/core/util/DefaultPrettyPrinter$Indenter
instanceKlass  @bci javax/xml/transform/FactoryFinder newInstance (Ljava/lang/Class;Ljava/lang/String;Ljava/lang/ClassLoader;Z)Ljava/lang/Object; 83 <appendix> member <vmtarget> ; # javax/xml/transform/FactoryFinder$$Lambda+0x000000008236a3f8
instanceKlass jdk/xml/internal/JdkProperty
instanceKlass jdk/xml/internal/JdkConstants
instanceKlass javax/xml/catalog/CatalogFeatures$Builder
instanceKlass javax/xml/catalog/CatalogFeatures
instanceKlass jdk/xml/internal/TransformErrorListener
instanceKlass com/sun/org/apache/xalan/internal/xsltc/DOMCache
instanceKlass javax/xml/transform/Transformer
instanceKlass org/xml/sax/XMLFilter
instanceKlass org/xml/sax/XMLReader
instanceKlass java/io/FilenameFilter
instanceKlass javax/xml/transform/Templates
instanceKlass javax/xml/transform/sax/TransformerHandler
instanceKlass org/xml/sax/DTDHandler
instanceKlass org/xml/sax/ext/LexicalHandler
instanceKlass javax/xml/transform/sax/TemplatesHandler
instanceKlass org/xml/sax/ContentHandler
instanceKlass javax/xml/transform/ErrorListener
instanceKlass  @bci javax/xml/transform/FactoryFinder find (Ljava/lang/Class;Ljava/lang/String;)Ljava/lang/Object; 112 <appendix> member <vmtarget> ; # javax/xml/transform/FactoryFinder$$Lambda+0x0000000082366f58
instanceKlass jdk/xml/internal/JdkXmlFeatures
instanceKlass jdk/xml/internal/FeaturePropertyBase
instanceKlass  @bci java/util/Collections$UnmodifiableMap$UnmodifiableEntrySet entryConsumer (Ljava/util/function/Consumer;)Ljava/util/function/Consumer; 1 <appendix> member <vmtarget> ; # java/util/Collections$UnmodifiableMap$UnmodifiableEntrySet$$Lambda+0x00000000823649d8
instanceKlass  @bci jdk/xml/internal/XMLSecurityManager$StringMapper <init> (Ljava/util/Map;)V 30 <appendix> argL0 ; # jdk/xml/internal/XMLSecurityManager$StringMapper$$Lambda+0x0000000082364790
instanceKlass  @bci jdk/xml/internal/XMLSecurityManager$StringMapper <init> (Ljava/util/Map;)V 25 <appendix> argL0 ; # jdk/xml/internal/XMLSecurityManager$StringMapper$$Lambda+0x0000000082364548
instanceKlass java/util/Collections$UnmodifiableMap$UnmodifiableEntrySet$UnmodifiableEntrySetSpliterator
instanceKlass jdk/xml/internal/XMLSecurityManager$ValueMapper
instanceKlass jdk/xml/internal/XMLSecurityManager
instanceKlass jdk/xml/internal/JdkXmlConfig
instanceKlass jdk/xml/internal/SecuritySupport
instanceKlass  @bci javax/xml/transform/FactoryFinder find (Ljava/lang/Class;Ljava/lang/String;)Ljava/lang/Object; 24 <appendix> member <vmtarget> ; # javax/xml/transform/FactoryFinder$$Lambda+0x0000000082362cb8
instanceKlass javax/xml/transform/FactoryFinder
instanceKlass com/sun/org/apache/xalan/internal/xsltc/compiler/SourceLoader
instanceKlass javax/xml/transform/TransformerFactory
instanceKlass  @bci org/springframework/http/converter/xml/Jaxb2RootElementHttpMessageConverter <clinit> ()V 14 <appendix> argL0 ; # org/springframework/http/converter/xml/Jaxb2RootElementHttpMessageConverter$$Lambda+0x000000008260c0f0
instanceKlass org/xml/sax/InputSource
instanceKlass org/xml/sax/EntityResolver
instanceKlass javax/xml/transform/Result
instanceKlass tools/jackson/databind/deser/DeserializerCache
instanceKlass tools/jackson/databind/ser/SerializerCache
instanceKlass tools/jackson/databind/cfg/ContextAttributes
instanceKlass tools/jackson/databind/cfg/ConfigOverride
instanceKlass tools/jackson/databind/util/RootNameLookup
instanceKlass tools/jackson/databind/introspect/AnnotatedMethodMap
instanceKlass tools/jackson/databind/introspect/AnnotationCollector$NoAnnotations
instanceKlass tools/jackson/databind/util/Annotations
instanceKlass tools/jackson/databind/introspect/AnnotationCollector
instanceKlass tools/jackson/databind/introspect/AnnotatedClass$Creators
instanceKlass tools/jackson/databind/BeanDescription
instanceKlass tools/jackson/databind/type/TypeFactory
instanceKlass  @bci tools/jackson/databind/ObjectMapper <init> (Ltools/jackson/databind/cfg/MapperBuilder;)V 158 <appendix> member <vmtarget> ; # tools/jackson/databind/ObjectMapper$$Lambda+0x0000000082606270
instanceKlass  @bci tools/jackson/databind/ObjectMapper <init> (Ltools/jackson/databind/cfg/MapperBuilder;)V 98 <appendix> member <vmtarget> ; # tools/jackson/databind/ObjectMapper$$Lambda+0x0000000082606030
instanceKlass tools/jackson/databind/deser/ValueInstantiators$Base
instanceKlass tools/jackson/databind/module/SimpleKeyDeserializers
instanceKlass tools/jackson/databind/ser/ValueSerializerModifier
instanceKlass tools/jackson/databind/cfg/SerializerFactoryConfig
instanceKlass  @bci tools/jackson/databind/ext/javatime/ser/ZonedDateTimeSerializer <init> (Ljava/time/format/DateTimeFormatter;)V 26 <appendix> argL0 ; # tools/jackson/databind/ext/javatime/ser/ZonedDateTimeSerializer$$Lambda+0x00000000825f9e90
instanceKlass  @bci tools/jackson/databind/ext/javatime/ser/ZonedDateTimeSerializer <init> (Ljava/time/format/DateTimeFormatter;)V 21 <appendix> argL0 ; # tools/jackson/databind/ext/javatime/ser/ZonedDateTimeSerializer$$Lambda+0x00000000825f9c68
instanceKlass  @bci tools/jackson/databind/ext/javatime/ser/ZonedDateTimeSerializer <init> (Ljava/time/format/DateTimeFormatter;)V 16 <appendix> argL0 ; # tools/jackson/databind/ext/javatime/ser/ZonedDateTimeSerializer$$Lambda+0x00000000825f9a40
instanceKlass  @bci tools/jackson/databind/ext/javatime/ser/OffsetDateTimeSerializer <init> ()V 26 <appendix> argL0 ; # tools/jackson/databind/ext/javatime/ser/OffsetDateTimeSerializer$$Lambda+0x00000000825f9818
instanceKlass  @bci tools/jackson/databind/ext/javatime/ser/OffsetDateTimeSerializer <init> ()V 21 <appendix> argL0 ; # tools/jackson/databind/ext/javatime/ser/OffsetDateTimeSerializer$$Lambda+0x00000000825f95f0
instanceKlass  @bci tools/jackson/databind/ext/javatime/ser/OffsetDateTimeSerializer <init> ()V 16 <appendix> argL0 ; # tools/jackson/databind/ext/javatime/ser/OffsetDateTimeSerializer$$Lambda+0x00000000825f93c8
instanceKlass  @cpi com/fasterxml/jackson/datatype/jsr310/ser/ZonedDateTimeSerializer 58 form vmentry <vmtarget> ; # java/lang/invoke/LambdaForm$DMH+0x00000000825fc800
# instanceKlass java/lang/invoke/LambdaForm$DMH+0x00000000825fc400
instanceKlass  @bci tools/jackson/databind/ext/javatime/ser/InstantSerializer <init> ()V 26 <appendix> argL0 ; # tools/jackson/databind/ext/javatime/ser/InstantSerializer$$Lambda+0x00000000825f91a0
instanceKlass  @bci tools/jackson/databind/ext/javatime/ser/InstantSerializer <init> ()V 21 <appendix> argL0 ; # tools/jackson/databind/ext/javatime/ser/InstantSerializer$$Lambda+0x00000000825f8f78
instanceKlass  @bci tools/jackson/databind/ext/javatime/ser/InstantSerializer <init> ()V 16 <appendix> argL0 ; # tools/jackson/databind/ext/javatime/ser/InstantSerializer$$Lambda+0x00000000825f8d50
instanceKlass  @cpi com/fasterxml/jackson/datatype/jsr310/ser/OffsetDateTimeSerializer 62 form vmentry <vmtarget> ; # java/lang/invoke/LambdaForm$DMH+0x00000000825fc000
instanceKlass tools/jackson/databind/ser/Serializers$Base
instanceKlass tools/jackson/databind/util/ClassUtil$Ctor
instanceKlass tools/jackson/databind/util/ClassUtil
instanceKlass tools/jackson/databind/util/ArrayBuilders
instanceKlass tools/jackson/databind/deser/jdk/NullKeySkippable
instanceKlass tools/jackson/databind/deser/jdk/JDKKeyDeserializers
instanceKlass tools/jackson/databind/deser/ValueDeserializerModifier
instanceKlass tools/jackson/databind/cfg/DeserializerFactoryConfig
instanceKlass com/fasterxml/jackson/annotation/ObjectIdGenerator
instanceKlass  @bci java/util/stream/Collectors toUnmodifiableMap (Ljava/util/function/Function;Ljava/util/function/Function;)Ljava/util/stream/Collector; 21 <appendix> argL0 ; # java/util/stream/Collectors$$Lambda+0x0000000082361570
instanceKlass  @bci java/util/stream/Collectors uniqKeysMapMerger ()Ljava/util/function/BinaryOperator; 0 <appendix> argL0 ; # java/util/stream/Collectors$$Lambda+0x0000000082361320
instanceKlass  @bci java/util/stream/Collectors uniqKeysMapAccumulator (Ljava/util/function/Function;Ljava/util/function/Function;)Ljava/util/function/BiConsumer; 2 <appendix> member <vmtarget> ; # java/util/stream/Collectors$$Lambda+0x00000000823610e0
instanceKlass  @bci java/util/stream/Collectors toMap (Ljava/util/function/Function;Ljava/util/function/Function;)Ljava/util/stream/Collector; 4 <appendix> argL0 ; # java/util/stream/Collectors$$Lambda+0x0000000082360eb8
instanceKlass  @bci java/util/function/Function identity ()Ljava/util/function/Function; 0 <appendix> argL0 ; # java/util/function/Function$$Lambda+0x0000000082360c70
instanceKlass  @bci tools/jackson/databind/ext/javatime/deser/MonthDeserializer <init> (Ljava/time/format/DateTimeFormatter;)V 34 <appendix> argL0 ; # tools/jackson/databind/ext/javatime/deser/MonthDeserializer$$Lambda+0x00000000825ea748
instanceKlass  @bci tools/jackson/databind/ext/javatime/deser/InstantDeserializer <clinit> ()V 201 <appendix> argL0 ; # tools/jackson/databind/ext/javatime/deser/InstantDeserializer$$Lambda+0x00000000825ea510
instanceKlass  @bci tools/jackson/databind/ext/javatime/deser/InstantDeserializer <clinit> ()V 196 <appendix> argL0 ; # tools/jackson/databind/ext/javatime/deser/InstantDeserializer$$Lambda+0x00000000825ea2c8
instanceKlass  @bci tools/jackson/databind/ext/javatime/deser/InstantDeserializer <clinit> ()V 191 <appendix> argL0 ; # tools/jackson/databind/ext/javatime/deser/InstantDeserializer$$Lambda+0x00000000825ea080
instanceKlass  @bci tools/jackson/databind/ext/javatime/deser/InstantDeserializer <clinit> ()V 186 <appendix> argL0 ; # tools/jackson/databind/ext/javatime/deser/InstantDeserializer$$Lambda+0x00000000825e9e38
instanceKlass  @bci tools/jackson/databind/ext/javatime/deser/InstantDeserializer <clinit> ()V 149 <appendix> argL0 ; # tools/jackson/databind/ext/javatime/deser/InstantDeserializer$$Lambda+0x00000000825e9c00
instanceKlass  @bci tools/jackson/databind/ext/javatime/deser/InstantDeserializer <clinit> ()V 144 <appendix> argL0 ; # tools/jackson/databind/ext/javatime/deser/InstantDeserializer$$Lambda+0x00000000825e99b8
instanceKlass  @bci tools/jackson/databind/ext/javatime/deser/InstantDeserializer <clinit> ()V 139 <appendix> argL0 ; # tools/jackson/databind/ext/javatime/deser/InstantDeserializer$$Lambda+0x00000000825e9770
instanceKlass  @bci tools/jackson/databind/ext/javatime/deser/InstantDeserializer <clinit> ()V 134 <appendix> argL0 ; # tools/jackson/databind/ext/javatime/deser/InstantDeserializer$$Lambda+0x00000000825e9528
instanceKlass  @bci tools/jackson/databind/ext/javatime/deser/InstantDeserializer <init> (Ljava/lang/Class;Ljava/time/format/DateTimeFormatter;Ljava/util/function/Function;Ljava/util/function/Function;Ljava/util/function/Function;Ljava/util/function/BiFunction;ZZZ)V 105 <appendix> argL0 ; # tools/jackson/databind/ext/javatime/deser/InstantDeserializer$$Lambda+0x00000000825e92f0
instanceKlass  @bci tools/jackson/databind/ext/javatime/deser/InstantDeserializer <clinit> ()V 97 <appendix> argL0 ; # tools/jackson/databind/ext/javatime/deser/InstantDeserializer$$Lambda+0x00000000825e90a8
instanceKlass tools/jackson/databind/ext/javatime/deser/InstantDeserializer$FromDecimalArguments
instanceKlass  @bci tools/jackson/databind/ext/javatime/deser/InstantDeserializer <clinit> ()V 92 <appendix> argL0 ; # tools/jackson/databind/ext/javatime/deser/InstantDeserializer$$Lambda+0x00000000825e8c48
instanceKlass tools/jackson/databind/ext/javatime/deser/InstantDeserializer$FromIntegerArguments
instanceKlass  @bci tools/jackson/databind/ext/javatime/deser/InstantDeserializer <clinit> ()V 87 <appendix> argL0 ; # tools/jackson/databind/ext/javatime/deser/InstantDeserializer$$Lambda+0x00000000825e87e8
instanceKlass tools/jackson/databind/deser/Deserializers$Base
instanceKlass tools/jackson/databind/deser/ValueInstantiators
instanceKlass tools/jackson/databind/deser/KeyDeserializers
instanceKlass tools/jackson/databind/KeyDeserializer
instanceKlass tools/jackson/databind/ser/Serializers
instanceKlass tools/jackson/databind/ValueSerializer
instanceKlass tools/jackson/databind/jsonFormatVisitors/JsonFormatVisitable
instanceKlass tools/jackson/databind/deser/Deserializers
instanceKlass tools/jackson/databind/deser/ValueInstantiator$Gettable
instanceKlass tools/jackson/databind/ValueDeserializer
instanceKlass tools/jackson/databind/deser/NullValueProvider
instanceKlass tools/jackson/databind/ext/javatime/JavaTimeInitializer
instanceKlass tools/jackson/databind/cfg/ModuleContextBase
instanceKlass tools/jackson/databind/JacksonModule
instanceKlass tools/jackson/databind/type/ClassKey
instanceKlass tools/jackson/databind/introspect/MixInHandler
instanceKlass org/springframework/http/converter/json/ProblemDetailJacksonMixin
instanceKlass org/springframework/http/ProblemDetail
instanceKlass tools/jackson/databind/cfg/DatatypeFeatures$DefaultHolder
instanceKlass tools/jackson/databind/cfg/DatatypeFeatures
instanceKlass tools/jackson/databind/cfg/CoercionConfig
instanceKlass tools/jackson/databind/cfg/CoercionConfigs
instanceKlass com/fasterxml/jackson/annotation/JsonFormat$Features
instanceKlass com/fasterxml/jackson/annotation/JsonFormat$Value
instanceKlass com/fasterxml/jackson/annotation/JsonSetter$Value
instanceKlass tools/jackson/databind/introspect/VisibilityChecker
instanceKlass com/fasterxml/jackson/annotation/JsonInclude$Value
instanceKlass com/fasterxml/jackson/annotation/JacksonAnnotationValue
instanceKlass tools/jackson/databind/cfg/ConfigOverrides
instanceKlass tools/jackson/core/sym/CharsToNameCanonicalizer$Bucket
instanceKlass tools/jackson/core/sym/CharsToNameCanonicalizer$TableInfo
instanceKlass tools/jackson/core/sym/CharsToNameCanonicalizer
instanceKlass tools/jackson/core/sym/ByteQuadsCanonicalizer$TableInfo
instanceKlass tools/jackson/core/sym/ByteQuadsCanonicalizer
instanceKlass tools/jackson/core/util/RecyclerPool$WithPool
instanceKlass tools/jackson/core/util/RecyclerPool$StatefulImplBase
instanceKlass tools/jackson/core/util/RecyclerPool
instanceKlass tools/jackson/core/util/JsonRecyclerPools
instanceKlass tools/jackson/core/ErrorReportConfiguration
instanceKlass tools/jackson/core/StreamWriteConstraints
instanceKlass tools/jackson/core/StreamReadConstraints
instanceKlass tools/jackson/core/ObjectWriteContext$Base
instanceKlass tools/jackson/core/async/ByteArrayFeeder
instanceKlass tools/jackson/core/async/ByteBufferFeeder
instanceKlass tools/jackson/core/async/NonBlockingInputFeeder
instanceKlass tools/jackson/core/TSFBuilder
instanceKlass tools/jackson/core/sym/PropertyNameMatcher
instanceKlass tools/jackson/databind/AbstractTypeResolver
instanceKlass tools/jackson/databind/jsontype/TypeIdResolver
instanceKlass tools/jackson/databind/jsontype/impl/StdTypeResolverBuilder
instanceKlass tools/jackson/databind/jsontype/TypeDeserializer
instanceKlass tools/jackson/databind/jsontype/TypeSerializer
instanceKlass tools/jackson/databind/cfg/MapperConfig
instanceKlass tools/jackson/databind/introspect/MixInResolver
instanceKlass tools/jackson/databind/jsontype/TypeResolverProvider
instanceKlass tools/jackson/databind/node/JsonNodeFactory
instanceKlass tools/jackson/databind/node/JsonNodeCreator
instanceKlass tools/jackson/databind/cfg/DefaultCacheProvider
instanceKlass tools/jackson/databind/cfg/CacheProvider
instanceKlass tools/jackson/core/Base64Variant
instanceKlass tools/jackson/core/Base64Variants
instanceKlass tools/jackson/databind/cfg/BaseSettings
instanceKlass tools/jackson/databind/introspect/DefaultAccessorNamingStrategy$FirstCharBasedValidator
instanceKlass tools/jackson/databind/introspect/DefaultAccessorNamingStrategy$BaseNameValidator
instanceKlass tools/jackson/databind/introspect/AccessorNamingStrategy
instanceKlass tools/jackson/databind/util/internal/Linked
instanceKlass tools/jackson/databind/util/internal/PrivateMaxEntriesMap$Builder
instanceKlass tools/jackson/databind/util/SimpleLookupCache
instanceKlass java/beans/ConstructorProperties
instanceKlass java/beans/Transient
instanceKlass tools/jackson/databind/ext/beans/JavaBeansAnnotations
instanceKlass com/fasterxml/jackson/annotation/JsonMerge
instanceKlass com/fasterxml/jackson/annotation/JsonDeserializeAs
instanceKlass tools/jackson/databind/annotation/JsonDeserialize
instanceKlass com/fasterxml/jackson/annotation/JsonManagedReference
instanceKlass com/fasterxml/jackson/annotation/JsonBackReference
instanceKlass com/fasterxml/jackson/annotation/JsonUnwrapped
instanceKlass com/fasterxml/jackson/annotation/JsonRawValue
instanceKlass com/fasterxml/jackson/annotation/JsonTypeInfo
instanceKlass com/fasterxml/jackson/annotation/JsonFormat
instanceKlass com/fasterxml/jackson/annotation/JsonSerializeAs
instanceKlass tools/jackson/databind/annotation/JsonSerialize
instanceKlass tools/jackson/databind/introspect/ConcreteBeanPropertyBase
instanceKlass tools/jackson/databind/BeanProperty
instanceKlass tools/jackson/databind/introspect/BeanPropertyDefinition
instanceKlass tools/jackson/databind/util/FullyNamed
instanceKlass tools/jackson/core/util/Named
instanceKlass tools/jackson/databind/introspect/TypeResolutionContext
instanceKlass tools/jackson/databind/introspect/Annotated
instanceKlass tools/jackson/databind/util/LookupCache
instanceKlass tools/jackson/core/util/DefaultPrettyPrinter$NopIndenter
instanceKlass tools/jackson/core/io/CharTypes
instanceKlass tools/jackson/core/io/JsonStringEncoder
instanceKlass tools/jackson/core/io/SerializedString
instanceKlass tools/jackson/core/util/Separators
instanceKlass tools/jackson/core/SerializableString
instanceKlass tools/jackson/core/util/DefaultPrettyPrinter
instanceKlass tools/jackson/core/util/Instantiatable
instanceKlass tools/jackson/databind/cfg/ConfigFeature
instanceKlass tools/jackson/databind/cfg/MapperBuilderState
instanceKlass tools/jackson/databind/cfg/DatatypeFeature
instanceKlass tools/jackson/databind/jsontype/TypeResolverBuilder
instanceKlass tools/jackson/databind/cfg/DeserializationContexts
instanceKlass tools/jackson/databind/deser/DeserializerFactory
instanceKlass tools/jackson/databind/JacksonModule$SetupContext
instanceKlass tools/jackson/databind/cfg/SerializationContexts
instanceKlass tools/jackson/databind/introspect/ClassIntrospector
instanceKlass tools/jackson/databind/ser/SerializerFactory
instanceKlass tools/jackson/databind/jsontype/SubtypeResolver
instanceKlass tools/jackson/databind/introspect/AccessorNamingStrategy$Provider
instanceKlass tools/jackson/databind/jsontype/PolymorphicTypeValidator
instanceKlass tools/jackson/databind/AnnotationIntrospector
instanceKlass tools/jackson/databind/type/TypeBindings
instanceKlass tools/jackson/core/FormatFeature
instanceKlass tools/jackson/core/util/JacksonFeature
instanceKlass tools/jackson/core/tree/ArrayTreeNode
instanceKlass tools/jackson/core/JsonParser
instanceKlass tools/jackson/core/util/BufferRecycler$Gettable
instanceKlass tools/jackson/core/tree/ObjectTreeNode
instanceKlass tools/jackson/core/JsonGenerator
instanceKlass tools/jackson/core/ObjectWriteContext
instanceKlass tools/jackson/databind/DatabindContext
instanceKlass tools/jackson/databind/JacksonSerializable$Base
instanceKlass tools/jackson/core/TreeNode
instanceKlass tools/jackson/core/ObjectReadContext
instanceKlass tools/jackson/databind/JacksonSerializable
instanceKlass tools/jackson/core/type/ResolvedType
instanceKlass tools/jackson/core/TokenStreamFactory
instanceKlass tools/jackson/databind/cfg/MapperBuilder
instanceKlass tools/jackson/databind/ser/FilterProvider
instanceKlass tools/jackson/core/util/Snapshottable
instanceKlass com/fasterxml/jackson/annotation/JsonView
instanceKlass tools/jackson/core/PrettyPrinter
instanceKlass tools/jackson/core/util/DefaultPrettyPrinter$Indenter
instanceKlass org/springframework/http/converter/SmartHttpMessageConverter
instanceKlass org/springframework/http/converter/GenericHttpMessageConverter
instanceKlass org/apache/commons/logging/impl/NoOpLog
instanceKlass org/springframework/core/log/CompositeLog
instanceKlass org/springframework/core/log/LogDelegateFactory
instanceKlass org/springframework/http/HttpLogging
instanceKlass org/springframework/http/StreamingHttpOutputMessage$Body
instanceKlass org/springframework/http/converter/AbstractHttpMessageConverter
instanceKlass com/fasterxml/jackson/core/TokenStreamFactory
instanceKlass jakarta/xml/bind/Binder
instanceKlass org/springframework/util/MimeType
instanceKlass org/springframework/http/converter/HttpMessageConverter
instanceKlass org/springframework/http/converter/DefaultHttpMessageConverters$DefaultBuilder
instanceKlass org/springframework/http/converter/HttpMessageConverters$ClientBuilder
instanceKlass org/springframework/http/converter/HttpMessageConverters$ServerBuilder
instanceKlass org/springframework/http/converter/HttpMessageConverters$Builder
instanceKlass org/springframework/http/converter/HttpMessageConverters
instanceKlass org/springframework/web/accept/ContentNegotiationStrategy
instanceKlass org/springframework/web/accept/ContentNegotiationManagerFactoryBean
instanceKlass org/springframework/web/servlet/config/annotation/ContentNegotiationConfigurer
instanceKlass org/springframework/web/servlet/config/annotation/PathMatchConfigurer
instanceKlass org/springframework/web/util/UrlPathHelper
instanceKlass org/springframework/web/servlet/resource/ResourceResolverChain
instanceKlass org/springframework/web/servlet/resource/ResourceUrlProvider
instanceKlass org/springframework/context/ApplicationListener
instanceKlass org/springframework/format/annotation/DurationFormat
instanceKlass org/springframework/format/annotation/DateTimeFormat
instanceKlass org/springframework/format/datetime/standard/MonthDayFormatter
instanceKlass org/springframework/format/datetime/standard/YearMonthFormatter
instanceKlass org/springframework/format/datetime/standard/MonthFormatter
instanceKlass org/springframework/format/datetime/standard/YearFormatter
instanceKlass org/springframework/format/datetime/standard/DurationFormatter
instanceKlass org/springframework/format/datetime/standard/PeriodFormatter
instanceKlass org/springframework/format/datetime/standard/InstantFormatter
instanceKlass org/springframework/format/support/FormattingConversionService$ParserConverter
instanceKlass org/springframework/format/support/FormattingConversionService$PrinterConverter
instanceKlass org/springframework/format/datetime/standard/TemporalAccessorParser
instanceKlass org/springframework/format/datetime/standard/TemporalAccessorPrinter
instanceKlass java/time/format/DateTimeFormatterBuilder$LocalizedPrinterParser
instanceKlass org/springframework/format/datetime/standard/DateTimeConverters$InstantToLongConverter
instanceKlass org/springframework/format/datetime/standard/DateTimeConverters$LongToInstantConverter
instanceKlass org/springframework/format/datetime/standard/DateTimeConverters$CalendarToInstantConverter
instanceKlass org/springframework/format/datetime/standard/DateTimeConverters$CalendarToLocalDateTimeConverter
instanceKlass org/springframework/format/datetime/standard/DateTimeConverters$CalendarToLocalTimeConverter
instanceKlass org/springframework/format/datetime/standard/DateTimeConverters$CalendarToLocalDateConverter
instanceKlass org/springframework/format/datetime/standard/DateTimeConverters$CalendarToOffsetDateTimeConverter
instanceKlass org/springframework/format/datetime/standard/DateTimeConverters$CalendarToZonedDateTimeConverter
instanceKlass org/springframework/format/datetime/standard/DateTimeConverters$OffsetDateTimeToInstantConverter
instanceKlass org/springframework/format/datetime/standard/DateTimeConverters$OffsetDateTimeToZonedDateTimeConverter
instanceKlass org/springframework/format/datetime/standard/DateTimeConverters$OffsetDateTimeToLocalDateTimeConverter
instanceKlass org/springframework/format/datetime/standard/DateTimeConverters$OffsetDateTimeToLocalTimeConverter
instanceKlass org/springframework/format/datetime/standard/DateTimeConverters$OffsetDateTimeToLocalDateConverter
instanceKlass org/springframework/format/datetime/standard/DateTimeConverters$ZonedDateTimeToInstantConverter
instanceKlass org/springframework/format/datetime/standard/DateTimeConverters$ZonedDateTimeToOffsetDateTimeConverter
instanceKlass org/springframework/format/datetime/standard/DateTimeConverters$ZonedDateTimeToLocalDateTimeConverter
instanceKlass org/springframework/format/datetime/standard/DateTimeConverters$ZonedDateTimeToLocalTimeConverter
instanceKlass org/springframework/format/datetime/standard/DateTimeConverters$ZonedDateTimeToLocalDateConverter
instanceKlass org/springframework/format/datetime/standard/DateTimeConverters$LocalDateTimeToLocalTimeConverter
instanceKlass org/springframework/format/datetime/standard/DateTimeConverters$LocalDateTimeToLocalDateConverter
instanceKlass org/springframework/format/datetime/DateFormatterRegistrar$LongToCalendarConverter
instanceKlass org/springframework/format/datetime/DateFormatterRegistrar$LongToDateConverter
instanceKlass org/springframework/format/datetime/DateFormatterRegistrar$CalendarToLongConverter
instanceKlass org/springframework/format/datetime/DateFormatterRegistrar$CalendarToDateConverter
instanceKlass org/springframework/format/datetime/DateFormatterRegistrar$DateToCalendarConverter
instanceKlass org/springframework/format/datetime/DateFormatterRegistrar$DateToLongConverter
instanceKlass org/springframework/format/datetime/DateFormatterRegistrar
instanceKlass org/springframework/format/datetime/standard/DateTimeConverters
instanceKlass org/springframework/format/datetime/standard/DateTimeFormatterFactory
instanceKlass org/springframework/format/datetime/standard/DateTimeFormatterRegistrar
instanceKlass org/springframework/format/FormatterRegistrar
instanceKlass org/springframework/format/support/FormattingConversionService$AnnotationParserConverter
instanceKlass org/springframework/format/support/FormattingConversionService$AnnotationPrinterConverter
instanceKlass org/springframework/util/NumberUtils
instanceKlass  @bci org/springframework/core/GenericTypeResolver getSingleGeneric (Lorg/springframework/core/ResolvableType;)Ljava/lang/Class; 51 <appendix> member <vmtarget> ; # org/springframework/core/GenericTypeResolver$$Lambda+0x000000008258b848
instanceKlass org/springframework/format/annotation/NumberFormat
instanceKlass org/springframework/core/GenericTypeResolver
instanceKlass org/springframework/context/support/EmbeddedValueResolutionSupport
instanceKlass org/springframework/core/convert/support/OptionalToObjectConverter
instanceKlass org/springframework/core/convert/support/ObjectToOptionalConverter
instanceKlass org/springframework/core/convert/support/FallbackObjectToStringConverter
instanceKlass org/springframework/core/convert/support/IdToEntityConverter
instanceKlass org/springframework/core/convert/support/ObjectToObjectConverter
instanceKlass org/springframework/core/convert/support/ZonedDateTimeToCalendarConverter
instanceKlass org/springframework/core/convert/support/ZoneIdToTimeZoneConverter
instanceKlass org/springframework/core/convert/support/StringToTimeZoneConverter
instanceKlass org/springframework/core/convert/support/InstantToDateConverter
instanceKlass org/springframework/core/convert/support/DateToInstantConverter
instanceKlass org/springframework/core/convert/support/ByteBufferConverter
instanceKlass  @bci org/springframework/core/convert/TypeDescriptor <init> (Lorg/springframework/core/ResolvableType;Ljava/lang/Class;[Ljava/lang/annotation/Annotation;)V 94 <appendix> member <vmtarget> ; # org/springframework/core/convert/TypeDescriptor$$Lambda+0x00000000825890e8
instanceKlass org/springframework/core/annotation/AnnotatedElementAdapter
instanceKlass org/springframework/core/convert/TypeDescriptor$AnnotatedElementSupplier
instanceKlass org/springframework/core/convert/TypeDescriptor
instanceKlass org/springframework/core/convert/support/StreamConverter
instanceKlass org/springframework/core/convert/support/ObjectToCollectionConverter
instanceKlass org/springframework/core/convert/support/CollectionToObjectConverter
instanceKlass org/springframework/core/convert/support/StringToCollectionConverter
instanceKlass org/springframework/core/convert/support/ObjectToArrayConverter
instanceKlass org/springframework/core/convert/support/ArrayToObjectConverter
instanceKlass org/springframework/core/convert/support/StringToArrayConverter
instanceKlass org/springframework/core/convert/support/CollectionToStringConverter
instanceKlass org/springframework/core/convert/support/ArrayToStringConverter
instanceKlass org/springframework/core/convert/support/MapToMapConverter
instanceKlass org/springframework/core/convert/support/CollectionToCollectionConverter
instanceKlass org/springframework/core/convert/support/ArrayToArrayConverter
instanceKlass org/springframework/core/convert/support/CollectionToArrayConverter
instanceKlass org/springframework/core/convert/support/ArrayToCollectionConverter
instanceKlass org/springframework/core/convert/support/StringToPatternConverter
instanceKlass java/util/UUID
instanceKlass org/springframework/core/convert/support/StringToUUIDConverter
instanceKlass org/springframework/core/convert/support/PropertiesToStringConverter
instanceKlass org/springframework/core/convert/support/StringToPropertiesConverter
instanceKlass java/util/Currency
instanceKlass org/springframework/core/convert/support/StringToCurrencyConverter
instanceKlass org/springframework/core/convert/support/StringToCharsetConverter
instanceKlass org/springframework/core/convert/support/StringToLocaleConverter
instanceKlass org/springframework/core/convert/support/IntegerToEnumConverterFactory
instanceKlass org/springframework/core/convert/support/AbstractConditionalEnumConverter
instanceKlass org/springframework/core/convert/support/StringToEnumConverterFactory
instanceKlass org/springframework/core/convert/support/StringToBooleanConverter
instanceKlass org/springframework/core/convert/support/CharacterToNumberFactory
instanceKlass org/springframework/core/convert/support/NumberToCharacterConverter
instanceKlass org/springframework/core/convert/support/StringToCharacterConverter
instanceKlass org/springframework/core/convert/support/GenericConversionService$ConverterAdapter
instanceKlass org/springframework/core/convert/support/ObjectToStringConverter
instanceKlass org/springframework/core/convert/support/StringToNumberConverterFactory
instanceKlass java/util/concurrent/ConcurrentLinkedDeque$Node
instanceKlass  @bci org/springframework/core/convert/support/GenericConversionService$Converters getMatchableConverters (Lorg/springframework/core/convert/converter/GenericConverter$ConvertiblePair;)Lorg/springframework/core/convert/support/GenericConversionService$ConvertersForPair; 19 <appendix> argL0 ; # org/springframework/core/convert/support/GenericConversionService$Converters$$Lambda+0x0000000082583b38
instanceKlass org/springframework/core/convert/support/GenericConversionService$ConvertersForPair
instanceKlass org/springframework/core/convert/converter/GenericConverter$ConvertiblePair
instanceKlass org/springframework/core/convert/support/GenericConversionService$ConverterFactoryAdapter
instanceKlass org/springframework/core/convert/converter/ConditionalGenericConverter
instanceKlass org/springframework/core/ResolvableType$DefaultVariableResolver
instanceKlass org/springframework/core/ResolvableType$EmptyType
instanceKlass org/springframework/core/ResolvableType$VariableResolver
instanceKlass org/springframework/core/SerializableTypeWrapper$TypeProvider
instanceKlass org/springframework/core/ResolvableType
instanceKlass org/springframework/core/convert/support/NumberToNumberConverterFactory
instanceKlass org/springframework/core/convert/converter/ConditionalConverter
instanceKlass org/springframework/core/convert/converter/ConverterFactory
instanceKlass org/springframework/core/convert/converter/Converter
instanceKlass org/springframework/core/convert/support/GenericConversionService$Converters
instanceKlass org/springframework/core/convert/support/GenericConversionService$NoOpConverter
instanceKlass org/springframework/format/Formatter
instanceKlass org/springframework/format/AnnotationFormatterFactory
instanceKlass org/springframework/format/Parser
instanceKlass org/springframework/format/Printer
instanceKlass org/springframework/core/convert/converter/GenericConverter
instanceKlass org/springframework/core/KotlinDetector
instanceKlass com/fasterxml/jackson/core/JsonGenerator
instanceKlass com/fasterxml/jackson/core/TreeCodec
instanceKlass com/fasterxml/jackson/core/Versioned
instanceKlass tools/jackson/databind/ObjectMapper
instanceKlass tools/jackson/core/Versioned
instanceKlass tools/jackson/core/TreeCodec
instanceKlass org/springframework/util/StringValueResolver
instanceKlass org/springframework/web/servlet/ViewResolver
instanceKlass org/springframework/web/bind/support/WebBindingInitializer
instanceKlass org/springframework/validation/Validator
instanceKlass org/springframework/web/servlet/RequestToViewNameTranslator
instanceKlass org/springframework/web/servlet/HandlerExceptionResolver
instanceKlass org/springframework/core/convert/support/GenericConversionService
instanceKlass org/springframework/format/FormatterRegistry
instanceKlass org/springframework/web/servlet/config/annotation/WebMvcConfigurationSupport
instanceKlass org/springframework/util/AntPathMatcher$PathSeparatorPatternCache
instanceKlass org/springframework/util/AntPathMatcher
instanceKlass  @bci org/springframework/core/io/support/PathMatchingResourcePatternResolver <clinit> ()V 166 <appendix> argL0 ; # org/springframework/core/io/support/PathMatchingResourcePatternResolver$$Lambda+0x00000000825799a0
instanceKlass  @bci org/springframework/core/io/support/PathMatchingResourcePatternResolver <clinit> ()V 106 <appendix> argL0 ; # org/springframework/core/io/support/PathMatchingResourcePatternResolver$$Lambda+0x0000000082579758
instanceKlass org/springframework/core/NativeDetector
instanceKlass org/springframework/core/io/support/PathMatchingResourcePatternResolver
instanceKlass java/text/CharacterIterator
instanceKlass org/springframework/context/support/MessageSourceSupport
instanceKlass org/springframework/context/HierarchicalMessageSource
instanceKlass org/springframework/util/PlaceholderParser
instanceKlass org/springframework/util/PropertyPlaceholderHelper
instanceKlass org/springframework/util/PropertyPlaceholderHelper$PlaceholderResolver
instanceKlass org/springframework/util/SystemPropertyUtils
instanceKlass org/springframework/core/SpringProperties
instanceKlass org/springframework/core/convert/support/ConfigurableConversionService
instanceKlass org/springframework/core/convert/converter/ConverterRegistry
instanceKlass org/springframework/core/convert/ConversionService
instanceKlass org/springframework/core/env/AbstractPropertyResolver
instanceKlass org/springframework/core/env/MutablePropertySources
instanceKlass org/springframework/core/env/PropertySource
instanceKlass org/springframework/core/env/PropertySources
instanceKlass org/springframework/core/env/AbstractEnvironment
instanceKlass org/springframework/core/env/ConfigurableEnvironment
instanceKlass org/springframework/core/env/ConfigurablePropertyResolver
instanceKlass org/springframework/beans/factory/ObjectProvider
instanceKlass org/springframework/beans/factory/ObjectFactory
instanceKlass org/springframework/beans/factory/support/StaticListableBeanFactory
instanceKlass org/springframework/beans/factory/config/AutowireCapableBeanFactory
instanceKlass org/springframework/core/env/Environment
instanceKlass org/springframework/core/env/PropertyResolver
instanceKlass org/springframework/test/web/servlet/setup/StubWebApplicationContext
instanceKlass org/springframework/mock/web/MockRequestDispatcher
instanceKlass org/springframework/core/io/WritableResource
instanceKlass org/springframework/core/io/AbstractResource
instanceKlass org/springframework/core/io/Resource
instanceKlass org/springframework/core/io/InputStreamSource
instanceKlass org/springframework/core/io/DefaultResourceLoader
instanceKlass org/springframework/mock/web/MockSessionCookieConfig
instanceKlass jakarta/servlet/RequestDispatcher
instanceKlass jakarta/servlet/SessionCookieConfig
instanceKlass org/springframework/mock/web/MockServletContext
instanceKlass org/springframework/data/web/SortHandlerMethodArgumentResolverSupport
instanceKlass org/springframework/data/web/SortArgumentResolver
instanceKlass org/springframework/data/web/PageableHandlerMethodArgumentResolverSupport
instanceKlass org/springframework/data/web/PageableArgumentResolver
instanceKlass org/springframework/web/method/support/HandlerMethodArgumentResolver
instanceKlass  @bci org/springframework/test/web/servlet/setup/StandaloneMockMvcBuilder <init> ([Ljava/lang/Object;)V 148 <appendix> argL0 ; # org/springframework/test/web/servlet/setup/StandaloneMockMvcBuilder$$Lambda+0x000000008256d378
instanceKlass org/springframework/web/ErrorResponse
instanceKlass org/springframework/web/servlet/handler/HandlerMethodMappingNamingStrategy
instanceKlass org/springframework/web/servlet/HandlerInterceptor
instanceKlass org/springframework/web/cors/CorsConfigurationSource
instanceKlass jakarta/servlet/ServletRequest
instanceKlass org/springframework/web/cors/CorsProcessor
instanceKlass org/springframework/util/PathMatcher
instanceKlass org/springframework/context/support/ApplicationObjectSupport
instanceKlass org/springframework/web/context/ServletContextAware
instanceKlass org/springframework/context/EmbeddedValueResolverAware
instanceKlass org/springframework/web/servlet/handler/MatchableHandlerMapping
instanceKlass org/springframework/web/servlet/HandlerMapping
instanceKlass org/springframework/web/servlet/i18n/AbstractLocaleResolver
instanceKlass org/springframework/web/servlet/FlashMapManager
instanceKlass org/springframework/web/context/WebApplicationContext
instanceKlass org/springframework/context/ApplicationContext
instanceKlass org/springframework/core/io/support/ResourcePatternResolver
instanceKlass org/springframework/core/io/ResourceLoader
instanceKlass org/springframework/context/ApplicationEventPublisher
instanceKlass org/springframework/context/MessageSource
instanceKlass org/springframework/beans/factory/HierarchicalBeanFactory
instanceKlass org/springframework/beans/factory/ListableBeanFactory
instanceKlass org/springframework/beans/factory/BeanFactory
instanceKlass jakarta/servlet/ServletContext
instanceKlass org/springframework/web/servlet/LocaleResolver
instanceKlass jakarta/servlet/Filter
instanceKlass jakarta/servlet/GenericServlet
instanceKlass jakarta/servlet/ServletConfig
instanceKlass org/springframework/core/env/EnvironmentCapable
instanceKlass org/springframework/test/web/servlet/MockMvcBuilderSupport
instanceKlass org/springframework/test/web/servlet/setup/ConfigurableMockMvcBuilder
instanceKlass org/springframework/test/web/servlet/MockMvcBuilder
instanceKlass org/springframework/test/web/servlet/setup/MockMvcBuilders
instanceKlass org/springframework/test/web/servlet/MockMvc
instanceKlass  @bci org/junit/jupiter/engine/extension/TimeoutConfiguration getDefaultAfterAllMethodTimeout ()Ljava/util/Optional; 18 <appendix> member <vmtarget> ; # org/junit/jupiter/engine/extension/TimeoutConfiguration$$Lambda+0x00000000825639e8
instanceKlass  @bci org/junit/jupiter/engine/extension/TimeoutExtension interceptAfterAllMethod (Lorg/junit/jupiter/api/extension/InvocationInterceptor$Invocation;Lorg/junit/jupiter/api/extension/ReflectiveInvocationContext;Lorg/junit/jupiter/api/extension/ExtensionContext;)V 20 <appendix> argL0 ; # org/junit/jupiter/engine/extension/TimeoutExtension$$Lambda+0x0000000082563788
instanceKlass  @bci org/junit/jupiter/engine/descriptor/ClassBasedTestDescriptor lambda$invokeAfterAllMethods$1 (Ljava/lang/reflect/Method;Ljava/lang/Object;Lorg/junit/jupiter/api/extension/ExtensionContext;Lorg/junit/jupiter/engine/extension/ExtensionRegistry;)V 25 <appendix> argL0 ; # org/junit/jupiter/engine/descriptor/ClassBasedTestDescriptor$$Lambda+0x0000000082563560
instanceKlass  @bci org/junit/jupiter/engine/descriptor/ClassBasedTestDescriptor lambda$invokeAfterAllMethods$0 (Lorg/junit/platform/engine/support/hierarchical/ThrowableCollector;Ljava/lang/Object;Lorg/junit/jupiter/api/extension/ExtensionContext;Lorg/junit/jupiter/engine/extension/ExtensionRegistry;Ljava/lang/reflect/Method;)V 25 <appendix> member <vmtarget> ; # org/junit/jupiter/engine/descriptor/ClassBasedTestDescriptor$$Lambda+0x0000000082563330
instanceKlass  @bci fr/natsystem/projet/Model/AdresseTest shouldCreateAdresseKeyFromExpectedProperties ()V 92 <appendix> member <vmtarget> ; # fr/natsystem/projet/Model/AdresseTest$$Lambda+0x0000000082562638
instanceKlass  @bci fr/natsystem/projet/Model/AdresseTest shouldCreateAdresseKeyFromExpectedProperties ()V 82 <appendix> member <vmtarget> ; # fr/natsystem/projet/Model/AdresseTest$$Lambda+0x0000000082562408
instanceKlass  @bci fr/natsystem/projet/Model/AdresseTest shouldCreateAdresseKeyFromExpectedProperties ()V 72 <appendix> member <vmtarget> ; # fr/natsystem/projet/Model/AdresseTest$$Lambda+0x00000000825621d8
instanceKlass  @bci fr/natsystem/projet/Model/AdresseTest shouldCreateAdresseKeyFromExpectedProperties ()V 62 <appendix> member <vmtarget> ; # fr/natsystem/projet/Model/AdresseTest$$Lambda+0x0000000082561fa8
instanceKlass  @bci fr/natsystem/projet/Model/AdresseTest shouldCreateAdresseKeyFromExpectedProperties ()V 52 <appendix> member <vmtarget> ; # fr/natsystem/projet/Model/AdresseTest$$Lambda+0x0000000082561d78
instanceKlass  @bci org/assertj/core/internal/Iterables assertIterableContainsGivenValues (Ljava/lang/Class;Ljava/lang/Iterable;[Ljava/lang/Object;Lorg/assertj/core/api/AssertionInfo;)V 44 <appendix> argL0 ; # org/assertj/core/internal/Iterables$$Lambda+0x0000000082561b50
instanceKlass  @bci org/assertj/core/internal/Iterables assertIterableContainsGivenValues (Ljava/lang/Class;Ljava/lang/Iterable;[Ljava/lang/Object;Lorg/assertj/core/api/AssertionInfo;)V 34 <appendix> member <vmtarget> ; # org/assertj/core/internal/Iterables$$Lambda+0x00000000825618f0
instanceKlass org/assertj/core/groups/FieldsOrPropertiesExtractor
instanceKlass  @bci fr/natsystem/projet/Model/AdresseTest assertViolation (Lfr/natsystem/projet/model/Adresse;Ljava/lang/String;)V 50 <appendix> argL0 ; # fr/natsystem/projet/Model/AdresseTest$$Lambda+0x0000000082561470
instanceKlass org/assertj/core/api/iterable/ThrowingExtractor
instanceKlass org/hibernate/validator/internal/engine/ConstraintViolationImpl
instanceKlass org/hibernate/validator/engine/HibernateConstraintViolation
instanceKlass org/hibernate/validator/internal/engine/messageinterpolation/parser/TokenIterator
instanceKlass org/hibernate/validator/internal/engine/messageinterpolation/parser/InterpolationTermState
instanceKlass org/hibernate/validator/internal/engine/messageinterpolation/parser/Token
instanceKlass org/hibernate/validator/internal/engine/messageinterpolation/parser/MessageState
instanceKlass org/hibernate/validator/internal/engine/messageinterpolation/parser/ParserState
instanceKlass org/hibernate/validator/internal/engine/messageinterpolation/parser/TokenCollector
instanceKlass org/hibernate/validator/internal/util/actions/GetResources
instanceKlass java/util/ResourceBundle$CacheKeyReference
instanceKlass java/util/ResourceBundle$CacheKey
instanceKlass  @bci java/util/ResourceBundle$ResourceBundleControlProviderHolder <clinit> ()V 11 <appendix> argL0 ; # java/util/ResourceBundle$ResourceBundleControlProviderHolder$$Lambda+0x000000008235c3e0
instanceKlass java/util/spi/ResourceBundleControlProvider
instanceKlass java/util/ResourceBundle$ResourceBundleControlProviderHolder
instanceKlass  @bci org/hibernate/validator/messageinterpolation/AbstractMessageInterpolator interpolateMessage (Ljava/lang/String;Ljakarta/validation/MessageInterpolator$Context;Ljava/util/Locale;)Ljava/lang/String; 141 <appendix> member <vmtarget> ; # org/hibernate/validator/messageinterpolation/AbstractMessageInterpolator$$Lambda+0x000000008255a000
instanceKlass org/hibernate/validator/internal/engine/messageinterpolation/LocalizedMessage
instanceKlass org/hibernate/validator/internal/engine/MessageInterpolatorContext
instanceKlass org/hibernate/validator/messageinterpolation/HibernateMessageInterpolatorContext
instanceKlass org/hibernate/validator/internal/engine/path/MaterializedNode
instanceKlass org/hibernate/validator/internal/engine/path/MaterializedPath
instanceKlass org/hibernate/validator/path/RandomAccessPath
instanceKlass org/hibernate/validator/internal/engine/constraintvalidation/ConstraintViolationCreationContext
instanceKlass  @bci jdk/internal/reflect/MethodHandleDoubleFieldAccessorImpl getDouble (Ljava/lang/Object;)D 20 <adapter> ; # java/lang/invoke/LambdaForm$MH+0x0000000082559000
# instanceKlass java/lang/invoke/LambdaForm$MH+0x0000000082558c00
# instanceKlass java/lang/invoke/LambdaForm$BMH+0x0000000082558800
instanceKlass org/hibernate/validator/constraintvalidation/HibernateConstraintViolationBuilder
instanceKlass jakarta/validation/ConstraintValidatorContext$ConstraintViolationBuilder
instanceKlass org/hibernate/validator/internal/engine/constraintvalidation/ConstraintValidatorContextImpl
instanceKlass org/hibernate/validator/constraintvalidation/HibernateConstraintValidatorContext
instanceKlass org/hibernate/validator/internal/engine/constraintvalidation/ConstraintValidatorManagerImpl$CacheKey
instanceKlass org/hibernate/collection/spi/LazyInitializable
instanceKlass  @bci jdk/internal/reflect/MethodHandleIntegerFieldAccessorImpl getInt (Ljava/lang/Object;)I 20 <adapter> ; # java/lang/invoke/LambdaForm$MH+0x0000000082558400
instanceKlass org/hibernate/type/Type
instanceKlass org/hibernate/internal/util/collections/ArrayHelper
instanceKlass org/hibernate/internal/util/ReflectHelper
instanceKlass org/hibernate/jpa/internal/util/PersistenceUtilHelper$FieldAttributeAccess
instanceKlass org/hibernate/jpa/internal/util/PersistenceUtilHelper$AttributeAccess
instanceKlass org/hibernate/jpa/internal/util/PersistenceUtilHelper$ClassMetadataCache
instanceKlass org/hibernate/engine/internal/ManagedTypeHelper
instanceKlass org/hibernate/proxy/HibernateProxy
instanceKlass org/hibernate/engine/spi/PrimeAmongSecondarySupertypes
instanceKlass org/hibernate/jpa/HibernatePersistenceProvider$1
instanceKlass org/hibernate/jpa/internal/util/PersistenceUtilHelper
instanceKlass org/hibernate/jpa/internal/util/PersistenceUtilHelper$MetadataCache
instanceKlass org/hibernate/jpa/boot/spi/PersistenceUnitDescriptor
instanceKlass jakarta/persistence/spi/ProviderUtil
instanceKlass org/hibernate/jpa/HibernatePersistenceProvider
instanceKlass jakarta/persistence/spi/PersistenceProvider
instanceKlass jakarta/persistence/spi/PersistenceProviderResolverHolder$DefaultPersistenceProviderResolver$CacheKeyReference
instanceKlass jakarta/persistence/spi/PersistenceProviderResolverHolder$DefaultPersistenceProviderResolver$CacheKey
instanceKlass jakarta/persistence/spi/PersistenceProviderResolverHolder$DefaultPersistenceProviderResolver
instanceKlass jakarta/persistence/spi/PersistenceProviderResolver
instanceKlass jakarta/persistence/spi/PersistenceProviderResolverHolder
instanceKlass  @bci org/hibernate/validator/internal/engine/resolver/CachingJPATraversableResolverForSingleValidation isReachable (Ljava/lang/Object;Ljakarta/validation/Path$Node;Ljava/lang/Class;Ljakarta/validation/Path;Ljava/lang/annotation/ElementType;)Z 85 <appendix> form vmentry <vmtarget> ; # java/lang/invoke/LambdaForm$DMH+0x0000000082558000
instanceKlass  @bci org/hibernate/validator/internal/engine/resolver/CachingJPATraversableResolverForSingleValidation isReachable (Ljava/lang/Object;Ljakarta/validation/Path$Node;Ljava/lang/Class;Ljakarta/validation/Path;Ljava/lang/annotation/ElementType;)Z 85 <appendix> member <vmtarget> ; # org/hibernate/validator/internal/engine/resolver/CachingJPATraversableResolverForSingleValidation$$Lambda+0x0000000082554d98
instanceKlass org/hibernate/validator/internal/engine/resolver/CachingJPATraversableResolverForSingleValidation$TraversableHolder
instanceKlass org/hibernate/validator/internal/engine/valuecontext/ValueContext$ValueState
instanceKlass org/hibernate/validator/internal/engine/valuecontext/ValueContexts
instanceKlass org/hibernate/validator/internal/engine/path/MutableNode
instanceKlass org/hibernate/validator/path/ContainerElementNode
instanceKlass org/hibernate/validator/path/PropertyNode
instanceKlass jakarta/validation/Path$ContainerElementNode
instanceKlass jakarta/validation/Path$CrossParameterNode
instanceKlass jakarta/validation/Path$ReturnValueNode
instanceKlass jakarta/validation/Path$ParameterNode
instanceKlass jakarta/validation/Path$BeanNode
instanceKlass jakarta/validation/Path$ConstructorNode
instanceKlass jakarta/validation/Path$MethodNode
instanceKlass jakarta/validation/Path$PropertyNode
instanceKlass org/hibernate/validator/internal/engine/path/MutablePath
instanceKlass org/hibernate/validator/path/Path
instanceKlass jakarta/validation/MessageInterpolator$Context
instanceKlass org/hibernate/validator/internal/engine/validationcontext/AbstractValidationContext
instanceKlass org/hibernate/validator/internal/engine/resolver/CachingJPATraversableResolverForSingleValidation
instanceKlass org/hibernate/validator/internal/engine/resolver/TraverseAllTraversableResolver
instanceKlass org/hibernate/validator/internal/engine/validationcontext/ExecutableValidationContext
instanceKlass org/hibernate/validator/internal/engine/validationcontext/ValidationContextBuilder
instanceKlass org/hibernate/validator/internal/util/ConcurrentReferenceHashMap$KeyReference
instanceKlass  @bci org/hibernate/validator/internal/metadata/aggregated/BeanMetaDataImpl <init> (Ljava/lang/Class;Ljava/util/List;Lorg/hibernate/validator/spi/group/DefaultGroupSequenceProvider;Ljava/util/Set;Lorg/hibernate/validator/internal/engine/groups/ValidationOrderGenerator;Lorg/hibernate/validator/spi/tracking/ProcessedBeansTrackingVoter;)V 1182 <appendix> member <vmtarget> ; # org/hibernate/validator/internal/metadata/aggregated/BeanMetaDataImpl$$Lambda+0x0000000082549ba0
instanceKlass org/hibernate/validator/internal/engine/groups/GroupWithInheritance
instanceKlass org/hibernate/validator/internal/engine/groups/Sequence
instanceKlass org/hibernate/validator/internal/engine/groups/ValidationOrder$DefaultSequenceValidationOrder
instanceKlass org/hibernate/validator/internal/engine/groups/Group
instanceKlass org/hibernate/validator/internal/engine/groups/ValidationOrder$DefaultGroupValidationOrder
instanceKlass org/hibernate/validator/internal/metadata/aggregated/BeanMetaDataImpl$DefaultGroupSequenceContext
instanceKlass org/hibernate/validator/internal/util/classhierarchy/Filters$InterfacesFilter
instanceKlass jakarta/validation/metadata/BeanDescriptor
instanceKlass org/hibernate/validator/internal/metadata/aggregated/BeanMetaDataImpl
instanceKlass jakarta/validation/metadata/ParameterDescriptor
instanceKlass  @bci org/hibernate/validator/internal/metadata/aggregated/ExecutableMetaData <init> (Ljava/lang/Class;Ljava/lang/String;Ljava/lang/reflect/Type;[Ljava/lang/Class;Ljakarta/validation/ElementKind;Ljava/util/Set;Ljava/util/Set;Ljava/util/Set;Ljava/util/List;Ljava/util/Set;Lorg/hibernate/validator/internal/metadata/aggregated/CascadingMetaData;ZZLorg/hibernate/validator/spi/tracking/ProcessedBeansTrackingVoter;)V 352 <appendix> member <vmtarget> ; # org/hibernate/validator/internal/metadata/aggregated/ExecutableMetaData$$Lambda+0x000000008254b020
instanceKlass  @bci org/hibernate/validator/internal/metadata/aggregated/ExecutableMetaData <init> (Ljava/lang/Class;Ljava/lang/String;Ljava/lang/reflect/Type;[Ljava/lang/Class;Ljakarta/validation/ElementKind;Ljava/util/Set;Ljava/util/Set;Ljava/util/Set;Ljava/util/List;Ljava/util/Set;Lorg/hibernate/validator/internal/metadata/aggregated/CascadingMetaData;ZZLorg/hibernate/validator/spi/tracking/ProcessedBeansTrackingVoter;)V 273 <appendix> member <vmtarget> ; # org/hibernate/validator/internal/metadata/aggregated/ExecutableMetaData$$Lambda+0x000000008254adf0
instanceKlass jakarta/validation/metadata/ReturnValueDescriptor
instanceKlass jakarta/validation/metadata/ContainerDescriptor
instanceKlass jakarta/validation/metadata/CascadableDescriptor
instanceKlass  @bci org/hibernate/validator/internal/metadata/aggregated/ValidatableParametersMetaData <init> (Ljava/util/List;)V 46 <appendix> argL0 ; # org/hibernate/validator/internal/metadata/aggregated/ValidatableParametersMetaData$$Lambda+0x000000008254fd58
instanceKlass org/hibernate/validator/internal/metadata/aggregated/ValidatableParametersMetaData
instanceKlass org/hibernate/validator/internal/metadata/aggregated/GroupConversionHelper
instanceKlass org/hibernate/validator/internal/metadata/aggregated/NonContainerCascadingMetaData
instanceKlass java/util/AbstractMap$ValueIterator
instanceKlass  @bci org/hibernate/validator/internal/metadata/aggregated/AbstractConstraintMetaData <init> (Ljava/lang/String;Ljava/lang/reflect/Type;Ljava/util/Set;Ljava/util/Set;ZZ)V 115 <appendix> argL0 ; # org/hibernate/validator/internal/metadata/aggregated/AbstractConstraintMetaData$$Lambda+0x000000008254e908
instanceKlass jakarta/validation/metadata/ElementDescriptor
instanceKlass  @bci org/hibernate/validator/internal/metadata/aggregated/PropertyMetaData$Builder build ()Lorg/hibernate/validator/internal/metadata/aggregated/PropertyMetaData; 36 <appendix> argL0 ; # org/hibernate/validator/internal/metadata/aggregated/PropertyMetaData$Builder$$Lambda+0x000000008254e4b8
instanceKlass org/hibernate/validator/internal/metadata/aggregated/AbstractConstraintMetaData
instanceKlass org/hibernate/validator/internal/metadata/facets/Cascadable
instanceKlass org/hibernate/validator/internal/metadata/facets/Cascadable$Builder
instanceKlass  @bci java/util/stream/Collectors toMap (Ljava/util/function/Function;Ljava/util/function/Function;Ljava/util/function/BinaryOperator;Ljava/util/function/Supplier;)Ljava/util/stream/Collector; 3 <appendix> member <vmtarget> ; # java/util/stream/Collectors$$Lambda+0x000000008235af00
instanceKlass  @bci java/util/stream/Collectors toMap (Ljava/util/function/Function;Ljava/util/function/Function;Ljava/util/function/BinaryOperator;)Ljava/util/stream/Collector; 3 <appendix> argL0 ; # java/util/stream/Collectors$$Lambda+0x000000008235acd8
instanceKlass  @bci org/hibernate/validator/internal/metadata/aggregated/CascadingMetaDataBuilder merge (Lorg/hibernate/validator/internal/metadata/aggregated/CascadingMetaDataBuilder;)Lorg/hibernate/validator/internal/metadata/aggregated/CascadingMetaDataBuilder; 250 <appendix> argL0 ; # org/hibernate/validator/internal/metadata/aggregated/CascadingMetaDataBuilder$$Lambda+0x000000008254d868
instanceKlass  @bci org/hibernate/validator/internal/metadata/aggregated/CascadingMetaDataBuilder merge (Lorg/hibernate/validator/internal/metadata/aggregated/CascadingMetaDataBuilder;)Lorg/hibernate/validator/internal/metadata/aggregated/CascadingMetaDataBuilder; 245 <appendix> argL0 ; # org/hibernate/validator/internal/metadata/aggregated/CascadingMetaDataBuilder$$Lambda+0x000000008254d620
instanceKlass  @bci org/hibernate/validator/internal/metadata/aggregated/CascadingMetaDataBuilder merge (Lorg/hibernate/validator/internal/metadata/aggregated/CascadingMetaDataBuilder;)Lorg/hibernate/validator/internal/metadata/aggregated/CascadingMetaDataBuilder; 240 <appendix> argL0 ; # org/hibernate/validator/internal/metadata/aggregated/CascadingMetaDataBuilder$$Lambda+0x000000008254d3d8
instanceKlass com/fasterxml/classmate/Annotations
instanceKlass com/fasterxml/classmate/util/MethodKey
instanceKlass org/hibernate/validator/internal/util/actions/GetResolvedMemberMethods
instanceKlass com/fasterxml/classmate/ResolvedTypeWithMembers$AnnotationHandler
instanceKlass com/fasterxml/classmate/members/ResolvedMember
instanceKlass com/fasterxml/classmate/AnnotationConfiguration
instanceKlass com/fasterxml/classmate/ResolvedTypeWithMembers
instanceKlass com/fasterxml/classmate/members/HierarchicType
instanceKlass org/hibernate/validator/internal/util/ExecutableHelper$SimpleMethodFilter
instanceKlass com/fasterxml/classmate/MemberResolver
instanceKlass com/fasterxml/classmate/util/ResolvedTypeKey
instanceKlass com/fasterxml/classmate/util/ClassStack
instanceKlass org/hibernate/validator/internal/properties/Signature
instanceKlass org/hibernate/validator/internal/metadata/aggregated/ConstraintMetaData
instanceKlass org/hibernate/validator/internal/metadata/aggregated/BeanMetaDataBuilder$1
instanceKlass org/hibernate/validator/internal/metadata/aggregated/MetaDataBuilder
instanceKlass org/hibernate/validator/internal/metadata/aggregated/BeanMetaDataBuilder$BuilderDelegate
# instanceKlass java/lang/invoke/LambdaForm$MH+0x0000000082548400
# instanceKlass java/lang/invoke/LambdaForm$MH+0x0000000082548000
instanceKlass org/hibernate/validator/internal/metadata/location/ParameterConstraintLocation
instanceKlass org/hibernate/validator/internal/metadata/location/CrossParameterConstraintLocation
instanceKlass org/hibernate/validator/internal/metadata/location/ReturnValueConstraintLocation
instanceKlass  @bci java/util/stream/Collectors lambda$groupingBy$0 (Ljava/util/function/Function;Ljava/util/function/Supplier;Ljava/util/function/BiConsumer;Ljava/util/Map;Ljava/lang/Object;)V 20 <appendix> member <vmtarget> ; # java/util/stream/Collectors$$Lambda+0x000000008235aa88
instanceKlass org/hibernate/validator/internal/metadata/provider/AnnotationMetaDataProvider$TypeArgumentFieldLocation
instanceKlass jakarta/validation/ConstraintValidatorContext
instanceKlass org/hibernate/validator/internal/engine/constraintvalidation/ConstraintTree
instanceKlass org/hibernate/validator/internal/metadata/core/MetaConstraint$ValueExtractionPathNode
instanceKlass org/hibernate/validator/internal/metadata/core/MetaConstraint
instanceKlass org/hibernate/validator/internal/metadata/location/TypeArgumentConstraintLocation
instanceKlass  @bci org/hibernate/validator/internal/metadata/core/MetaConstraints addValueExtractorDescriptorForWrappedValue (Lorg/hibernate/validator/internal/util/TypeResolutionHelper;Lorg/hibernate/validator/internal/engine/valueextraction/ValueExtractorManager;Lorg/hibernate/validator/internal/metadata/descriptor/ConstraintDescriptorImpl;Ljava/util/List;Lorg/hibernate/validator/internal/metadata/location/ConstraintLocation;)Ljava/lang/reflect/Type; 348 <appendix> argL0 ; # org/hibernate/validator/internal/metadata/core/MetaConstraints$$Lambda+0x00000000825427a8
instanceKlass org/hibernate/validator/internal/metadata/core/MetaConstraints
instanceKlass org/hibernate/validator/internal/util/actions/GetDeclaredField
instanceKlass org/hibernate/validator/internal/properties/javabean/JavaBeanField$FieldAccessor
instanceKlass org/hibernate/validator/engine/HibernateValidatorEnhancedBean
instanceKlass org/hibernate/validator/internal/metadata/location/AbstractPropertyConstraintLocation
instanceKlass org/hibernate/validator/internal/metadata/location/ConstraintLocation
instanceKlass jakarta/validation/OverridesAttribute$List
instanceKlass jakarta/validation/OverridesAttribute
instanceKlass  @bci org/hibernate/validator/internal/metadata/core/ConstraintHelper findValidatorDescriptors (Ljava/lang/Class;Ljakarta/validation/constraintvalidation/ValidationTarget;)Ljava/util/List; 27 <appendix> member <vmtarget> ; # org/hibernate/validator/internal/metadata/core/ConstraintHelper$$Lambda+0x0000000082540b30
instanceKlass  @bci org/hibernate/validator/internal/metadata/descriptor/ConstraintDescriptorImpl <init> (Lorg/hibernate/validator/internal/metadata/core/ConstraintHelper;Lorg/hibernate/validator/internal/properties/Constrainable;Lorg/hibernate/validator/internal/util/annotation/ConstraintAnnotationDescriptor;Lorg/hibernate/validator/internal/metadata/location/ConstraintLocation$ConstraintLocationKind;Ljava/lang/Class;Lorg/hibernate/validator/internal/metadata/core/ConstraintOrigin;Lorg/hibernate/validator/internal/metadata/descriptor/ConstraintDescriptorImpl$ConstraintType;)V 221 <appendix> argL0 ; # org/hibernate/validator/internal/metadata/descriptor/ConstraintDescriptorImpl$$Lambda+0x00000000825408e8
instanceKlass  @bci org/hibernate/validator/internal/metadata/descriptor/ConstraintDescriptorImpl <init> (Lorg/hibernate/validator/internal/metadata/core/ConstraintHelper;Lorg/hibernate/validator/internal/properties/Constrainable;Lorg/hibernate/validator/internal/util/annotation/ConstraintAnnotationDescriptor;Lorg/hibernate/validator/internal/metadata/location/ConstraintLocation$ConstraintLocationKind;Ljava/lang/Class;Lorg/hibernate/validator/internal/metadata/core/ConstraintOrigin;Lorg/hibernate/validator/internal/metadata/descriptor/ConstraintDescriptorImpl$ConstraintType;)V 190 <appendix> argL0 ; # org/hibernate/validator/internal/metadata/descriptor/ConstraintDescriptorImpl$$Lambda+0x00000000825406a0
instanceKlass  @bci org/hibernate/validator/internal/metadata/core/ConstraintHelper getAllValidatorDescriptors (Ljava/lang/Class;)Ljava/util/List; 42 <appendix> member <vmtarget> ; # org/hibernate/validator/internal/metadata/core/ConstraintHelper$$Lambda+0x0000000082540450
instanceKlass jakarta/validation/valueextraction/Unwrapping$Skip
instanceKlass jakarta/validation/valueextraction/Unwrapping$Unwrap
instanceKlass jakarta/validation/Payload
instanceKlass org/hibernate/validator/internal/util/actions/GetAnnotationAttributes
instanceKlass org/hibernate/validator/internal/util/annotation/AnnotationDescriptor
instanceKlass jakarta/validation/ReportAsSingleViolation
instanceKlass  @bci org/hibernate/validator/internal/metadata/provider/AnnotationMetaDataProvider findConstraintAnnotations (Lorg/hibernate/validator/internal/properties/Constrainable;Ljava/lang/annotation/Annotation;Lorg/hibernate/validator/internal/metadata/location/ConstraintLocation$ConstraintLocationKind;)Ljava/util/List; 282 <appendix> member <vmtarget> ; # org/hibernate/validator/internal/metadata/provider/AnnotationMetaDataProvider$$Lambda+0x0000000082539000
instanceKlass org/hibernate/validator/internal/properties/javabean/JavaBeanField
instanceKlass org/hibernate/validator/internal/util/classhierarchy/Filters$WeldProxyFilter
instanceKlass org/hibernate/validator/internal/util/classhierarchy/Filters
instanceKlass org/hibernate/validator/internal/util/classhierarchy/ClassHierarchyHelper
instanceKlass org/hibernate/validator/internal/util/classhierarchy/Filter
instanceKlass org/hibernate/validator/internal/metadata/aggregated/BeanMetaDataBuilder
instanceKlass org/hibernate/validator/internal/engine/validationcontext/ValidatorScopedContext
instanceKlass jakarta/validation/groups/Default
instanceKlass jakarta/validation/valueextraction/ValueExtractor$ValueReceiver
instanceKlass org/hibernate/validator/internal/engine/valuecontext/ValueContext
instanceKlass org/hibernate/validator/internal/engine/validationcontext/BaseBeanValidationContext
instanceKlass org/hibernate/validator/internal/engine/validationcontext/ValidationContext
instanceKlass jakarta/validation/Path$Node
instanceKlass jakarta/validation/Path
instanceKlass org/hibernate/validator/internal/engine/ValidatorImpl
instanceKlass jakarta/validation/executable/ExecutableValidator
instanceKlass org/hibernate/validator/group/GroupSequenceProvider
instanceKlass jakarta/validation/GroupSequence
instanceKlass org/hibernate/validator/internal/metadata/raw/BeanConfiguration
instanceKlass org/hibernate/validator/internal/util/actions/GetDeclaredConstructors
instanceKlass org/hibernate/validator/internal/properties/javabean/JavaBeanHelper$JavaBeanPropertyImpl
instanceKlass org/hibernate/validator/spi/nodenameprovider/JavaBeanProperty
instanceKlass org/hibernate/validator/internal/properties/PropertyAccessor
instanceKlass org/hibernate/validator/internal/metadata/provider/AnnotationMetaDataProvider$TypeArgumentExecutableParameterLocation
instanceKlass org/hibernate/validator/internal/metadata/core/AnnotationProcessingOptionsImpl$ExecutableParameterKey
instanceKlass org/hibernate/validator/internal/properties/javabean/JavaBeanParameter
instanceKlass org/hibernate/validator/internal/metadata/raw/AbstractConstrainedElement
instanceKlass org/hibernate/validator/internal/metadata/raw/ConstrainedElement
instanceKlass org/hibernate/validator/internal/util/TypeVariables
instanceKlass org/hibernate/validator/internal/metadata/aggregated/CascadingMetaData
instanceKlass org/hibernate/validator/internal/metadata/aggregated/CascadingMetaDataBuilder
instanceKlass jakarta/validation/groups/ConvertGroup$List
instanceKlass jakarta/validation/groups/ConvertGroup
instanceKlass jakarta/validation/Valid
instanceKlass org/hibernate/validator/internal/metadata/provider/AnnotationMetaDataProvider$TypeArgumentReturnValueLocation
instanceKlass  @bci java/util/stream/Collectors mapMerger (Ljava/util/function/BinaryOperator;)Ljava/util/function/BinaryOperator; 1 <appendix> member <vmtarget> ; # java/util/stream/Collectors$$Lambda+0x000000008235a830
instanceKlass  @bci java/util/stream/Collectors groupingBy (Ljava/util/function/Function;Ljava/util/function/Supplier;Ljava/util/stream/Collector;)Ljava/util/stream/Collector; 19 <appendix> member <vmtarget> ; # java/util/stream/Collectors$$Lambda+0x000000008235a5f0
instanceKlass  @cpi java/util/stream/Collectors 1306 form vmentry <vmtarget> ; # java/lang/invoke/LambdaForm$DMH+0x0000000082538000
instanceKlass  @bci java/util/stream/Collectors groupingBy (Ljava/util/function/Function;Ljava/util/stream/Collector;)Ljava/util/stream/Collector; 1 <appendix> argL0 ; # java/util/stream/Collectors$$Lambda+0x000000008235a3c8
instanceKlass  @bci org/hibernate/validator/internal/metadata/provider/AnnotationMetaDataProvider findExecutableMetaData (Ljava/lang/reflect/Executable;)Lorg/hibernate/validator/internal/metadata/raw/ConstrainedExecutable; 93 <appendix> argL0 ; # org/hibernate/validator/internal/metadata/provider/AnnotationMetaDataProvider$$Lambda+0x0000000082537b08
instanceKlass org/hibernate/validator/internal/metadata/descriptor/ConstraintDescriptorImpl
instanceKlass org/hibernate/validator/internal/metadata/location/ConstraintLocation$1
instanceKlass org/hibernate/validator/internal/properties/javabean/JavaBeanHelper$JavaBeanConstrainableExecutable
instanceKlass org/hibernate/validator/internal/util/actions/GetDeclaredMethods
instanceKlass org/hibernate/validator/internal/util/actions/GetDeclaredFields
instanceKlass org/hibernate/validator/internal/properties/Field
instanceKlass org/hibernate/validator/internal/metadata/provider/AnnotationMetaDataProvider$TypeArgumentLocation
instanceKlass org/hibernate/validator/internal/metadata/provider/AnnotationMetaDataProvider
instanceKlass org/hibernate/validator/internal/metadata/provider/MetaDataProvider
instanceKlass org/hibernate/validator/internal/metadata/aggregated/BeanMetaData
instanceKlass org/hibernate/validator/internal/metadata/facets/Validatable
instanceKlass org/hibernate/validator/internal/metadata/BeanMetaDataManagerImpl
instanceKlass  @bci org/hibernate/validator/internal/engine/ValidatorFactoryImpl createValidator (Ljakarta/validation/ConstraintValidatorFactory;Lorg/hibernate/validator/internal/engine/ConstraintCreationContext;Lorg/hibernate/validator/internal/engine/ValidatorFactoryScopedContext;Lorg/hibernate/validator/internal/engine/MethodValidationConfiguration;)Ljakarta/validation/Validator; 51 <appendix> member <vmtarget> ; # org/hibernate/validator/internal/engine/ValidatorFactoryImpl$$Lambda+0x0000000082535348
instanceKlass org/hibernate/validator/internal/engine/ValidatorFactoryImpl$BeanMetaDataManagerKey
instanceKlass org/hibernate/validator/internal/engine/tracking/DefaultProcessedBeansTrackingVoter
instanceKlass org/hibernate/validator/internal/util/StringHelper
instanceKlass org/hibernate/validator/internal/metadata/core/AnnotationProcessingOptionsImpl
instanceKlass org/hibernate/validator/internal/metadata/core/AnnotationProcessingOptions
instanceKlass org/hibernate/validator/cfg/context/ConstraintDefinitionContext
instanceKlass org/hibernate/validator/cfg/context/TypeConstraintMappingContext
instanceKlass org/hibernate/validator/cfg/context/AnnotationIgnoreOptions
instanceKlass org/hibernate/validator/cfg/context/ConstructorTarget
instanceKlass org/hibernate/validator/cfg/context/MethodTarget
instanceKlass org/hibernate/validator/cfg/context/PropertyTarget
instanceKlass org/hibernate/validator/cfg/context/ConstraintMappingTarget
instanceKlass org/hibernate/validator/cfg/context/ConstraintDefinitionTarget
instanceKlass org/hibernate/validator/cfg/context/TypeTarget
instanceKlass org/hibernate/validator/cfg/context/Constrainable
instanceKlass org/hibernate/validator/internal/cfg/context/DefaultConstraintMapping
instanceKlass org/hibernate/validator/internal/engine/ValidatorFactoryConfigurationHelper$DefaultConstraintMappingBuilder
instanceKlass org/hibernate/validator/internal/engine/ServiceLoaderBasedConstraintMappingContributor
instanceKlass org/hibernate/validator/internal/metadata/DefaultBeanMetaDataClassNormalizer
instanceKlass org/hibernate/validator/internal/util/logging/formatter/ClassObjectFormatter
instanceKlass org/hibernate/validator/internal/properties/DefaultGetterPropertySelectionStrategy
instanceKlass org/hibernate/validator/internal/properties/Getter
instanceKlass org/hibernate/validator/internal/properties/Property
instanceKlass org/hibernate/validator/spi/nodenameprovider/Property
instanceKlass org/hibernate/validator/spi/properties/ConstrainableExecutable
instanceKlass org/hibernate/validator/internal/properties/javabean/JavaBeanExecutable
instanceKlass org/hibernate/validator/internal/properties/javabean/JavaBeanAnnotatedConstrainable
instanceKlass org/hibernate/validator/internal/properties/javabean/JavaBeanAnnotatedElement
instanceKlass org/hibernate/validator/internal/properties/Callable
instanceKlass org/hibernate/validator/internal/properties/Constrainable
instanceKlass org/hibernate/validator/internal/properties/javabean/JavaBeanHelper
instanceKlass com/fasterxml/classmate/Filter
instanceKlass org/hibernate/validator/internal/util/ExecutableHelper
instanceKlass org/hibernate/validator/internal/engine/ConstraintCreationContext
instanceKlass com/fasterxml/classmate/util/ResolvedTypeCache
instanceKlass com/fasterxml/classmate/util/ClassKey
instanceKlass com/fasterxml/classmate/TypeBindings
instanceKlass com/fasterxml/classmate/members/RawMember
instanceKlass com/fasterxml/classmate/ResolvedType
instanceKlass com/fasterxml/classmate/TypeResolver
instanceKlass org/hibernate/validator/internal/util/TypeResolutionHelper
instanceKlass org/hibernate/validator/internal/constraintvalidators/hv/BitcoinAddressValidator
instanceKlass org/hibernate/validator/constraints/BitcoinAddress
instanceKlass org/hibernate/validator/internal/constraintvalidators/hv/UUIDValidator
instanceKlass org/hibernate/validator/constraints/UUID
instanceKlass org/hibernate/validator/internal/constraintvalidators/hv/URLValidator
instanceKlass org/hibernate/validator/constraints/URL
instanceKlass org/hibernate/validator/internal/constraintvalidators/hv/UniqueElementsValidator
instanceKlass org/hibernate/validator/constraints/UniqueElements
instanceKlass org/hibernate/validator/constraints/br/TituloEleitoral
instanceKlass org/hibernate/validator/constraints/ScriptAssert
instanceKlass org/hibernate/validator/internal/constraintvalidators/hv/ru/INNValidator
instanceKlass org/hibernate/validator/constraints/ru/INN
instanceKlass org/hibernate/validator/constraints/pl/REGON
instanceKlass org/hibernate/validator/internal/constraintvalidators/hv/kor/KorRRNValidator
instanceKlass org/hibernate/validator/constraints/kor/KorRRN
instanceKlass org/hibernate/validator/constraints/Range
instanceKlass org/hibernate/validator/constraints/pl/PESEL
instanceKlass org/hibernate/validator/internal/constraintvalidators/hv/AbstractScriptAssertValidator
instanceKlass org/hibernate/validator/constraints/ParameterScriptAssert
instanceKlass org/hibernate/validator/constraints/pl/NIP
instanceKlass org/hibernate/validator/internal/constraintvalidators/hv/NormalizedValidator
instanceKlass org/hibernate/validator/constraints/Normalized
instanceKlass org/hibernate/validator/constraints/Mod11Check
instanceKlass org/hibernate/validator/constraints/Mod10Check
instanceKlass org/hibernate/validator/internal/constraintvalidators/hv/ModCheckBase
instanceKlass org/hibernate/validator/constraints/LuhnCheck
instanceKlass org/hibernate/validator/internal/constraintvalidators/hv/CodePointLengthValidator
instanceKlass org/hibernate/validator/constraints/CodePointLength
instanceKlass org/hibernate/validator/internal/constraintvalidators/hv/LengthValidator
instanceKlass org/hibernate/validator/constraints/Length
instanceKlass org/hibernate/validator/internal/constraintvalidators/hv/ISBNValidator
instanceKlass org/hibernate/validator/constraints/ISBN
instanceKlass org/hibernate/validator/internal/constraintvalidators/hv/IpAddressValidator
instanceKlass org/hibernate/validator/constraints/IpAddress
instanceKlass org/hibernate/validator/internal/constraintvalidators/hv/EANValidator
instanceKlass org/hibernate/validator/constraints/EAN
instanceKlass org/hibernate/validator/internal/constraintvalidators/hv/time/DurationMinValidator
instanceKlass org/hibernate/validator/constraints/time/DurationMin
instanceKlass org/hibernate/validator/internal/constraintvalidators/hv/time/DurationMaxValidator
instanceKlass org/hibernate/validator/constraints/time/DurationMax
instanceKlass org/hibernate/validator/constraints/CreditCardNumber
instanceKlass org/hibernate/validator/internal/constraintvalidators/hv/br/CPFValidator
instanceKlass org/hibernate/validator/constraints/br/CPF
instanceKlass org/hibernate/validator/internal/constraintvalidators/hv/br/CNPJValidator
instanceKlass org/hibernate/validator/constraints/br/CNPJ
instanceKlass jakarta/validation/constraints/Size
instanceKlass org/hibernate/validator/internal/constraintvalidators/bv/size/SizeValidatorForArraysOfPrimitives
instanceKlass org/hibernate/validator/internal/constraintvalidators/bv/size/SizeValidatorForMap
instanceKlass org/hibernate/validator/internal/constraintvalidators/bv/size/SizeValidatorForArray
instanceKlass org/hibernate/validator/internal/constraintvalidators/bv/size/SizeValidatorForCollection
instanceKlass org/hibernate/validator/internal/constraintvalidators/bv/size/SizeValidatorForCharSequence
instanceKlass jakarta/validation/constraints/PositiveOrZero
instanceKlass org/hibernate/validator/internal/constraintvalidators/bv/number/sign/PositiveOrZeroValidatorForCharSequence
instanceKlass org/hibernate/validator/internal/constraintvalidators/bv/number/sign/PositiveOrZeroValidatorForNumber
instanceKlass org/hibernate/validator/internal/constraintvalidators/bv/number/sign/PositiveOrZeroValidatorForByte
instanceKlass org/hibernate/validator/internal/constraintvalidators/bv/number/sign/PositiveOrZeroValidatorForShort
instanceKlass org/hibernate/validator/internal/constraintvalidators/bv/number/sign/PositiveOrZeroValidatorForInteger
instanceKlass org/hibernate/validator/internal/constraintvalidators/bv/number/sign/PositiveOrZeroValidatorForLong
instanceKlass org/hibernate/validator/internal/constraintvalidators/bv/number/sign/PositiveOrZeroValidatorForFloat
instanceKlass org/hibernate/validator/internal/constraintvalidators/bv/number/sign/PositiveOrZeroValidatorForDouble
instanceKlass org/hibernate/validator/internal/constraintvalidators/bv/number/sign/PositiveOrZeroValidatorForBigInteger
instanceKlass org/hibernate/validator/internal/constraintvalidators/bv/number/sign/PositiveOrZeroValidatorForBigDecimal
instanceKlass jakarta/validation/constraints/Positive
instanceKlass org/hibernate/validator/internal/constraintvalidators/bv/number/sign/PositiveValidatorForCharSequence
instanceKlass org/hibernate/validator/internal/constraintvalidators/bv/number/sign/PositiveValidatorForNumber
instanceKlass org/hibernate/validator/internal/constraintvalidators/bv/number/sign/PositiveValidatorForByte
instanceKlass org/hibernate/validator/internal/constraintvalidators/bv/number/sign/PositiveValidatorForShort
instanceKlass org/hibernate/validator/internal/constraintvalidators/bv/number/sign/PositiveValidatorForInteger
instanceKlass org/hibernate/validator/internal/constraintvalidators/bv/number/sign/PositiveValidatorForLong
instanceKlass org/hibernate/validator/internal/constraintvalidators/bv/number/sign/PositiveValidatorForFloat
instanceKlass org/hibernate/validator/internal/constraintvalidators/bv/number/sign/PositiveValidatorForDouble
instanceKlass org/hibernate/validator/internal/constraintvalidators/bv/number/sign/PositiveValidatorForBigInteger
instanceKlass org/hibernate/validator/internal/constraintvalidators/bv/number/sign/PositiveValidatorForBigDecimal
instanceKlass org/hibernate/validator/internal/constraintvalidators/bv/PatternValidator
instanceKlass jakarta/validation/constraints/Pattern
instanceKlass jakarta/validation/constraints/PastOrPresent
instanceKlass jakarta/validation/constraints/Past
instanceKlass org/hibernate/validator/internal/constraintvalidators/bv/NullValidator
instanceKlass jakarta/validation/constraints/Null
instanceKlass org/hibernate/validator/internal/constraintvalidators/bv/NotNullValidator
instanceKlass sun/reflect/generics/tree/ShortSignature
instanceKlass sun/reflect/generics/tree/FloatSignature
instanceKlass sun/reflect/generics/tree/DoubleSignature
instanceKlass sun/reflect/generics/tree/CharSignature
instanceKlass sun/reflect/generics/tree/ByteSignature
instanceKlass jakarta/validation/constraints/NotEmpty
instanceKlass org/hibernate/validator/internal/constraintvalidators/bv/notempty/NotEmptyValidatorForArraysOfShort
instanceKlass org/hibernate/validator/internal/constraintvalidators/bv/notempty/NotEmptyValidatorForArraysOfLong
instanceKlass org/hibernate/validator/internal/constraintvalidators/bv/notempty/NotEmptyValidatorForArraysOfInt
instanceKlass org/hibernate/validator/internal/constraintvalidators/bv/notempty/NotEmptyValidatorForArraysOfFloat
instanceKlass org/hibernate/validator/internal/constraintvalidators/bv/notempty/NotEmptyValidatorForArraysOfDouble
instanceKlass org/hibernate/validator/internal/constraintvalidators/bv/notempty/NotEmptyValidatorForArraysOfChar
instanceKlass org/hibernate/validator/internal/constraintvalidators/bv/notempty/NotEmptyValidatorForArraysOfByte
instanceKlass org/hibernate/validator/internal/constraintvalidators/bv/notempty/NotEmptyValidatorForArraysOfBoolean
instanceKlass org/hibernate/validator/internal/constraintvalidators/bv/notempty/NotEmptyValidatorForMap
instanceKlass org/hibernate/validator/internal/constraintvalidators/bv/notempty/NotEmptyValidatorForArray
instanceKlass org/hibernate/validator/internal/constraintvalidators/bv/notempty/NotEmptyValidatorForCollection
instanceKlass org/hibernate/validator/internal/constraintvalidators/bv/notempty/NotEmptyValidatorForCharSequence
instanceKlass org/hibernate/validator/internal/constraintvalidators/bv/NotBlankValidator
instanceKlass jakarta/validation/constraints/NegativeOrZero
instanceKlass org/hibernate/validator/internal/constraintvalidators/bv/number/sign/NegativeOrZeroValidatorForCharSequence
instanceKlass org/hibernate/validator/internal/constraintvalidators/bv/number/sign/NegativeOrZeroValidatorForNumber
instanceKlass org/hibernate/validator/internal/constraintvalidators/bv/number/sign/NegativeOrZeroValidatorForByte
instanceKlass org/hibernate/validator/internal/constraintvalidators/bv/number/sign/NegativeOrZeroValidatorForShort
instanceKlass org/hibernate/validator/internal/constraintvalidators/bv/number/sign/NegativeOrZeroValidatorForInteger
instanceKlass org/hibernate/validator/internal/constraintvalidators/bv/number/sign/NegativeOrZeroValidatorForLong
instanceKlass org/hibernate/validator/internal/constraintvalidators/bv/number/sign/NegativeOrZeroValidatorForFloat
instanceKlass org/hibernate/validator/internal/constraintvalidators/bv/number/sign/NegativeOrZeroValidatorForDouble
instanceKlass org/hibernate/validator/internal/constraintvalidators/bv/number/sign/NegativeOrZeroValidatorForBigInteger
instanceKlass org/hibernate/validator/internal/constraintvalidators/bv/number/sign/NegativeOrZeroValidatorForBigDecimal
instanceKlass jakarta/validation/constraints/Negative
instanceKlass org/hibernate/validator/internal/constraintvalidators/bv/number/sign/NegativeValidatorForCharSequence
instanceKlass org/hibernate/validator/internal/constraintvalidators/bv/number/sign/NegativeValidatorForNumber
instanceKlass org/hibernate/validator/internal/constraintvalidators/bv/number/sign/NegativeValidatorForByte
instanceKlass org/hibernate/validator/internal/constraintvalidators/bv/number/sign/NegativeValidatorForShort
instanceKlass org/hibernate/validator/internal/constraintvalidators/bv/number/sign/NegativeValidatorForInteger
instanceKlass org/hibernate/validator/internal/constraintvalidators/bv/number/sign/NegativeValidatorForLong
instanceKlass org/hibernate/validator/internal/constraintvalidators/bv/number/sign/NegativeValidatorForFloat
instanceKlass org/hibernate/validator/internal/constraintvalidators/bv/number/sign/NegativeValidatorForDouble
instanceKlass org/hibernate/validator/internal/constraintvalidators/bv/number/sign/NegativeValidatorForBigInteger
instanceKlass org/hibernate/validator/internal/constraintvalidators/bv/number/sign/NegativeValidatorForBigDecimal
instanceKlass jakarta/validation/constraints/Min
instanceKlass org/hibernate/validator/internal/constraintvalidators/bv/number/bound/AbstractMinValidator
instanceKlass jakarta/validation/constraints/Max
instanceKlass org/hibernate/validator/internal/constraintvalidators/bv/number/bound/AbstractMaxValidator
instanceKlass jakarta/validation/constraints/FutureOrPresent
instanceKlass java/time/YearMonth
instanceKlass java/time/OffsetTime
instanceKlass java/time/MonthDay
instanceKlass java/time/chrono/ChronoLocalDateImpl
instanceKlass jakarta/validation/constraints/Future
instanceKlass org/hibernate/validator/internal/constraintvalidators/bv/time/AbstractJavaTimeValidator
instanceKlass org/hibernate/validator/internal/constraintvalidators/bv/time/AbstractInstantBasedTimeValidator
instanceKlass org/hibernate/validator/constraintvalidation/HibernateConstraintValidator
instanceKlass org/hibernate/validator/internal/constraintvalidators/AbstractEmailValidator
instanceKlass jakarta/validation/constraints/Email
instanceKlass jakarta/validation/constraints/Digits
instanceKlass org/hibernate/validator/internal/constraintvalidators/bv/DigitsValidatorForNumber
instanceKlass org/hibernate/validator/internal/constraintvalidators/bv/DigitsValidatorForCharSequence
instanceKlass jakarta/validation/constraints/DecimalMin
instanceKlass org/hibernate/validator/internal/constraintvalidators/bv/number/bound/decimal/AbstractDecimalMinValidator
instanceKlass jakarta/validation/constraints/DecimalMax
instanceKlass org/hibernate/validator/internal/util/actions/IsClassPresent
instanceKlass org/hibernate/validator/internal/constraintvalidators/bv/number/bound/decimal/AbstractDecimalMaxValidator
instanceKlass org/hibernate/validator/internal/constraintvalidators/bv/AssertTrueValidator
instanceKlass jakarta/validation/constraints/AssertTrue
instanceKlass jakarta/validation/constraintvalidation/SupportedValidationTarget
instanceKlass org/hibernate/validator/internal/util/TypeHelper
instanceKlass org/hibernate/validator/internal/engine/constraintvalidation/ClassBasedValidatorDescriptor
instanceKlass org/hibernate/validator/internal/engine/constraintvalidation/ConstraintValidatorDescriptor
instanceKlass org/hibernate/validator/internal/constraintvalidators/bv/AssertFalseValidator
instanceKlass jakarta/validation/constraints/AssertFalse
instanceKlass org/hibernate/validator/internal/metadata/core/ConstraintHelper$ValidatorDescriptorMap
instanceKlass org/hibernate/validator/internal/metadata/core/ConstraintHelper
instanceKlass org/hibernate/validator/internal/engine/valueextraction/ValueExtractorResolver
instanceKlass  @bci org/hibernate/validator/internal/engine/AbstractConfigurationImpl getValueExtractors ()Ljava/util/Set; 50 <appendix> argL0 ; # org/hibernate/validator/internal/engine/AbstractConfigurationImpl$$Lambda+0x0000000082501ff8
instanceKlass org/hibernate/validator/internal/engine/valueextraction/OptionalLongValueExtractor
instanceKlass org/hibernate/validator/internal/engine/valueextraction/OptionalDoubleValueExtractor
instanceKlass org/hibernate/validator/internal/engine/valueextraction/AnnotatedObject
instanceKlass org/hibernate/validator/internal/engine/valueextraction/OptionalIntValueExtractor
instanceKlass org/hibernate/validator/internal/engine/valueextraction/OptionalValueExtractor
instanceKlass org/hibernate/validator/internal/engine/valueextraction/IterableValueExtractor
instanceKlass org/hibernate/validator/internal/engine/valueextraction/MapKeyExtractor
instanceKlass org/hibernate/validator/internal/engine/valueextraction/MapValueExtractor
instanceKlass org/hibernate/validator/internal/engine/valueextraction/ListValueExtractor
instanceKlass org/hibernate/validator/internal/engine/valueextraction/ObjectArrayValueExtractor
instanceKlass org/hibernate/validator/internal/engine/valueextraction/BooleanArrayValueExtractor
instanceKlass org/hibernate/validator/internal/engine/valueextraction/CharArrayValueExtractor
instanceKlass org/hibernate/validator/internal/engine/valueextraction/DoubleArrayValueExtractor
instanceKlass org/hibernate/validator/internal/engine/valueextraction/FloatArrayValueExtractor
instanceKlass org/hibernate/validator/internal/engine/valueextraction/LongArrayValueExtractor
instanceKlass org/hibernate/validator/internal/engine/valueextraction/IntArrayValueExtractor
instanceKlass org/hibernate/validator/internal/engine/valueextraction/ShortArrayValueExtractor
instanceKlass org/hibernate/validator/internal/engine/valueextraction/ValueExtractorDescriptor$Key
instanceKlass org/hibernate/validator/internal/engine/valueextraction/ArrayElement
instanceKlass org/hibernate/validator/internal/engine/valueextraction/ValueExtractorDescriptor
instanceKlass org/hibernate/validator/internal/engine/valueextraction/ByteArrayValueExtractor
instanceKlass org/hibernate/validator/internal/engine/valueextraction/ValueExtractorManager
instanceKlass org/hibernate/validator/internal/engine/groups/ValidationOrder
instanceKlass org/hibernate/validator/internal/engine/groups/ValidationOrderGenerator
instanceKlass org/hibernate/validator/internal/engine/constraintvalidation/ConstraintValidatorManagerImpl$1
instanceKlass jakarta/validation/ConstraintValidator
instanceKlass jakarta/validation/metadata/ConstraintDescriptor
instanceKlass org/hibernate/validator/internal/engine/constraintvalidation/AbstractConstraintValidatorManagerImpl
instanceKlass org/hibernate/validator/internal/engine/constraintvalidation/HibernateConstraintValidatorInitializationContextImpl
instanceKlass org/hibernate/validator/spi/scripting/ScriptEvaluator
instanceKlass org/hibernate/validator/spi/scripting/AbstractCachingScriptEvaluatorFactory
instanceKlass org/hibernate/validator/internal/util/ExecutableParameterNameProvider
instanceKlass org/hibernate/validator/internal/engine/messageinterpolation/ElTermResolver
instanceKlass org/hibernate/validator/internal/engine/messageinterpolation/TermResolver
instanceKlass jakarta/el/ExpressionFactoryCache
instanceKlass jakarta/el/Util
instanceKlass jakarta/el/ELContext
instanceKlass jakarta/el/ELManager
instanceKlass org/apache/el/util/ExceptionUtils
instanceKlass jakarta/el/Expression
instanceKlass jakarta/el/ELResolver
instanceKlass jakarta/el/ExpressionFactory$CacheKey
instanceKlass jakarta/el/ExpressionFactory$CacheValue
instanceKlass jakarta/el/ExpressionFactory
instanceKlass org/hibernate/validator/internal/engine/messageinterpolation/TermInterpolator
instanceKlass org/hibernate/validator/internal/util/ConcurrentReferenceHashMap$HashEntry
instanceKlass org/hibernate/validator/internal/engine/messageinterpolation/DefaultLocaleResolverContext
instanceKlass org/hibernate/validator/internal/util/logging/Messages_$bundle
instanceKlass org/jboss/logging/Messages
instanceKlass org/hibernate/validator/internal/util/logging/Messages
instanceKlass org/hibernate/validator/internal/engine/messageinterpolation/DefaultLocaleResolver
instanceKlass org/hibernate/validator/internal/util/Contracts
instanceKlass org/hibernate/validator/resourceloading/PlatformResourceBundleLocator
instanceKlass org/hibernate/validator/spi/messageinterpolation/LocaleResolverContext
instanceKlass org/hibernate/validator/messageinterpolation/AbstractMessageInterpolator
instanceKlass org/hibernate/validator/constraintvalidation/HibernateConstraintValidatorInitializationContext
instanceKlass org/hibernate/validator/internal/engine/ValidatorFactoryScopedContext
instanceKlass org/hibernate/validator/internal/metadata/aggregated/rule/MethodConfigurationRule
instanceKlass org/hibernate/validator/internal/engine/MethodValidationConfiguration
instanceKlass org/hibernate/validator/spi/messageinterpolation/LocaleResolver
instanceKlass org/hibernate/validator/spi/scripting/ScriptEvaluatorFactory
instanceKlass org/hibernate/validator/metadata/BeanMetaDataClassNormalizer
instanceKlass org/hibernate/validator/spi/cfg/ConstraintMappingContributor
instanceKlass org/hibernate/validator/spi/cfg/ConstraintMappingContributor$ConstraintMappingBuilder
instanceKlass org/hibernate/validator/internal/engine/ValidatorFactoryConfigurationHelper
instanceKlass org/hibernate/validator/internal/metadata/BeanMetaDataManager
instanceKlass org/hibernate/validator/HibernateValidatorContext
instanceKlass org/hibernate/validator/spi/tracking/ProcessedBeansTrackingVoter
instanceKlass org/hibernate/validator/internal/engine/constraintvalidation/ConstraintValidatorManager
instanceKlass jakarta/validation/ValidatorContext
instanceKlass org/hibernate/validator/internal/engine/ValidatorFactoryImpl
instanceKlass org/hibernate/validator/HibernateValidatorFactory
instanceKlass org/hibernate/validator/internal/engine/resolver/JPATraversableResolver
instanceKlass jakarta/persistence/Persistence$PersistenceUtilImpl
instanceKlass org/hibernate/validator/internal/util/ReflectionHelper
instanceKlass org/hibernate/validator/internal/util/actions/NewInstance
instanceKlass jakarta/persistence/EntityManagerFactory
instanceKlass jakarta/persistence/PersistenceConfiguration
instanceKlass jakarta/persistence/PersistenceUtil
instanceKlass org/hibernate/validator/internal/util/actions/GetMethod
instanceKlass jakarta/persistence/Persistence
instanceKlass org/hibernate/validator/internal/util/actions/LoadClass
instanceKlass jakarta/validation/TraversableResolver
instanceKlass org/hibernate/validator/internal/engine/resolver/TraversableResolvers
instanceKlass org/hibernate/validator/internal/xml/config/BootstrapConfigurationImpl
instanceKlass jakarta/validation/BootstrapConfiguration
instanceKlass org/hibernate/validator/internal/xml/config/ResourceLoaderHelper
instanceKlass javax/xml/transform/Source
instanceKlass org/hibernate/validator/internal/xml/config/ValidationXmlParser
instanceKlass org/hibernate/validator/internal/util/actions/GetInstancesFromServiceLoader
instanceKlass jakarta/validation/valueextraction/ValueExtractor
instanceKlass org/hibernate/validator/internal/util/actions/GetClassLoader
instanceKlass org/hibernate/validator/internal/engine/constraintvalidation/HibernateConstraintValidatorInitializationSharedDataManager
instanceKlass org/hibernate/validator/internal/engine/DefaultPropertyNodeNameProvider
instanceKlass org/hibernate/validator/internal/engine/DefaultClockProvider
instanceKlass org/hibernate/validator/internal/engine/DefaultParameterNameProvider
instanceKlass org/hibernate/validator/constraintvalidation/spi/DefaultConstraintValidatorFactory
instanceKlass org/hibernate/validator/internal/xml/config/ValidationBootstrapParameters
instanceKlass org/hibernate/validator/internal/engine/MethodValidationConfiguration$Builder
instanceKlass org/hibernate/validator/internal/util/CollectionHelper
instanceKlass org/apache/logging/log4j/message/LoggerNameAwareMessage
instanceKlass org/apache/logging/log4j/message/StringFormattedMessage
instanceKlass org/apache/logging/slf4j/SLF4JLogger$1
instanceKlass  @bci org/apache/logging/log4j/spi/LoggerRegistry putIfAbsent (Ljava/lang/String;Lorg/apache/logging/log4j/message/MessageFactory;Lorg/apache/logging/log4j/spi/ExtendedLogger;)V 130 <appendix> member <vmtarget> ; # org/apache/logging/log4j/spi/LoggerRegistry$$Lambda+0x00000000824ed6a8
instanceKlass jakarta/servlet/Servlet
instanceKlass org/apache/logging/log4j/util/Constants
instanceKlass  @bci org/apache/logging/slf4j/SLF4JLogger <clinit> ()V 63 <appendix> argL0 ; # org/apache/logging/slf4j/SLF4JLogger$$Lambda+0x00000000824ed068
instanceKlass org/apache/logging/slf4j/SLF4JLogBuilder
instanceKlass org/jboss/logging/Log4j2LoggerProvider
instanceKlass org/apache/logging/log4j/internal/LogManagerStatus
instanceKlass  @bci org/apache/logging/log4j/util/ProviderUtil selectProvider (Lorg/apache/logging/log4j/util/PropertiesUtil;Ljava/util/Collection;Lorg/apache/logging/log4j/Logger;)Lorg/apache/logging/log4j/spi/Provider; 925 <appendix> argL0 ; # org/apache/logging/log4j/util/ProviderUtil$$Lambda+0x00000000824e8d58
instanceKlass  @bci java/util/function/BinaryOperator maxBy (Ljava/util/Comparator;)Ljava/util/function/BinaryOperator; 6 <appendix> member <vmtarget> ; # java/util/function/BinaryOperator$$Lambda+0x0000000082356e38
instanceKlass  @bci org/apache/logging/log4j/util/ProviderUtil selectProvider (Lorg/apache/logging/log4j/util/PropertiesUtil;Ljava/util/Collection;Lorg/apache/logging/log4j/Logger;)Lorg/apache/logging/log4j/spi/Provider; 705 <appendix> argL0 ; # org/apache/logging/log4j/util/ProviderUtil$$Lambda+0x00000000824e8b10
instanceKlass  @bci org/apache/logging/log4j/util/ProviderUtil lazyInit ()V 166 <appendix> argL0 ; # org/apache/logging/log4j/util/ProviderUtil$$Lambda+0x00000000824e88d8
instanceKlass  @bci org/apache/logging/log4j/util/ProviderUtil lazyInit ()V 148 <appendix> argL0 ; # org/apache/logging/log4j/util/ProviderUtil$$Lambda+0x00000000824e8680
instanceKlass org/apache/logging/log4j/util/ProviderUtil
instanceKlass org/apache/logging/log4j/LogManager
instanceKlass org/jboss/logging/LoggerProvider
instanceKlass org/jboss/logging/LoggerProviders
instanceKlass org/jboss/logging/DelegatingBasicLogger
instanceKlass org/jboss/logging/SecurityActions
instanceKlass org/jboss/logging/LoggingLocale
instanceKlass org/jboss/logging/Logger
instanceKlass org/hibernate/validator/internal/util/logging/Log
instanceKlass org/jboss/logging/BasicLogger
instanceKlass org/hibernate/validator/internal/util/logging/LoggerFactory
instanceKlass org/hibernate/validator/internal/util/Version
instanceKlass jakarta/validation/MessageInterpolator
instanceKlass org/hibernate/validator/spi/resourceloading/ResourceBundleLocator
instanceKlass org/hibernate/validator/cfg/ConstraintMapping
instanceKlass org/hibernate/validator/spi/properties/GetterPropertySelectionStrategy
instanceKlass org/hibernate/validator/spi/nodenameprovider/PropertyNodeNameProvider
instanceKlass jakarta/validation/ClockProvider
instanceKlass jakarta/validation/ParameterNameProvider
instanceKlass jakarta/validation/ConstraintValidatorFactory
instanceKlass org/hibernate/validator/internal/engine/AbstractConfigurationImpl
instanceKlass jakarta/validation/spi/ConfigurationState
instanceKlass org/hibernate/validator/HibernateValidatorConfiguration
instanceKlass org/hibernate/validator/BaseHibernateValidatorConfiguration
instanceKlass jakarta/validation/Configuration
instanceKlass org/hibernate/validator/HibernateValidator
instanceKlass jakarta/validation/spi/ValidationProvider
instanceKlass jakarta/validation/Validation$GetValidationProviderListAction
instanceKlass jakarta/validation/Validation$DefaultValidationProviderResolver
instanceKlass jakarta/validation/ValidationProviderResolver
instanceKlass jakarta/validation/Validation$GenericBootstrapImpl
instanceKlass jakarta/validation/spi/BootstrapState
instanceKlass jakarta/validation/bootstrap/ProviderSpecificBootstrap
instanceKlass jakarta/validation/bootstrap/GenericBootstrap
instanceKlass jakarta/validation/Validation
# instanceKlass java/lang/invoke/LambdaForm$MH+0x00000000824de800
# instanceKlass java/lang/invoke/LambdaForm$MH+0x00000000824de400
instanceKlass  @bci org/junit/jupiter/engine/extension/TimeoutConfiguration getDefaultBeforeAllMethodTimeout ()Ljava/util/Optional; 18 <appendix> member <vmtarget> ; # org/junit/jupiter/engine/extension/TimeoutConfiguration$$Lambda+0x00000000824d6510
instanceKlass  @bci org/junit/jupiter/engine/extension/TimeoutExtension interceptBeforeAllMethod (Lorg/junit/jupiter/api/extension/InvocationInterceptor$Invocation;Lorg/junit/jupiter/api/extension/ReflectiveInvocationContext;Lorg/junit/jupiter/api/extension/ExtensionContext;)V 20 <appendix> argL0 ; # org/junit/jupiter/engine/extension/TimeoutExtension$$Lambda+0x00000000824d62b0
instanceKlass  @bci org/junit/jupiter/engine/descriptor/ClassBasedTestDescriptor lambda$invokeBeforeAllMethods$0 (Ljava/lang/reflect/Method;Ljava/lang/Object;Lorg/junit/jupiter/api/extension/ExtensionContext;Lorg/junit/jupiter/engine/extension/ExtensionRegistry;)V 25 <appendix> argL0 ; # org/junit/jupiter/engine/descriptor/ClassBasedTestDescriptor$$Lambda+0x00000000824d6088
instanceKlass  @bci org/junit/jupiter/engine/descriptor/ClassBasedTestDescriptor invokeBeforeAllMethods (Lorg/junit/jupiter/engine/execution/JupiterEngineExecutionContext;)V 160 <appendix> member <vmtarget> ; # org/junit/jupiter/engine/descriptor/ClassBasedTestDescriptor$$Lambda+0x00000000824d5e58
instanceKlass jakarta/validation/Validator
instanceKlass jakarta/validation/ValidatorFactory
# instanceKlass java/lang/invoke/LambdaForm$MH+0x00000000824de000
# instanceKlass java/lang/invoke/LambdaForm$DMH+0x00000000824ddc00
# instanceKlass java/lang/invoke/LambdaForm$MH+0x00000000824dd800
instanceKlass  @bci fr/natsystem/projet/Mapper/DvfRowMapperTest shouldPropagateSQLException ()V 80 <appendix> member <vmtarget> ; # fr/natsystem/projet/Mapper/DvfRowMapperTest$$Lambda+0x00000000824d5a20
instanceKlass java/sql/DriverManager
instanceKlass sun/reflect/misc/ReflectUtil
instanceKlass java/util/concurrent/atomic/AtomicReferenceFieldUpdater
# instanceKlass java/lang/invoke/LambdaForm$MH+0x00000000824dd400
# instanceKlass fr/natsystem/projet/model/TarifCommune$$EqualatorSpecializer+0x00000000824d3910
instanceKlass  @bci fr/natsystem/projet/repository/TarifCommuneRepository findByCodeInsee (Ljava/lang/String;)Ljava/util/Optional; 28 <appendix> argL0 ; # fr/natsystem/projet/repository/TarifCommuneRepository$$Lambda+0x00000000824d57f8
instanceKlass  @bci fr/natsystem/projet/Repository/TarifCommuneRepositoryTest shouldFindTarifCommuneByCodeInsee ()V 477 <appendix> member <vmtarget> ; # fr/natsystem/projet/Repository/TarifCommuneRepositoryTest$$Lambda+0x00000000824d55c8
instanceKlass java/math/MathContext
instanceKlass java/util/concurrent/ForkJoinPool$DefaultForkJoinWorkerThreadFactory
instanceKlass java/util/concurrent/ForkJoinPool$1
instanceKlass java/util/concurrent/ForkJoinPool$WorkQueue
instanceKlass java/util/concurrent/CountDownLatch
instanceKlass java/util/concurrent/ScheduledFuture
instanceKlass java/util/concurrent/Delayed
instanceKlass java/util/concurrent/ForkJoinPool$ForkJoinWorkerThreadFactory
instanceKlass jdk/internal/access/JavaUtilConcurrentFJPAccess
instanceKlass java/util/concurrent/ForkJoinTask$Aux
instanceKlass java/util/concurrent/ForkJoinTask
instanceKlass org/mockito/internal/creation/bytebuddy/codegen/ResultSet$MockitoMock$09PE9Nbu$auxiliary$BD5OxxNx
instanceKlass org/mockito/internal/creation/bytebuddy/codegen/ResultSet$MockitoMock$09PE9Nbu$auxiliary$R090b8R5
instanceKlass org/mockito/internal/creation/bytebuddy/codegen/ResultSet$MockitoMock$09PE9Nbu
# instanceKlass java/lang/invoke/LambdaForm$MH+0x00000000824dd000
# instanceKlass java/lang/invoke/LambdaForm$MH+0x00000000824dcc00
# instanceKlass java/lang/invoke/LambdaForm$MH+0x00000000824dc800
# instanceKlass java/lang/invoke/LambdaForm$MH+0x00000000824dc400
# instanceKlass java/lang/invoke/LambdaForm$MH+0x00000000824dc000
instanceKlass java/sql/Blob
instanceKlass java/sql/SQLType
instanceKlass java/sql/NClob
instanceKlass java/sql/Clob
instanceKlass java/sql/RowId
instanceKlass java/sql/SQLXML
instanceKlass java/sql/ResultSetMetaData
instanceKlass java/sql/Array
instanceKlass java/sql/Ref
instanceKlass  @bci org/springframework/batch/core/job/parameters/JobParameters getParameter (Ljava/lang/String;)Lorg/springframework/batch/core/job/parameters/JobParameter; 140 <appendix> member <vmtarget> ; # org/springframework/batch/core/job/parameters/JobParameters$$Lambda+0x00000000824d3ff8
instanceKlass org/mockito/internal/configuration/IndependentAnnotationEngine$1
instanceKlass org/springframework/beans/factory/annotation/Value
instanceKlass  @bci fr/natsystem/projet/Listener/BilanJobListenerTest shouldUseDvfRejectedIdsForDvfJob ()V 369 <appendix> member <vmtarget> ; # fr/natsystem/projet/Listener/BilanJobListenerTest$$Lambda+0x00000000824d3480
instanceKlass  @bci fr/natsystem/projet/Listener/BilanJobListenerTest shouldUseDvfRejectedIdsForDvfJob ()V 358 <appendix> member <vmtarget> ; # fr/natsystem/projet/Listener/BilanJobListenerTest$$Lambda+0x00000000824d3250
instanceKlass  @bci fr/natsystem/projet/Listener/BilanJobListenerTest shouldUseDvfRejectedIdsForDvfJob ()V 348 <appendix> member <vmtarget> ; # fr/natsystem/projet/Listener/BilanJobListenerTest$$Lambda+0x00000000824d3020
instanceKlass  @bci fr/natsystem/projet/Listener/BilanJobListenerTest shouldUseDvfRejectedIdsForDvfJob ()V 338 <appendix> member <vmtarget> ; # fr/natsystem/projet/Listener/BilanJobListenerTest$$Lambda+0x00000000824d2df0
instanceKlass  @bci fr/natsystem/projet/Listener/BilanJobListenerTest shouldUseDvfRejectedIdsForDvfJob ()V 328 <appendix> member <vmtarget> ; # fr/natsystem/projet/Listener/BilanJobListenerTest$$Lambda+0x00000000824d2bc0
instanceKlass  @bci fr/natsystem/projet/Listener/BilanJobListenerTest shouldUseDvfRejectedIdsForDvfJob ()V 318 <appendix> member <vmtarget> ; # fr/natsystem/projet/Listener/BilanJobListenerTest$$Lambda+0x00000000824d2990
instanceKlass  @bci fr/natsystem/projet/Listener/BilanJobListenerTest shouldUseDvfRejectedIdsForDvfJob ()V 308 <appendix> member <vmtarget> ; # fr/natsystem/projet/Listener/BilanJobListenerTest$$Lambda+0x00000000824d2760
instanceKlass  @bci fr/natsystem/projet/Listener/BilanJobListenerTest shouldIgnoreTechnicalStepsInDurationReport ()V 307 <appendix> member <vmtarget> ; # fr/natsystem/projet/Listener/BilanJobListenerTest$$Lambda+0x00000000824d2530
instanceKlass  @bci fr/natsystem/projet/Listener/BilanJobListenerTest shouldIgnoreTechnicalStepsInDurationReport ()V 297 <appendix> member <vmtarget> ; # fr/natsystem/projet/Listener/BilanJobListenerTest$$Lambda+0x00000000824d2300
instanceKlass  @bci fr/natsystem/projet/Listener/BilanJobListenerTest shouldIgnoreTechnicalStepsInDurationReport ()V 287 <appendix> member <vmtarget> ; # fr/natsystem/projet/Listener/BilanJobListenerTest$$Lambda+0x00000000824d20d0
instanceKlass  @bci fr/natsystem/projet/Listener/BilanJobListenerTest shouldIgnoreTechnicalStepsInDurationReport ()V 277 <appendix> member <vmtarget> ; # fr/natsystem/projet/Listener/BilanJobListenerTest$$Lambda+0x00000000824d1ea0
instanceKlass  @bci fr/natsystem/projet/Listener/BilanJobListenerTest shouldThrowExceptionWhenParentJobDoesNotExist ()V 96 <appendix> member <vmtarget> ; # fr/natsystem/projet/Listener/BilanJobListenerTest$$Lambda+0x00000000824d1c70
instanceKlass  @bci fr/natsystem/projet/Listener/BilanJobListenerTest shouldThrowExceptionWhenParentJobIdIsMissing ()V 192 <appendix> member <vmtarget> ; # fr/natsystem/projet/Listener/BilanJobListenerTest$$Lambda+0x00000000824d1a40
instanceKlass  @bci fr/natsystem/projet/Listener/BilanJobListenerTest shouldWriteAdresseReportsAfterJob ()V 648 <appendix> member <vmtarget> ; # fr/natsystem/projet/Listener/BilanJobListenerTest$$Lambda+0x00000000824d1810
instanceKlass  @bci fr/natsystem/projet/Listener/BilanJobListenerTest shouldWriteAdresseReportsAfterJob ()V 638 <appendix> member <vmtarget> ; # fr/natsystem/projet/Listener/BilanJobListenerTest$$Lambda+0x00000000824d15e0
instanceKlass  @bci fr/natsystem/projet/Listener/BilanJobListenerTest shouldWriteAdresseReportsAfterJob ()V 628 <appendix> member <vmtarget> ; # fr/natsystem/projet/Listener/BilanJobListenerTest$$Lambda+0x00000000824d13b0
instanceKlass  @bci fr/natsystem/projet/Listener/BilanJobListenerTest shouldWriteAdresseReportsAfterJob ()V 532 <appendix> member <vmtarget> ; # fr/natsystem/projet/Listener/BilanJobListenerTest$$Lambda+0x00000000824d1180
instanceKlass  @bci fr/natsystem/projet/Listener/BilanJobListenerTest shouldWriteAdresseReportsAfterJob ()V 521 <appendix> member <vmtarget> ; # fr/natsystem/projet/Listener/BilanJobListenerTest$$Lambda+0x00000000824d0f50
instanceKlass  @bci fr/natsystem/projet/Listener/BilanJobListenerTest shouldWriteAdresseReportsAfterJob ()V 510 <appendix> member <vmtarget> ; # fr/natsystem/projet/Listener/BilanJobListenerTest$$Lambda+0x00000000824d0d20
instanceKlass  @bci fr/natsystem/projet/Listener/BilanJobListenerTest shouldWriteAdresseReportsAfterJob ()V 499 <appendix> member <vmtarget> ; # fr/natsystem/projet/Listener/BilanJobListenerTest$$Lambda+0x00000000824d0af0
instanceKlass  @bci fr/natsystem/projet/Listener/BilanJobListenerTest shouldWriteAdresseReportsAfterJob ()V 488 <appendix> member <vmtarget> ; # fr/natsystem/projet/Listener/BilanJobListenerTest$$Lambda+0x00000000824d08c0
instanceKlass  @bci fr/natsystem/projet/Listener/BilanJobListenerTest shouldWriteAdresseReportsAfterJob ()V 477 <appendix> member <vmtarget> ; # fr/natsystem/projet/Listener/BilanJobListenerTest$$Lambda+0x00000000824d0690
instanceKlass  @bci fr/natsystem/projet/Listener/BilanJobListenerTest shouldWriteAdresseReportsAfterJob ()V 466 <appendix> member <vmtarget> ; # fr/natsystem/projet/Listener/BilanJobListenerTest$$Lambda+0x00000000824d0460
instanceKlass  @bci fr/natsystem/projet/Listener/BilanJobListenerTest shouldWriteAdresseReportsAfterJob ()V 455 <appendix> member <vmtarget> ; # fr/natsystem/projet/Listener/BilanJobListenerTest$$Lambda+0x00000000824d0230
instanceKlass  @bci fr/natsystem/projet/Listener/BilanJobListenerTest shouldWriteAdresseReportsAfterJob ()V 444 <appendix> member <vmtarget> ; # fr/natsystem/projet/Listener/BilanJobListenerTest$$Lambda+0x00000000824d0000
instanceKlass  @bci fr/natsystem/projet/Listener/BilanJobListenerTest shouldWriteAdresseReportsAfterJob ()V 434 <appendix> member <vmtarget> ; # fr/natsystem/projet/Listener/BilanJobListenerTest$$Lambda+0x00000000824cfcd8
instanceKlass  @bci fr/natsystem/projet/Listener/BilanJobListenerTest shouldWriteAdresseReportsAfterJob ()V 424 <appendix> member <vmtarget> ; # fr/natsystem/projet/Listener/BilanJobListenerTest$$Lambda+0x00000000824cfaa8
instanceKlass  @bci fr/natsystem/projet/Listener/BilanJobListenerTest shouldWriteAdresseReportsAfterJob ()V 414 <appendix> member <vmtarget> ; # fr/natsystem/projet/Listener/BilanJobListenerTest$$Lambda+0x00000000824cf878
instanceKlass  @bci fr/natsystem/projet/Listener/BilanJobListenerTest shouldWriteAdresseReportsAfterJob ()V 404 <appendix> member <vmtarget> ; # fr/natsystem/projet/Listener/BilanJobListenerTest$$Lambda+0x00000000824cf648
instanceKlass  @bci fr/natsystem/projet/Listener/BilanJobListenerTest shouldWriteAdresseReportsAfterJob ()V 394 <appendix> member <vmtarget> ; # fr/natsystem/projet/Listener/BilanJobListenerTest$$Lambda+0x00000000824cf418
instanceKlass  @bci fr/natsystem/projet/Listener/BilanJobListenerTest shouldWriteAdresseReportsAfterJob ()V 350 <appendix> member <vmtarget> ; # fr/natsystem/projet/Listener/BilanJobListenerTest$$Lambda+0x00000000824cf1e8
instanceKlass  @bci fr/natsystem/projet/Listener/BilanJobListenerTest shouldWriteAdresseReportsAfterJob ()V 340 <appendix> member <vmtarget> ; # fr/natsystem/projet/Listener/BilanJobListenerTest$$Lambda+0x00000000824cefb8
instanceKlass  @bci fr/natsystem/projet/Listener/BilanJobListenerTest shouldWriteAdresseReportsAfterJob ()V 330 <appendix> member <vmtarget> ; # fr/natsystem/projet/Listener/BilanJobListenerTest$$Lambda+0x00000000824ced88
instanceKlass  @bci fr/natsystem/projet/batch/listener/BilanJobListener writeImportReport (Ljava/io/BufferedWriter;Lorg/springframework/batch/core/job/JobExecution;Ljava/lang/String;)V 156 <appendix> argL0 ; # fr/natsystem/projet/batch/listener/BilanJobListener$$Lambda+0x00000000824ceb30
instanceKlass  @bci fr/natsystem/projet/Listener/BilanJobListenerTest shouldWriteFailedStepAndItsExceptions ()V 339 <appendix> member <vmtarget> ; # fr/natsystem/projet/Listener/BilanJobListenerTest$$Lambda+0x00000000824ce900
instanceKlass  @bci fr/natsystem/projet/Listener/BilanJobListenerTest shouldWriteFailedStepAndItsExceptions ()V 329 <appendix> member <vmtarget> ; # fr/natsystem/projet/Listener/BilanJobListenerTest$$Lambda+0x00000000824ce6d0
instanceKlass  @bci fr/natsystem/projet/Listener/BilanJobListenerTest shouldWriteFailedStepAndItsExceptions ()V 319 <appendix> member <vmtarget> ; # fr/natsystem/projet/Listener/BilanJobListenerTest$$Lambda+0x00000000824ce4a0
instanceKlass  @bci fr/natsystem/projet/Listener/BilanJobListenerTest shouldWriteFailedStepAndItsExceptions ()V 309 <appendix> member <vmtarget> ; # fr/natsystem/projet/Listener/BilanJobListenerTest$$Lambda+0x00000000824ce270
instanceKlass  @bci fr/natsystem/projet/Listener/BilanJobListenerTest shouldWriteFailedStepAndItsExceptions ()V 299 <appendix> member <vmtarget> ; # fr/natsystem/projet/Listener/BilanJobListenerTest$$Lambda+0x00000000824ce040
instanceKlass  @bci fr/natsystem/projet/Listener/BilanJobListenerTest shouldWriteFailedStepAndItsExceptions ()V 289 <appendix> member <vmtarget> ; # fr/natsystem/projet/Listener/BilanJobListenerTest$$Lambda+0x00000000824cde10
instanceKlass  @bci fr/natsystem/projet/Listener/BilanJobListenerTest shouldWriteNoInputFileMessage ()V 242 <appendix> member <vmtarget> ; # fr/natsystem/projet/Listener/BilanJobListenerTest$$Lambda+0x00000000824cdbe0
instanceKlass  @bci fr/natsystem/projet/Listener/BilanJobListenerTest shouldWriteNoInputFileMessage ()V 232 <appendix> member <vmtarget> ; # fr/natsystem/projet/Listener/BilanJobListenerTest$$Lambda+0x00000000824cd9b0
instanceKlass  @bci fr/natsystem/projet/Listener/BilanJobListenerTest shouldWriteNoInputFileMessage ()V 222 <appendix> member <vmtarget> ; # fr/natsystem/projet/Listener/BilanJobListenerTest$$Lambda+0x00000000824cd780
instanceKlass  @bci fr/natsystem/projet/batch/listener/BilanJobListener writeFailureReport (Lorg/springframework/batch/core/job/JobExecution;)V 60 <appendix> argL0 ; # fr/natsystem/projet/batch/listener/BilanJobListener$$Lambda+0x00000000824cd528
instanceKlass  @bci fr/natsystem/projet/batch/listener/BilanJobListener writeImportReport (Ljava/io/BufferedWriter;Lorg/springframework/batch/core/job/JobExecution;Ljava/lang/String;)V 34 <appendix> argL0 ; # fr/natsystem/projet/batch/listener/BilanJobListener$$Lambda+0x00000000824cd2d0
instanceKlass org/slf4j/helpers/FormattingTuple
instanceKlass org/slf4j/helpers/NormalizedParameters
instanceKlass org/slf4j/helpers/MessageFormatter
instanceKlass net/bytebuddy/dynamic/scaffold/MethodGraph$Compiler$Default$Key$Store$Entry$Ambiguous
instanceKlass net/bytebuddy/dynamic/scaffold/TypeWriter$Default$ForInlining$WithFullProcessing$InitializationHandler$Appending$FrameWriter
instanceKlass  @bci fr/natsystem/projet/Reader/ReaderConfigTest shouldConfigureAdresseStagingReader ()V 258 <appendix> member <vmtarget> ; # fr/natsystem/projet/Reader/ReaderConfigTest$$Lambda+0x00000000824c9ea0
instanceKlass  @bci fr/natsystem/projet/Reader/ReaderConfigTest shouldConfigureAdresseStagingReader ()V 248 <appendix> member <vmtarget> ; # fr/natsystem/projet/Reader/ReaderConfigTest$$Lambda+0x00000000824c9c70
instanceKlass  @bci fr/natsystem/projet/Reader/ReaderConfigTest shouldConfigureAdresseStagingReader ()V 237 <appendix> member <vmtarget> ; # fr/natsystem/projet/Reader/ReaderConfigTest$$Lambda+0x00000000824c9a40
instanceKlass  @bci fr/natsystem/projet/Reader/ReaderConfigTest shouldConfigureAdresseStagingReader ()V 226 <appendix> member <vmtarget> ; # fr/natsystem/projet/Reader/ReaderConfigTest$$Lambda+0x00000000824c9810
instanceKlass  @bci fr/natsystem/projet/Reader/ReaderConfigTest shouldConfigureAdresseStagingReader ()V 215 <appendix> member <vmtarget> ; # fr/natsystem/projet/Reader/ReaderConfigTest$$Lambda+0x00000000824c95e0
instanceKlass  @bci fr/natsystem/projet/Reader/ReaderConfigTest shouldConfigureAdresseStagingReader ()V 204 <appendix> member <vmtarget> ; # fr/natsystem/projet/Reader/ReaderConfigTest$$Lambda+0x00000000824c93b0
instanceKlass  @bci fr/natsystem/projet/Reader/ReaderConfigTest shouldConfigureAdresseStagingReader ()V 194 <appendix> member <vmtarget> ; # fr/natsystem/projet/Reader/ReaderConfigTest$$Lambda+0x00000000824c9180
instanceKlass  @bci fr/natsystem/projet/Reader/ReaderConfigTest shouldConfigureAdresseStagingReader ()V 184 <appendix> member <vmtarget> ; # fr/natsystem/projet/Reader/ReaderConfigTest$$Lambda+0x00000000824c8f50
instanceKlass  @bci fr/natsystem/projet/Reader/ReaderConfigTest shouldConfigureAdresseStagingReader ()V 174 <appendix> member <vmtarget> ; # fr/natsystem/projet/Reader/ReaderConfigTest$$Lambda+0x00000000824c8d20
instanceKlass  @bci fr/natsystem/projet/Reader/ReaderConfigTest shouldConfigureAdresseStagingReader ()V 164 <appendix> member <vmtarget> ; # fr/natsystem/projet/Reader/ReaderConfigTest$$Lambda+0x00000000824c8af0
instanceKlass  @bci fr/natsystem/projet/Reader/ReaderConfigTest shouldConfigureAdresseStagingReader ()V 155 <appendix> member <vmtarget> ; # fr/natsystem/projet/Reader/ReaderConfigTest$$Lambda+0x00000000824c88c0
instanceKlass  @bci fr/natsystem/projet/Reader/ReaderConfigTest shouldConfigureDvfStagingReader ()V 260 <appendix> member <vmtarget> ; # fr/natsystem/projet/Reader/ReaderConfigTest$$Lambda+0x00000000824c8690
instanceKlass  @bci fr/natsystem/projet/Reader/ReaderConfigTest shouldConfigureDvfStagingReader ()V 250 <appendix> member <vmtarget> ; # fr/natsystem/projet/Reader/ReaderConfigTest$$Lambda+0x00000000824c8460
instanceKlass  @bci fr/natsystem/projet/Reader/ReaderConfigTest shouldConfigureDvfStagingReader ()V 239 <appendix> member <vmtarget> ; # fr/natsystem/projet/Reader/ReaderConfigTest$$Lambda+0x00000000824c8230
instanceKlass  @bci fr/natsystem/projet/Reader/ReaderConfigTest shouldConfigureDvfStagingReader ()V 228 <appendix> member <vmtarget> ; # fr/natsystem/projet/Reader/ReaderConfigTest$$Lambda+0x00000000824c8000
instanceKlass  @bci fr/natsystem/projet/Reader/ReaderConfigTest shouldConfigureDvfStagingReader ()V 217 <appendix> member <vmtarget> ; # fr/natsystem/projet/Reader/ReaderConfigTest$$Lambda+0x00000000824c1c60
instanceKlass  @bci fr/natsystem/projet/Reader/ReaderConfigTest shouldConfigureDvfStagingReader ()V 206 <appendix> member <vmtarget> ; # fr/natsystem/projet/Reader/ReaderConfigTest$$Lambda+0x00000000824c1a30
instanceKlass  @bci fr/natsystem/projet/Reader/ReaderConfigTest shouldConfigureDvfStagingReader ()V 196 <appendix> member <vmtarget> ; # fr/natsystem/projet/Reader/ReaderConfigTest$$Lambda+0x00000000824c1800
instanceKlass  @bci fr/natsystem/projet/Reader/ReaderConfigTest shouldConfigureDvfStagingReader ()V 186 <appendix> member <vmtarget> ; # fr/natsystem/projet/Reader/ReaderConfigTest$$Lambda+0x00000000824c3c50
instanceKlass  @bci fr/natsystem/projet/Reader/ReaderConfigTest shouldConfigureDvfStagingReader ()V 176 <appendix> member <vmtarget> ; # fr/natsystem/projet/Reader/ReaderConfigTest$$Lambda+0x00000000824c3a20
instanceKlass  @bci fr/natsystem/projet/Reader/ReaderConfigTest shouldConfigureDvfStagingReader ()V 166 <appendix> member <vmtarget> ; # fr/natsystem/projet/Reader/ReaderConfigTest$$Lambda+0x00000000824c37f0
instanceKlass  @bci fr/natsystem/projet/Reader/ReaderConfigTest shouldConfigureDvfStagingReader ()V 157 <appendix> member <vmtarget> ; # fr/natsystem/projet/Reader/ReaderConfigTest$$Lambda+0x00000000824c35c0
instanceKlass org/junit/jupiter/api/AssertInstanceOf
instanceKlass org/springframework/batch/infrastructure/item/database/support/SqlPagingQueryUtils
instanceKlass  @bci fr/natsystem/projet/batch/listener/BilanJobListener writeImportReport (Ljava/io/BufferedWriter;Lorg/springframework/batch/core/job/JobExecution;Ljava/lang/String;)V 488 <appendix> form vmentry <vmtarget> ; # java/lang/invoke/LambdaForm$MH+0x00000000824c1400
instanceKlass org/springframework/batch/infrastructure/item/database/JdbcParameterUtils
instanceKlass org/springframework/util/ConcurrentLruCache$WriteOperations
instanceKlass org/springframework/util/ConcurrentLruCache$ReadOperations
instanceKlass org/springframework/util/ConcurrentLruCache$EvictionQueue
instanceKlass  @bci org/springframework/jdbc/core/namedparam/NamedParameterJdbcTemplate <init> (Lorg/springframework/jdbc/core/JdbcOperations;)V 57 <appendix> argL0 ; # org/springframework/jdbc/core/namedparam/NamedParameterJdbcTemplate$$Lambda+0x00000000824c7a98
instanceKlass org/springframework/jdbc/core/namedparam/ParsedSql
instanceKlass org/springframework/jdbc/core/namedparam/NamedParameterUtils
instanceKlass org/springframework/util/ConcurrentLruCache
instanceKlass org/springframework/jdbc/core/namedparam/SqlParameterSource
instanceKlass org/springframework/jdbc/core/namedparam/NamedParameterJdbcTemplate
instanceKlass org/springframework/jdbc/core/namedparam/NamedParameterJdbcOperations
instanceKlass org/springframework/batch/infrastructure/item/util/ExecutionContextUserSupport
instanceKlass org/mockito/internal/creation/bytebuddy/codegen/DataSource$MockitoMock$ACviMK1x$auxiliary$7Mio14jL
instanceKlass org/mockito/internal/creation/bytebuddy/codegen/DataSource$MockitoMock$ACviMK1x$auxiliary$W1lVOvXz
instanceKlass org/mockito/internal/creation/bytebuddy/codegen/DataSource$MockitoMock$ACviMK1x
instanceKlass org/mockito/internal/creation/bytebuddy/codegen/InjectionBase
instanceKlass java/sql/ShardingKeyBuilder
instanceKlass java/sql/ConnectionBuilder
instanceKlass  @bci fr/natsystem/projet/Service/AdresseCacheServiceTest shouldPutAddressIntoCache ()V 75 <appendix> member <vmtarget> ; # fr/natsystem/projet/Service/AdresseCacheServiceTest$$Lambda+0x00000000824c53b0
instanceKlass  @bci fr/natsystem/projet/Service/AdresseCacheServiceTest shouldPutAddressIntoCache ()V 66 <appendix> member <vmtarget> ; # fr/natsystem/projet/Service/AdresseCacheServiceTest$$Lambda+0x00000000824c5180
instanceKlass  @bci fr/natsystem/projet/Service/AdresseCacheServiceTest shouldExecuteQueryWithProvidedCodeInsee ()V 317 <appendix> member <vmtarget> ; # fr/natsystem/projet/Service/AdresseCacheServiceTest$$Lambda+0x00000000824c4f50
instanceKlass  @bci fr/natsystem/projet/Service/AdresseCacheServiceTest shouldExecuteQueryWithProvidedCodeInsee ()V 307 <appendix> member <vmtarget> ; # fr/natsystem/projet/Service/AdresseCacheServiceTest$$Lambda+0x00000000824c4d20
instanceKlass  @bci fr/natsystem/projet/Service/AdresseCacheServiceTest shouldExecuteQueryWithProvidedCodeInsee ()V 297 <appendix> member <vmtarget> ; # fr/natsystem/projet/Service/AdresseCacheServiceTest$$Lambda+0x00000000824c4af0
instanceKlass  @bci fr/natsystem/projet/Service/AdresseCacheServiceTest shouldExecuteQueryWithProvidedCodeInsee ()V 287 <appendix> member <vmtarget> ; # fr/natsystem/projet/Service/AdresseCacheServiceTest$$Lambda+0x00000000824c48c0
instanceKlass  @bci fr/natsystem/projet/Service/AdresseCacheServiceTest shouldLoadAddressesIntoCache ()V 224 <appendix> member <vmtarget> ; # fr/natsystem/projet/Service/AdresseCacheServiceTest$$Lambda+0x00000000824c4690
instanceKlass  @bci fr/natsystem/projet/Service/AdresseCacheServiceTest shouldLoadAddressesIntoCache ()V 215 <appendix> member <vmtarget> ; # fr/natsystem/projet/Service/AdresseCacheServiceTest$$Lambda+0x00000000824c4460
instanceKlass  @bci fr/natsystem/projet/Service/AdresseCacheServiceTest shouldLoadAddressesIntoCache ()V 203 <appendix> member <vmtarget> ; # fr/natsystem/projet/Service/AdresseCacheServiceTest$$Lambda+0x00000000824c4230
instanceKlass  @bci fr/natsystem/projet/Service/AdresseCacheServiceTest shouldLoadAddressesIntoCache ()V 191 <appendix> member <vmtarget> ; # fr/natsystem/projet/Service/AdresseCacheServiceTest$$Lambda+0x00000000824c4000
instanceKlass  @bci fr/natsystem/projet/Service/AdresseCacheServiceTest shouldReplaceAddressWhenSameKeyIsUsed ()V 108 <appendix> member <vmtarget> ; # fr/natsystem/projet/Service/AdresseCacheServiceTest$$Lambda+0x00000000824bbc60
instanceKlass  @bci fr/natsystem/projet/Service/AdresseCacheServiceTest shouldReplaceAddressWhenSameKeyIsUsed ()V 99 <appendix> member <vmtarget> ; # fr/natsystem/projet/Service/AdresseCacheServiceTest$$Lambda+0x00000000824bba30
instanceKlass  @bci fr/natsystem/projet/Service/AdresseCacheServiceTest shouldReplaceCacheWithNewAddressesWhenReloading ()V 233 <appendix> member <vmtarget> ; # fr/natsystem/projet/Service/AdresseCacheServiceTest$$Lambda+0x00000000824bb800
instanceKlass  @bci fr/natsystem/projet/Service/AdresseCacheServiceTest shouldReplaceCacheWithNewAddressesWhenReloading ()V 224 <appendix> member <vmtarget> ; # fr/natsystem/projet/Service/AdresseCacheServiceTest$$Lambda+0x00000000824bb5d0
instanceKlass  @bci fr/natsystem/projet/Service/AdresseCacheServiceTest shouldReplaceCacheWithNewAddressesWhenReloading ()V 215 <appendix> member <vmtarget> ; # fr/natsystem/projet/Service/AdresseCacheServiceTest$$Lambda+0x00000000824bb3a0
instanceKlass  @bci fr/natsystem/projet/Service/AdresseCacheServiceTest shouldReplaceCacheWithNewAddressesWhenReloading ()V 202 <appendix> member <vmtarget> ; # fr/natsystem/projet/Service/AdresseCacheServiceTest$$Lambda+0x00000000824bb170
instanceKlass  @bci fr/natsystem/projet/Service/AdresseCacheServiceTest shouldResetPreviousCacheWhenLoadingAnotherCodeInsee ()V 224 <appendix> member <vmtarget> ; # fr/natsystem/projet/Service/AdresseCacheServiceTest$$Lambda+0x00000000824baf40
instanceKlass  @bci fr/natsystem/projet/Service/AdresseCacheServiceTest shouldResetPreviousCacheWhenLoadingAnotherCodeInsee ()V 215 <appendix> member <vmtarget> ; # fr/natsystem/projet/Service/AdresseCacheServiceTest$$Lambda+0x00000000824bad10
instanceKlass  @bci fr/natsystem/projet/Service/AdresseCacheServiceTest shouldResetPreviousCacheWhenLoadingAnotherCodeInsee ()V 206 <appendix> member <vmtarget> ; # fr/natsystem/projet/Service/AdresseCacheServiceTest$$Lambda+0x00000000824baae0
instanceKlass org/junit/jupiter/api/AssertSame
# instanceKlass java/lang/invoke/LambdaForm$MH+0x00000000824c1000
# instanceKlass java/lang/invoke/LambdaForm$MH+0x00000000824c0c00
# instanceKlass java/lang/invoke/LambdaForm$BMH+0x00000000824c0800
# instanceKlass java/lang/invoke/LambdaForm$DMH+0x00000000824c0400
# instanceKlass java/lang/invoke/LambdaForm$MH+0x00000000824c0000
# instanceKlass java/lang/invoke/LambdaForm$MH+0x00000000824b9c00
# instanceKlass java/lang/invoke/LambdaForm$DMH+0x00000000824b9800
instanceKlass  @bci fr/natsystem/projet/Service/AdresseCacheServiceTest shouldKeepCacheEmptyWhenQueryReturnsNoAddress ()V 135 <appendix> member <vmtarget> ; # fr/natsystem/projet/Service/AdresseCacheServiceTest$$Lambda+0x00000000824ba690
instanceKlass  @bci fr/natsystem/projet/Service/AdresseCacheServiceTest shouldKeepCacheEmptyWhenQueryReturnsNoAddress ()V 126 <appendix> member <vmtarget> ; # fr/natsystem/projet/Service/AdresseCacheServiceTest$$Lambda+0x00000000824ba460
instanceKlass  @bci fr/natsystem/projet/Step/ChecksumTaskletTest shouldReplaceExistingArchivedFile ()V 182 <appendix> member <vmtarget> ; # fr/natsystem/projet/Step/ChecksumTaskletTest$$Lambda+0x00000000824ba230
instanceKlass  @bci fr/natsystem/projet/Step/ChecksumTaskletTest shouldReplaceExistingArchivedFile ()V 172 <appendix> member <vmtarget> ; # fr/natsystem/projet/Step/ChecksumTaskletTest$$Lambda+0x00000000824ba000
instanceKlass  @bci fr/natsystem/projet/Step/ChecksumTaskletTest shouldReplaceExistingArchivedFile ()V 162 <appendix> member <vmtarget> ; # fr/natsystem/projet/Step/ChecksumTaskletTest$$Lambda+0x00000000824bfc30
instanceKlass  @bci fr/natsystem/projet/Step/ChecksumTaskletTest shouldFailWhenInputDirectoryDoesNotExist ()V 114 <appendix> member <vmtarget> ; # fr/natsystem/projet/Step/ChecksumTaskletTest$$Lambda+0x00000000824bfa00
instanceKlass  @bci fr/natsystem/projet/Step/ChecksumTaskletTest shouldMoveDvfFileAndStoreChecksum ()V 211 <appendix> member <vmtarget> ; # fr/natsystem/projet/Step/ChecksumTaskletTest$$Lambda+0x00000000824bf7d0
instanceKlass  @bci fr/natsystem/projet/Step/ChecksumTaskletTest shouldMoveDvfFileAndStoreChecksum ()V 201 <appendix> member <vmtarget> ; # fr/natsystem/projet/Step/ChecksumTaskletTest$$Lambda+0x00000000824bf5a0
instanceKlass  @bci fr/natsystem/projet/Step/ChecksumTaskletTest shouldMoveDvfFileAndStoreChecksum ()V 191 <appendix> member <vmtarget> ; # fr/natsystem/projet/Step/ChecksumTaskletTest$$Lambda+0x00000000824bf370
instanceKlass  @bci fr/natsystem/projet/Step/ChecksumTaskletTest shouldMoveDvfFileAndStoreChecksum ()V 182 <appendix> member <vmtarget> ; # fr/natsystem/projet/Step/ChecksumTaskletTest$$Lambda+0x00000000824bf140
instanceKlass  @bci fr/natsystem/projet/Step/ChecksumTaskletTest shouldFailWhenInputDirectoryIsEmpty ()V 54 <appendix> member <vmtarget> ; # fr/natsystem/projet/Step/ChecksumTaskletTest$$Lambda+0x00000000824bef10
instanceKlass  @bci fr/natsystem/projet/Step/ChecksumTaskletTest shouldMoveAdresseFileAndStoreChecksum ()V 208 <appendix> member <vmtarget> ; # fr/natsystem/projet/Step/ChecksumTaskletTest$$Lambda+0x00000000824bece0
instanceKlass  @bci fr/natsystem/projet/Step/ChecksumTaskletTest shouldMoveAdresseFileAndStoreChecksum ()V 198 <appendix> member <vmtarget> ; # fr/natsystem/projet/Step/ChecksumTaskletTest$$Lambda+0x00000000824beab0
instanceKlass  @bci fr/natsystem/projet/Step/ChecksumTaskletTest shouldMoveAdresseFileAndStoreChecksum ()V 188 <appendix> member <vmtarget> ; # fr/natsystem/projet/Step/ChecksumTaskletTest$$Lambda+0x00000000824be880
instanceKlass  @bci fr/natsystem/projet/Step/ChecksumTaskletTest shouldMoveAdresseFileAndStoreChecksum ()V 179 <appendix> member <vmtarget> ; # fr/natsystem/projet/Step/ChecksumTaskletTest$$Lambda+0x00000000824be650
# instanceKlass java/lang/invoke/LambdaForm$MH+0x00000000824b9400
# instanceKlass java/lang/invoke/LambdaForm$MH+0x00000000824b9000
instanceKlass  @bci fr/natsystem/projet/Step/ChecksumTaskletTest shouldUseAdresseDestinationForUnknownJob ()V 169 <appendix> member <vmtarget> ; # fr/natsystem/projet/Step/ChecksumTaskletTest$$Lambda+0x00000000824be420
instanceKlass  @bci fr/natsystem/projet/Step/ChecksumTaskletTest shouldUseAdresseDestinationForUnknownJob ()V 160 <appendix> member <vmtarget> ; # fr/natsystem/projet/Step/ChecksumTaskletTest$$Lambda+0x00000000824be1f0
instanceKlass  @bci fr/natsystem/projet/Step/ChecksumTaskletTest shouldUseAdresseDestinationForUnknownJob ()V 150 <appendix> member <vmtarget> ; # fr/natsystem/projet/Step/ChecksumTaskletTest$$Lambda+0x00000000824bdfc0
instanceKlass  @bci fr/natsystem/projet/Step/ChecksumTaskletTest shouldUseAdresseDestinationForUnknownJob ()V 141 <appendix> member <vmtarget> ; # fr/natsystem/projet/Step/ChecksumTaskletTest$$Lambda+0x00000000824bdd90
instanceKlass  @bci fr/natsystem/projet/Step/ChecksumTaskletTest shouldFailWhenInnerJobIsNull ()V 72 <appendix> member <vmtarget> ; # fr/natsystem/projet/Step/ChecksumTaskletTest$$Lambda+0x00000000824bdb60
instanceKlass  @bci fr/natsystem/projet/Step/ChecksumTaskletTest shouldCreateSha256ChecksumWithExpectedLength ()V 137 <appendix> member <vmtarget> ; # fr/natsystem/projet/Step/ChecksumTaskletTest$$Lambda+0x00000000824bd930
instanceKlass  @bci fr/natsystem/projet/Step/ChecksumTaskletTest shouldCreateSha256ChecksumWithExpectedLength ()V 128 <appendix> member <vmtarget> ; # fr/natsystem/projet/Step/ChecksumTaskletTest$$Lambda+0x00000000824bd700
instanceKlass  @bci fr/natsystem/projet/Step/ChecksumTaskletTest shouldCreateSha256ChecksumWithExpectedLength ()V 119 <appendix> member <vmtarget> ; # fr/natsystem/projet/Step/ChecksumTaskletTest$$Lambda+0x00000000824bd4d0
instanceKlass sun/nio/fs/Cancellable
instanceKlass sun/nio/fs/WindowsFileCopy
instanceKlass  @bci fr/natsystem/projet/batch/step/ChecksumTasklet execute (Lorg/springframework/batch/core/step/StepContribution;Lorg/springframework/batch/core/scope/context/ChunkContext;)Lorg/springframework/batch/infrastructure/repeat/RepeatStatus; 66 <appendix> argL0 ; # fr/natsystem/projet/batch/step/ChecksumTasklet$$Lambda+0x00000000824bc2e8
instanceKlass net/bytebuddy/description/type/TypeDescription$Generic$Visitor$Substitutor$ForTypeVariableBinding$TypeVariableSubstitutor
instanceKlass net/bytebuddy/description/type/TypeDescription$Generic$AnnotationReader$ForWildcardLowerBoundType$AnnotatedWildcardType
# instanceKlass java/lang/invoke/LambdaForm$MH+0x00000000824b8c00
# instanceKlass java/lang/invoke/LambdaForm$MH+0x00000000824b8800
# instanceKlass java/lang/invoke/LambdaForm$MH+0x00000000824b8400
instanceKlass org/springframework/batch/infrastructure/repeat/context/SynchronizedAttributeAccessor
# instanceKlass java/lang/invoke/LambdaForm$MH+0x00000000824b8000
# instanceKlass java/lang/invoke/LambdaForm$MH+0x00000000824b5400
instanceKlass  @bci fr/natsystem/projet/Model/AdresseValidatorTest shouldAcceptValidMetropolitanInseeCode ()V 31 <appendix> member <vmtarget> ; # fr/natsystem/projet/Model/AdresseValidatorTest$$Lambda+0x00000000824b5a30
instanceKlass  @bci fr/natsystem/projet/Model/AdresseValidatorTest shouldAcceptValidCorsicanInseeCode ()V 33 <appendix> member <vmtarget> ; # fr/natsystem/projet/Model/AdresseValidatorTest$$Lambda+0x00000000824b5800
instanceKlass  @bci fr/natsystem/projet/Model/AdresseValidatorTest shouldUseLowercaseInseeCodeWhenCheckingId ()V 33 <appendix> member <vmtarget> ; # fr/natsystem/projet/Model/AdresseValidatorTest$$Lambda+0x00000000824b7c50
instanceKlass  @bci fr/natsystem/projet/Model/AdresseValidatorTest shouldThrowValidationExceptionWhenInseeCodeIsInvalid ()V 35 <appendix> member <vmtarget> ; # fr/natsystem/projet/Model/AdresseValidatorTest$$Lambda+0x00000000824b7a20
instanceKlass  @bci fr/natsystem/projet/Model/AdresseValidatorTest shouldThrowValidationExceptionWhenInseeCodeIsTooShort ()V 35 <appendix> member <vmtarget> ; # fr/natsystem/projet/Model/AdresseValidatorTest$$Lambda+0x00000000824b77f0
instanceKlass org/junit/jupiter/api/AssertDoesNotThrow
instanceKlass  @bci fr/natsystem/projet/Model/AdresseValidatorTest shouldAcceptValidOverseasInseeCode ()V 33 <appendix> member <vmtarget> ; # fr/natsystem/projet/Model/AdresseValidatorTest$$Lambda+0x00000000824b73b0
instanceKlass  @bci fr/natsystem/projet/Model/AdresseValidatorTest shouldThrowValidationExceptionWhenIdDoesNotStartWithInseeCode ()V 35 <appendix> member <vmtarget> ; # fr/natsystem/projet/Model/AdresseValidatorTest$$Lambda+0x00000000824b7180
instanceKlass  @bci fr/natsystem/projet/Mapper/AdresseFieldSetMapperTest shouldMapAllFieldsToAdresse ()V 972 <appendix> member <vmtarget> ; # fr/natsystem/projet/Mapper/AdresseFieldSetMapperTest$$Lambda+0x00000000824b6f50
instanceKlass  @bci fr/natsystem/projet/Mapper/AdresseFieldSetMapperTest shouldMapAllFieldsToAdresse ()V 962 <appendix> member <vmtarget> ; # fr/natsystem/projet/Mapper/AdresseFieldSetMapperTest$$Lambda+0x00000000824b6d20
instanceKlass  @bci fr/natsystem/projet/Mapper/AdresseFieldSetMapperTest shouldMapAllFieldsToAdresse ()V 952 <appendix> member <vmtarget> ; # fr/natsystem/projet/Mapper/AdresseFieldSetMapperTest$$Lambda+0x00000000824b6af0
instanceKlass  @bci fr/natsystem/projet/Mapper/AdresseFieldSetMapperTest shouldMapAllFieldsToAdresse ()V 942 <appendix> member <vmtarget> ; # fr/natsystem/projet/Mapper/AdresseFieldSetMapperTest$$Lambda+0x00000000824b68c0
instanceKlass  @bci fr/natsystem/projet/Mapper/AdresseFieldSetMapperTest shouldMapAllFieldsToAdresse ()V 932 <appendix> member <vmtarget> ; # fr/natsystem/projet/Mapper/AdresseFieldSetMapperTest$$Lambda+0x00000000824b6690
instanceKlass  @bci fr/natsystem/projet/Mapper/AdresseFieldSetMapperTest shouldMapAllFieldsToAdresse ()V 922 <appendix> member <vmtarget> ; # fr/natsystem/projet/Mapper/AdresseFieldSetMapperTest$$Lambda+0x00000000824b6460
instanceKlass  @bci fr/natsystem/projet/Mapper/AdresseFieldSetMapperTest shouldMapAllFieldsToAdresse ()V 912 <appendix> member <vmtarget> ; # fr/natsystem/projet/Mapper/AdresseFieldSetMapperTest$$Lambda+0x00000000824b6230
instanceKlass  @bci fr/natsystem/projet/Mapper/AdresseFieldSetMapperTest shouldMapAllFieldsToAdresse ()V 902 <appendix> member <vmtarget> ; # fr/natsystem/projet/Mapper/AdresseFieldSetMapperTest$$Lambda+0x00000000824b6000
instanceKlass  @bci fr/natsystem/projet/Mapper/AdresseFieldSetMapperTest shouldMapAllFieldsToAdresse ()V 892 <appendix> member <vmtarget> ; # fr/natsystem/projet/Mapper/AdresseFieldSetMapperTest$$Lambda+0x00000000824b3d58
instanceKlass  @bci fr/natsystem/projet/Mapper/AdresseFieldSetMapperTest shouldMapAllFieldsToAdresse ()V 882 <appendix> member <vmtarget> ; # fr/natsystem/projet/Mapper/AdresseFieldSetMapperTest$$Lambda+0x00000000824b3b28
instanceKlass  @bci fr/natsystem/projet/Mapper/AdresseFieldSetMapperTest shouldMapAllFieldsToAdresse ()V 872 <appendix> member <vmtarget> ; # fr/natsystem/projet/Mapper/AdresseFieldSetMapperTest$$Lambda+0x00000000824b38f8
instanceKlass  @bci fr/natsystem/projet/Mapper/AdresseFieldSetMapperTest shouldMapAllFieldsToAdresse ()V 862 <appendix> member <vmtarget> ; # fr/natsystem/projet/Mapper/AdresseFieldSetMapperTest$$Lambda+0x00000000824b36c8
instanceKlass  @bci fr/natsystem/projet/Mapper/AdresseFieldSetMapperTest shouldMapAllFieldsToAdresse ()V 852 <appendix> member <vmtarget> ; # fr/natsystem/projet/Mapper/AdresseFieldSetMapperTest$$Lambda+0x00000000824b3498
instanceKlass  @bci fr/natsystem/projet/Mapper/AdresseFieldSetMapperTest shouldMapAllFieldsToAdresse ()V 842 <appendix> member <vmtarget> ; # fr/natsystem/projet/Mapper/AdresseFieldSetMapperTest$$Lambda+0x00000000824b3268
instanceKlass  @bci fr/natsystem/projet/Mapper/AdresseFieldSetMapperTest shouldMapAllFieldsToAdresse ()V 832 <appendix> member <vmtarget> ; # fr/natsystem/projet/Mapper/AdresseFieldSetMapperTest$$Lambda+0x00000000824b3038
instanceKlass  @bci fr/natsystem/projet/Mapper/AdresseFieldSetMapperTest shouldMapAllFieldsToAdresse ()V 822 <appendix> member <vmtarget> ; # fr/natsystem/projet/Mapper/AdresseFieldSetMapperTest$$Lambda+0x00000000824b2e08
instanceKlass  @bci fr/natsystem/projet/Mapper/AdresseFieldSetMapperTest shouldMapAllFieldsToAdresse ()V 812 <appendix> member <vmtarget> ; # fr/natsystem/projet/Mapper/AdresseFieldSetMapperTest$$Lambda+0x00000000824b2bd8
instanceKlass  @bci fr/natsystem/projet/Mapper/AdresseFieldSetMapperTest shouldMapAllFieldsToAdresse ()V 802 <appendix> member <vmtarget> ; # fr/natsystem/projet/Mapper/AdresseFieldSetMapperTest$$Lambda+0x00000000824b29a8
instanceKlass  @bci fr/natsystem/projet/Mapper/AdresseFieldSetMapperTest shouldMapAllFieldsToAdresse ()V 793 <appendix> member <vmtarget> ; # fr/natsystem/projet/Mapper/AdresseFieldSetMapperTest$$Lambda+0x00000000824b2778
instanceKlass  @bci fr/natsystem/projet/Mapper/AdresseFieldSetMapperTest shouldMapAllFieldsToAdresse ()V 784 <appendix> member <vmtarget> ; # fr/natsystem/projet/Mapper/AdresseFieldSetMapperTest$$Lambda+0x00000000824b2548
instanceKlass  @bci fr/natsystem/projet/Mapper/AdresseFieldSetMapperTest shouldMapAllFieldsToAdresse ()V 775 <appendix> member <vmtarget> ; # fr/natsystem/projet/Mapper/AdresseFieldSetMapperTest$$Lambda+0x00000000824b2318
instanceKlass  @bci fr/natsystem/projet/Mapper/AdresseFieldSetMapperTest shouldMapAllFieldsToAdresse ()V 766 <appendix> member <vmtarget> ; # fr/natsystem/projet/Mapper/AdresseFieldSetMapperTest$$Lambda+0x00000000824b20e8
instanceKlass  @bci fr/natsystem/projet/Mapper/AdresseFieldSetMapperTest shouldMapAllFieldsToAdresse ()V 757 <appendix> member <vmtarget> ; # fr/natsystem/projet/Mapper/AdresseFieldSetMapperTest$$Lambda+0x00000000824b1eb8
instanceKlass org/springframework/batch/infrastructure/item/file/transform/FieldSet$MockitoMock$DuWxLoIi$auxiliary$CJIw1EJv
instanceKlass org/springframework/batch/infrastructure/item/file/transform/FieldSet$MockitoMock$DuWxLoIi$auxiliary$QzY8kEnF
instanceKlass org/springframework/batch/infrastructure/item/file/transform/FieldSet$MockitoMock$DuWxLoIi
# instanceKlass java/lang/invoke/LambdaForm$MH+0x00000000824b5000
# instanceKlass java/lang/invoke/LambdaForm$MH+0x00000000824b4c00
# instanceKlass java/lang/invoke/LambdaForm$MH+0x00000000824b4800
# instanceKlass java/lang/invoke/LambdaForm$MH+0x00000000824b4400
# instanceKlass java/lang/invoke/LambdaForm$MH+0x00000000824b4000
instanceKlass ch/qos/logback/core/util/StringUtil
instanceKlass ch/qos/logback/classic/spi/EventArgUtil
instanceKlass ch/qos/logback/classic/spi/IThrowableProxy
instanceKlass ch/qos/logback/classic/spi/LoggingEvent
instanceKlass java/lang/StackTraceElement$HashedModules
instanceKlass org/mockito/internal/exceptions/stacktrace/StackTraceFilter
instanceKlass org/mockito/internal/exceptions/stacktrace/ConditionalStackTraceFilter
instanceKlass org/mockito/internal/stubbing/answers/AbstractThrowsException
instanceKlass java/util/ComparableTimSort
instanceKlass  @bci org/assertj/core/api/recursive/comparison/VisitedDualValues registeredComparisonDifferencesOf (Lorg/assertj/core/api/recursive/comparison/DualValue;)Ljava/util/Optional; 67 <appendix> argL0 ; # org/assertj/core/api/recursive/comparison/VisitedDualValues$$Lambda+0x00000000824af7f8
instanceKlass  @bci org/assertj/core/api/recursive/comparison/VisitedDualValues registeredComparisonDifferencesOf (Lorg/assertj/core/api/recursive/comparison/DualValue;)Ljava/util/Optional; 36 <appendix> member <vmtarget> ; # org/assertj/core/api/recursive/comparison/VisitedDualValues$$Lambda+0x00000000824af598
instanceKlass org/assertj/core/api/recursive/comparison/VisitedDualValues$VisitedDualValue
instanceKlass  @bci org/assertj/core/api/recursive/comparison/RecursiveComparisonConfiguration hierarchyMatchesAnyComparedTypes (Lorg/assertj/core/api/recursive/comparison/DualValue;)Z 88 <appendix> member <vmtarget> ; # org/assertj/core/api/recursive/comparison/RecursiveComparisonConfiguration$$Lambda+0x00000000824af120
instanceKlass  @bci org/assertj/core/util/introspection/Introspection findMethod (Ljava/lang/String;Ljava/lang/Object;)Ljava/lang/reflect/Method; 52 <appendix> argL0 ; # org/assertj/core/util/introspection/Introspection$$Lambda+0x00000000824aeed8
instanceKlass org/assertj/core/util/introspection/Introspection$MethodKey
instanceKlass org/assertj/core/util/introspection/Introspection
instanceKlass org/assertj/core/util/introspection/PropertyOrFieldSupport
instanceKlass  @bci org/assertj/core/api/recursive/comparison/RecursiveComparisonConfiguration getActualChildrenNodeNamesToCompare (Lorg/assertj/core/api/recursive/comparison/DualValue;)Ljava/util/Set; 222 <appendix> argL0 ; # org/assertj/core/api/recursive/comparison/RecursiveComparisonConfiguration$$Lambda+0x00000000824ae628
instanceKlass  @bci org/assertj/core/api/recursive/comparison/RecursiveComparisonConfiguration getActualChildrenNodeNamesToCompare (Lorg/assertj/core/api/recursive/comparison/DualValue;)Ljava/util/Set; 203 <appendix> argL0 ; # org/assertj/core/api/recursive/comparison/RecursiveComparisonConfiguration$$Lambda+0x00000000824ae3e0
instanceKlass  @bci org/assertj/core/api/recursive/comparison/RecursiveComparisonConfiguration getActualChildrenNodeNamesToCompare (Lorg/assertj/core/api/recursive/comparison/DualValue;)Ljava/util/Set; 184 <appendix> member <vmtarget> ; # org/assertj/core/api/recursive/comparison/RecursiveComparisonConfiguration$$Lambda+0x00000000824ae180
instanceKlass  @bci org/assertj/core/api/recursive/comparison/RecursiveComparisonConfiguration getActualChildrenNodeNamesToCompare (Lorg/assertj/core/api/recursive/comparison/DualValue;)Ljava/util/Set; 164 <appendix> member <vmtarget> ; # org/assertj/core/api/recursive/comparison/RecursiveComparisonConfiguration$$Lambda+0x00000000824adf20
instanceKlass  @bci org/assertj/core/api/recursive/comparison/RecursiveComparisonConfiguration getActualChildrenNodeNamesToCompare (Lorg/assertj/core/api/recursive/comparison/DualValue;)Ljava/util/Set; 144 <appendix> member <vmtarget> ; # org/assertj/core/api/recursive/comparison/RecursiveComparisonConfiguration$$Lambda+0x00000000824adcd0
instanceKlass  @bci org/assertj/core/api/recursive/comparison/RecursiveComparisonConfiguration getActualChildrenNodeNamesToCompare (Lorg/assertj/core/api/recursive/comparison/DualValue;)Ljava/util/Set; 123 <appendix> member <vmtarget> ; # org/assertj/core/api/recursive/comparison/RecursiveComparisonConfiguration$$Lambda+0x00000000824ada70
instanceKlass  @bci org/assertj/core/internal/Objects getFieldsNames (Ljava/lang/Class;)Ljava/util/Set; 36 <appendix> argL0 ; # org/assertj/core/internal/Objects$$Lambda+0x00000000824ad828
instanceKlass  @bci org/assertj/core/internal/Objects getDeclaredFieldsIgnoringSyntheticAndStatic (Ljava/lang/Class;)Ljava/util/Set; 55 <appendix> argL0 ; # org/assertj/core/internal/Objects$$Lambda+0x00000000824ad600
instanceKlass  @bci org/assertj/core/internal/Objects getDeclaredFieldsIgnoringSyntheticAndStatic (Ljava/lang/Class;)Ljava/util/Set; 45 <appendix> argL0 ; # org/assertj/core/internal/Objects$$Lambda+0x00000000824ad3a8
instanceKlass  @bci org/assertj/core/api/recursive/comparison/DefaultRecursiveComparisonIntrospectionStrategy getChildrenNodeNamesOf (Ljava/lang/Object;)Ljava/util/Set; 72 <appendix> argL0 ; # org/assertj/core/api/recursive/comparison/DefaultRecursiveComparisonIntrospectionStrategy$$Lambda+0x00000000824ad160
instanceKlass java/util/concurrent/atomic/AtomicLongArray
instanceKlass java/util/concurrent/atomic/AtomicIntegerArray
instanceKlass org/assertj/core/internal/RecursiveHelper
instanceKlass org/assertj/core/util/introspection/ClassUtils
instanceKlass  @bci org/assertj/core/api/recursive/comparison/FieldComparators hasComparatorForField (Ljava/lang/String;)Z 84 <appendix> member <vmtarget> ; # org/assertj/core/api/recursive/comparison/FieldComparators$$Lambda+0x00000000824acae0
instanceKlass org/assertj/core/api/recursive/comparison/ComparatorForPatterns
instanceKlass  @bci org/assertj/core/api/recursive/comparison/RecursiveComparisonConfiguration matchesAnIgnoredType (Ljava/lang/Object;)Z 97 <appendix> member <vmtarget> ; # org/assertj/core/api/recursive/comparison/RecursiveComparisonConfiguration$$Lambda+0x00000000824ac658
instanceKlass  @bci org/assertj/core/api/recursive/AbstractRecursiveOperationConfiguration matchesAnIgnoredFieldRegex (Lorg/assertj/core/api/recursive/comparison/FieldLocation;)Z 41 <appendix> member <vmtarget> ; # org/assertj/core/api/recursive/AbstractRecursiveOperationConfiguration$$Lambda+0x00000000824ac3f8
instanceKlass  @bci org/assertj/core/api/recursive/AbstractRecursiveOperationConfiguration matchesAnIgnoredField (Lorg/assertj/core/api/recursive/comparison/FieldLocation;)Z 41 <appendix> member <vmtarget> ; # org/assertj/core/api/recursive/AbstractRecursiveOperationConfiguration$$Lambda+0x00000000824ac198
instanceKlass org/assertj/core/api/recursive/comparison/RecursiveComparisonDifferenceCalculator$ComparisonState
instanceKlass org/assertj/core/api/recursive/comparison/VisitedDualValues
instanceKlass org/assertj/core/util/Sets
instanceKlass  @bci org/assertj/core/api/recursive/comparison/FieldLocation pathToUseInRules (Ljava/util/List;)Ljava/lang/String; 32 <appendix> argL0 ; # org/assertj/core/api/recursive/comparison/FieldLocation$$Lambda+0x00000000824aaff8
instanceKlass org/assertj/core/api/recursive/comparison/FieldLocation
instanceKlass  @bci org/assertj/core/api/RecursiveComparisonAssert withTypeComparators (Lorg/assertj/core/internal/TypeComparators;)Lorg/assertj/core/api/RecursiveComparisonAssert; 47 <appendix> member <vmtarget> ; # org/assertj/core/api/RecursiveComparisonAssert$$Lambda+0x00000000824aab88
instanceKlass  @bci org/assertj/core/api/RecursiveComparisonAssert withTypeComparators (Lorg/assertj/core/internal/TypeComparators;)Lorg/assertj/core/api/RecursiveComparisonAssert; 30 <appendix> argL0 ; # org/assertj/core/api/RecursiveComparisonAssert$$Lambda+0x00000000824aa940
instanceKlass  @bci org/assertj/core/api/recursive/comparison/RecursiveComparisonDifferenceCalculator describeOrderedCollectionTypes ()Ljava/lang/String; 33 <appendix> argL0 ; # org/assertj/core/api/recursive/comparison/RecursiveComparisonDifferenceCalculator$$Lambda+0x00000000824aa4d8
instanceKlass org/assertj/core/api/recursive/comparison/DualValue
instanceKlass org/assertj/core/api/recursive/comparison/RecursiveComparisonDifferenceCalculator
instanceKlass org/assertj/core/api/recursive/comparison/FieldHolder
instanceKlass org/assertj/core/util/NullSafeComparator
instanceKlass org/assertj/core/util/ClassNameComparator
instanceKlass org/assertj/core/internal/TypeHolder
instanceKlass org/assertj/core/api/recursive/comparison/DefaultRecursiveComparisonIntrospectionStrategy
instanceKlass org/assertj/core/api/recursive/AbstractRecursiveOperationConfiguration$AbstractBuilder
instanceKlass org/assertj/core/api/recursive/comparison/RecursiveComparisonIntrospectionStrategy
instanceKlass org/assertj/core/api/recursive/AbstractRecursiveOperationConfiguration
instanceKlass  @bci org/mockito/internal/junit/UnusedStubbingsFinder getUnusedStubbings (Ljava/lang/Iterable;)Lorg/mockito/internal/junit/UnusedStubbings; 33 <appendix> argL0 ; # org/mockito/internal/junit/UnusedStubbingsFinder$$Lambda+0x00000000824a7d78
instanceKlass org/mockito/internal/stubbing/UnusedStubbingReporting
instanceKlass java/util/TreeMap$TreeMapSpliterator
instanceKlass org/mockito/internal/invocation/InvocationComparator
instanceKlass org/mockito/internal/stubbing/StubbingComparator
instanceKlass org/mockito/internal/invocation/finder/AllInvocationsFinder
instanceKlass org/mockito/internal/junit/UnusedStubbings
instanceKlass org/mockito/internal/junit/UnusedStubbingsFinder
instanceKlass org/mockito/internal/junit/UniversalTestListener$1
instanceKlass org/mockito/internal/framework/DefaultMockitoSession$1
instanceKlass  @bci org/mockito/junit/jupiter/MockitoExtension afterEach (Lorg/junit/jupiter/api/extension/ExtensionContext;)V 89 <appendix> member <vmtarget> ; # org/mockito/junit/jupiter/MockitoExtension$$Lambda+0x00000000824a68c8
instanceKlass  @bci org/mockito/junit/jupiter/MockitoExtension lambda$afterEach$1 (Ljava/util/Set;)V 15 <appendix> argL0 ; # org/mockito/junit/jupiter/MockitoExtension$$Lambda+0x00000000824a6690
instanceKlass  @bci org/mockito/junit/jupiter/MockitoExtension afterEach (Lorg/junit/jupiter/api/extension/ExtensionContext;)V 48 <appendix> argL0 ; # org/mockito/junit/jupiter/MockitoExtension$$Lambda+0x00000000824a6458
instanceKlass  @bci org/junit/jupiter/engine/execution/NamespaceAwareStore remove (Ljava/lang/Object;Ljava/lang/Class;)Ljava/lang/Object; 47 <appendix> member <vmtarget> ; # org/junit/jupiter/engine/execution/NamespaceAwareStore$$Lambda+0x00000000824a6228
instanceKlass  @bci org/assertj/core/internal/Comparables assertGreaterThan (Lorg/assertj/core/api/AssertionInfo;Ljava/lang/Comparable;Ljava/lang/Object;)V 32 <appendix> argL0 ; # org/assertj/core/internal/Comparables$$Lambda+0x00000000824a6000
instanceKlass  @cpi org/assertj/core/internal/Comparables 240 form vmentry <vmtarget> ; # java/lang/invoke/LambdaForm$DMH+0x00000000824a4000
instanceKlass org/assertj/core/error/BasicErrorMessageFactory
instanceKlass org/assertj/core/util/TriFunction
instanceKlass org/junit/jupiter/api/AssertNotNull
instanceKlass org/mockito/listeners/VerificationListener
instanceKlass org/springframework/util/CollectionUtils
instanceKlass org/springframework/util/LinkedCaseInsensitiveMap
instanceKlass org/springframework/http/ResponseEntity$DefaultBuilder
instanceKlass org/springframework/util/MultiValueMapAdapter
instanceKlass org/springframework/util/MultiValueMap
instanceKlass org/springframework/http/HttpHeaders
instanceKlass org/springframework/http/HttpStatusCode
instanceKlass org/springframework/http/ResponseEntity$BodyBuilder
instanceKlass org/springframework/http/ResponseEntity$HeadersBuilder
instanceKlass org/mockito/internal/matchers/Same
instanceKlass org/mockito/internal/stubbing/StrictnessSelector
instanceKlass org/mockito/internal/listeners/StubbingLookupNotifier$Event
instanceKlass  @bci org/mockito/internal/configuration/InjectingAnnotationEngine process (Ljava/lang/Class;Ljava/lang/Object;)Ljava/lang/AutoCloseable; 76 <appendix> member <vmtarget> ; # org/mockito/internal/configuration/InjectingAnnotationEngine$$Lambda+0x000000008249d460
instanceKlass  @bci org/mockito/internal/configuration/InjectingAnnotationEngine injectCloseableMocks (Ljava/lang/Object;)Ljava/lang/AutoCloseable; 207 <appendix> member <vmtarget> ; # org/mockito/internal/configuration/InjectingAnnotationEngine$$Lambda+0x000000008249d230
instanceKlass org/mockito/internal/configuration/injection/filter/TerminalMockCandidateFilter
instanceKlass org/mockito/internal/configuration/injection/filter/NameBasedCandidateFilter
instanceKlass org/mockito/internal/configuration/injection/filter/TypeBasedCandidateFilter
instanceKlass org/mockito/internal/configuration/injection/filter/MockCandidateFilter
instanceKlass org/mockito/internal/util/reflection/FieldInitializer$ConstructorArgumentResolver
instanceKlass org/mockito/internal/configuration/injection/MockInjectionStrategy
instanceKlass org/mockito/internal/configuration/injection/MockInjection$OngoingMockInjection
instanceKlass org/mockito/internal/configuration/injection/MockInjection
instanceKlass org/mockito/internal/configuration/DefaultInjectionEngine
instanceKlass org/mockito/internal/util/collections/HashCodeAndEqualsSafeSet$1
instanceKlass org/mockito/internal/util/collections/HashCodeAndEqualsMockWrapper
instanceKlass org/mockito/internal/util/reflection/FieldReader
instanceKlass org/mockito/internal/configuration/injection/scanner/MockScanner
instanceKlass org/mockito/InjectMocks
instanceKlass org/mockito/internal/configuration/injection/scanner/InjectMocksScanner
instanceKlass org/mockito/internal/util/collections/HashCodeAndEqualsSafeSet
instanceKlass org/mockito/internal/util/collections/Sets
instanceKlass org/mockito/plugins/AnnotationEngine$NoAction
instanceKlass org/mockito/Spy
instanceKlass  @bci org/mockito/internal/configuration/IndependentAnnotationEngine process (Ljava/lang/Class;Ljava/lang/Object;)Ljava/lang/AutoCloseable; 490 <appendix> member <vmtarget> ; # org/mockito/internal/configuration/IndependentAnnotationEngine$$Lambda+0x000000008249ab78
instanceKlass org/springframework/batch/core/job/Job$MockitoMock$piK120Vq$auxiliary$wK9BHzmi
instanceKlass org/springframework/batch/core/job/Job$MockitoMock$piK120Vq$auxiliary$c8szpkc8
instanceKlass org/springframework/batch/core/job/Job$MockitoMock$piK120Vq
instanceKlass org/springframework/batch/core/job/parameters/JobParametersIncrementer
instanceKlass org/springframework/batch/core/job/parameters/JobParametersValidator
instanceKlass org/springframework/batch/core/repository/JobRepository$MockitoMock$RBsJ848V$auxiliary$ANgnSMJw
instanceKlass org/springframework/batch/core/repository/JobRepository$MockitoMock$RBsJ848V$auxiliary$Oh56bGpR
instanceKlass org/springframework/batch/core/repository/JobRepository$MockitoMock$RBsJ848V
# instanceKlass java/lang/invoke/LambdaForm$MH+0x000000008249c800
# instanceKlass java/lang/invoke/LambdaForm$MH+0x000000008249c400
# instanceKlass java/lang/invoke/LambdaForm$MH+0x000000008249c000
instanceKlass org/springframework/batch/core/launch/JobOperator$MockitoMock$btjQRJcl$auxiliary$B6nCttqF
instanceKlass org/springframework/batch/core/launch/JobOperator$MockitoMock$btjQRJcl$auxiliary$FzuR5EGK
instanceKlass org/springframework/batch/core/launch/JobOperator$MockitoMock$btjQRJcl
instanceKlass net/bytebuddy/implementation/bytecode/ByteCodeAppender$Compound
instanceKlass net/bytebuddy/dynamic/scaffold/TypeInitializer$Simple
instanceKlass net/bytebuddy/implementation/bytecode/ByteCodeAppender$Simple
instanceKlass net/bytebuddy/implementation/attribute/AnnotationAppender$1
instanceKlass net/bytebuddy/implementation/attribute/AnnotationAppender$Target$OnMethodParameter
instanceKlass net/bytebuddy/implementation/auxiliary/MethodCallProxy$ConstructorCall$Appender
instanceKlass net/bytebuddy/implementation/auxiliary/MethodCallProxy$MethodCall$Appender
instanceKlass net/bytebuddy/implementation/auxiliary/MethodCallProxy$MethodCall
instanceKlass net/bytebuddy/implementation/auxiliary/MethodCallProxy
instanceKlass net/bytebuddy/implementation/Implementation$Context$Default$FieldCacheEntry
instanceKlass net/bytebuddy/implementation/bind/MethodDelegationBinder$1
instanceKlass net/bytebuddy/implementation/auxiliary/AuxiliaryType
instanceKlass net/bytebuddy/implementation/bytecode/constant/MethodConstant$CachedMethod
instanceKlass net/bytebuddy/implementation/bytecode/member/FieldAccess$AccessDispatcher
instanceKlass net/bytebuddy/implementation/bytecode/member/FieldAccess$Defined
instanceKlass net/bytebuddy/dynamic/scaffold/FieldLocator$Resolution$Simple
instanceKlass net/bytebuddy/description/type/TypeDefinition$SuperClassIterator
instanceKlass net/bytebuddy/implementation/attribute/AnnotationAppender$Target$OnMethod
instanceKlass net/bytebuddy/implementation/bind/MethodDelegationBinder$MethodBinding$Builder$Build
instanceKlass net/bytebuddy/implementation/bind/MethodDelegationBinder$ParameterBinding$Unique
instanceKlass net/bytebuddy/implementation/bind/ArgumentTypeResolver$ParameterIndexToken
instanceKlass net/bytebuddy/description/annotation/AnnotationValue$Loaded$AbstractBase
instanceKlass net/bytebuddy/implementation/bind/MethodDelegationBinder$ParameterBinding$Anonymous
instanceKlass net/bytebuddy/implementation/bind/MethodDelegationBinder$MethodBinding$Builder
instanceKlass net/bytebuddy/implementation/attribute/AnnotationAppender$Target$OnField
instanceKlass net/bytebuddy/dynamic/scaffold/TypeWriter$FieldPool$Record$ForExplicitField
instanceKlass net/bytebuddy/description/field/FieldDescription$SignatureToken
instanceKlass net/bytebuddy/dynamic/scaffold/FieldRegistry$Default$Compiled$Entry
instanceKlass net/bytebuddy/dynamic/scaffold/FieldLocator$Resolution
instanceKlass net/bytebuddy/implementation/FieldAccessor$FieldLocation$Relative$Prepared
instanceKlass net/bytebuddy/implementation/FieldAccessor$ForImplicitProperty$Appender
instanceKlass net/bytebuddy/implementation/attribute/MethodAttributeAppender$Compound
instanceKlass net/bytebuddy/implementation/bind/MethodDelegationBinder$Processor
instanceKlass net/bytebuddy/implementation/MethodDelegation$Appender
instanceKlass net/bytebuddy/implementation/bind/MethodDelegationBinder$MethodInvoker
instanceKlass net/bytebuddy/implementation/MethodDelegation$ImplementationDelegate$Compiled$ForStaticCall
instanceKlass net/bytebuddy/description/type/TypeDescription$Generic$Visitor$Reducing
instanceKlass net/bytebuddy/matcher/LatentMatcher$ForMethodToken
instanceKlass net/bytebuddy/dynamic/loading/ClassInjector$UsingLookup$MethodHandles$Lookup
instanceKlass net/bytebuddy/dynamic/loading/ClassInjector$UsingLookup$MethodHandles
instanceKlass net/bytebuddy/dynamic/loading/ClassInjector$AbstractBase
instanceKlass net/bytebuddy/dynamic/loading/ClassInjector
instanceKlass net/bytebuddy/dynamic/loading/ClassLoadingStrategy$UsingLookup
# instanceKlass java/lang/invoke/LambdaForm$MH+0x0000000082488400
# instanceKlass java/lang/invoke/LambdaForm$MH+0x0000000082488000
instanceKlass net/bytebuddy/dynamic/DynamicType$Builder$MethodDefinition$ParameterDefinition$Simple$Annotatable
instanceKlass net/bytebuddy/dynamic/DynamicType$Builder$MethodDefinition$ParameterDefinition$Annotatable
instanceKlass net/bytebuddy/dynamic/DynamicType$Builder$MethodDefinition$TypeVariableDefinition$Annotatable
instanceKlass net/bytebuddy/implementation/FieldAccessor$FieldLocation$Prepared
instanceKlass net/bytebuddy/implementation/FieldAccessor$FieldLocation$Relative
instanceKlass net/bytebuddy/implementation/FieldAccessor$FieldNameExtractor
instanceKlass net/bytebuddy/implementation/FieldAccessor$OwnerTypeLocatable
instanceKlass net/bytebuddy/implementation/FieldAccessor$AssignerConfigurable
instanceKlass net/bytebuddy/implementation/FieldAccessor$PropertyConfigurable
instanceKlass net/bytebuddy/implementation/FieldAccessor$FieldLocation
instanceKlass net/bytebuddy/implementation/FieldAccessor
instanceKlass net/bytebuddy/dynamic/scaffold/FieldRegistry$Default$Entry
instanceKlass net/bytebuddy/matcher/LatentMatcher$ForFieldToken
instanceKlass net/bytebuddy/implementation/attribute/FieldAttributeAppender
instanceKlass net/bytebuddy/implementation/attribute/FieldAttributeAppender$Factory
instanceKlass net/bytebuddy/implementation/attribute/MethodAttributeAppender$Factory$Compound
instanceKlass net/bytebuddy/dynamic/Transformer$Compound
instanceKlass net/bytebuddy/dynamic/Transformer$ForMethod$MethodModifierTransformer
instanceKlass net/bytebuddy/dynamic/Transformer$ForMethod
instanceKlass net/bytebuddy/matcher/LatentMatcher$Disjunction
# instanceKlass java/lang/invoke/LambdaForm$MH+0x000000008247cc00
# instanceKlass java/lang/invoke/LambdaForm$MH+0x000000008247c800
# instanceKlass java/lang/invoke/LambdaForm$MH+0x000000008247c400
instanceKlass  @cpi org/springframework/core/OrderComparator 50 form vmentry <vmtarget> ; # java/lang/invoke/LambdaForm$DMH+0x000000008247c000
instanceKlass net/bytebuddy/dynamic/loading/MultipleParentClassLoader$Builder
instanceKlass sun/reflect/generics/tree/LongSignature
instanceKlass  @bci org/mockito/internal/creation/bytebuddy/InlineBytecodeGenerator checkSupportedCombination (ZLorg/mockito/internal/creation/bytebuddy/MockFeatures;)V 247 <appendix> member <vmtarget> ; # org/mockito/internal/creation/bytebuddy/InlineBytecodeGenerator$$Lambda+0x0000000082476008
instanceKlass org/mockito/internal/creation/bytebuddy/TypeSupport
instanceKlass org/jspecify/annotations/NullUnmarked
instanceKlass  @bci org/mockito/internal/configuration/MockAnnotationProcessor process (Lorg/mockito/Mock;Ljava/lang/reflect/Field;)Ljava/lang/Object; 31 <appendix> member <vmtarget> ; # org/mockito/internal/configuration/MockAnnotationProcessor$$Lambda+0x0000000082475758
instanceKlass org/mockito/internal/util/Supplier
instanceKlass org/mockito/MockitoAnnotations
instanceKlass org/mockito/internal/framework/DefaultMockitoFramework
instanceKlass org/mockito/internal/junit/DefaultStubbingLookupListener
instanceKlass org/mockito/listeners/StubbingLookupListener
instanceKlass org/mockito/internal/junit/UniversalTestListener
instanceKlass org/mockito/internal/listeners/AutoCleanableListener
instanceKlass org/mockito/internal/junit/MockitoTestListener
instanceKlass org/mockito/listeners/MockCreationListener
instanceKlass org/mockito/internal/junit/TestFinishedEvent
instanceKlass org/mockito/listeners/MockitoListener
instanceKlass org/mockito/internal/framework/DefaultMockitoSession
instanceKlass org/mockito/internal/session/MockitoLoggerAdapter
instanceKlass org/mockito/internal/session/MockitoSessionLoggerAdapter
instanceKlass org/mockito/MockitoSession
instanceKlass org/mockito/internal/session/DefaultMockitoSessionBuilder
instanceKlass  @bci org/mockito/junit/jupiter/MockitoExtension beforeEach (Lorg/junit/jupiter/api/extension/ExtensionContext;)V 47 <appendix> argL0 ; # org/mockito/junit/jupiter/MockitoExtension$$Lambda+0x0000000082472f88
instanceKlass org/mockito/junit/jupiter/MockitoSettings
instanceKlass org/mockito/junit/jupiter/resolver/CaptorParameterResolver
instanceKlass org/mockito/junit/jupiter/resolver/MockParameterResolver
instanceKlass org/mockito/junit/jupiter/resolver/CompositeParameterResolver
instanceKlass org/mockito/session/MockitoSessionLogger
instanceKlass  @bci org/junit/platform/commons/util/ReflectionUtils newInstance (Ljava/lang/Class;[Ljava/lang/Object;)Ljava/lang/Object; 79 <appendix> argL0 ; # org/junit/platform/commons/util/ReflectionUtils$$Lambda+0x00000000824710e8
instanceKlass  @bci org/junit/platform/commons/util/ReflectionUtils newInstance (Ljava/lang/Class;[Ljava/lang/Object;)Ljava/lang/Object; 69 <appendix> argL0 ; # org/junit/platform/commons/util/ReflectionUtils$$Lambda+0x0000000082470ea0
instanceKlass  @bci fr/natsystem/projet/Repository/AdresseRepositorySqliteTest shouldSearchWithoutOptionalCriteria ()V 330 <appendix> member <vmtarget> ; # fr/natsystem/projet/Repository/AdresseRepositorySqliteTest$$Lambda+0x0000000082470c70
instanceKlass  @bci fr/natsystem/projet/Repository/AdresseRepositorySqliteTest shouldSearchWithoutOptionalCriteria ()V 320 <appendix> member <vmtarget> ; # fr/natsystem/projet/Repository/AdresseRepositorySqliteTest$$Lambda+0x0000000082470a40
instanceKlass  @bci fr/natsystem/projet/Repository/AdresseRepositorySqliteTest shouldSearchWithoutOptionalCriteria ()V 310 <appendix> member <vmtarget> ; # fr/natsystem/projet/Repository/AdresseRepositorySqliteTest$$Lambda+0x0000000082470810
instanceKlass  @bci fr/natsystem/projet/Repository/AdresseRepositorySqliteTest shouldSearchWithoutOptionalCriteria ()V 300 <appendix> member <vmtarget> ; # fr/natsystem/projet/Repository/AdresseRepositorySqliteTest$$Lambda+0x00000000824705e0
instanceKlass  @bci fr/natsystem/projet/Repository/AdresseRepositorySqliteTest shouldSearchWithoutOptionalCriteria ()V 287 <appendix> member <vmtarget> ; # fr/natsystem/projet/Repository/AdresseRepositorySqliteTest$$Lambda+0x00000000824703b0
instanceKlass org/assertj/core/internal/CommonValidations
instanceKlass  @bci fr/natsystem/projet/Repository/AdresseRepositorySqliteTest shouldSearchWithAllCriteria ()V 303 <appendix> member <vmtarget> ; # fr/natsystem/projet/Repository/AdresseRepositorySqliteTest$$Lambda+0x000000008246b8d8
instanceKlass  @bci fr/natsystem/projet/Repository/AdresseRepositorySqliteTest shouldSearchWithAllCriteria ()V 293 <appendix> member <vmtarget> ; # fr/natsystem/projet/Repository/AdresseRepositorySqliteTest$$Lambda+0x000000008246b6a8
instanceKlass  @bci fr/natsystem/projet/Repository/AdresseRepositorySqliteTest shouldSearchWithAllCriteria ()V 283 <appendix> member <vmtarget> ; # fr/natsystem/projet/Repository/AdresseRepositorySqliteTest$$Lambda+0x000000008246b478
instanceKlass  @bci fr/natsystem/projet/Repository/AdresseRepositorySqliteTest shouldSearchWithAllCriteria ()V 273 <appendix> member <vmtarget> ; # fr/natsystem/projet/Repository/AdresseRepositorySqliteTest$$Lambda+0x000000008246b248
instanceKlass  @bci fr/natsystem/projet/Repository/AdresseRepositorySqliteTest shouldSearchWithAllCriteria ()V 262 <appendix> member <vmtarget> ; # fr/natsystem/projet/Repository/AdresseRepositorySqliteTest$$Lambda+0x000000008241bc68
# instanceKlass java/lang/invoke/LambdaForm$DMH+0x000000008246f000
# instanceKlass java/lang/invoke/LambdaForm$MH+0x000000008246e400
# instanceKlass java/lang/invoke/LambdaForm$BMH+0x000000008246e000
# instanceKlass java/lang/invoke/LambdaForm$DMH+0x000000008246dc00
# instanceKlass java/lang/invoke/LambdaForm$DMH+0x000000008246d800
instanceKlass net/bytebuddy/dynamic/scaffold/TypeWriter$RecordComponentPool$Record$ForImplicitRecordComponent
instanceKlass net/bytebuddy/description/type/RecordComponentDescription$ForLoadedRecordComponent$RecordComponent
instanceKlass net/bytebuddy/description/type/RecordComponentDescription$AbstractBase
instanceKlass  @bci fr/natsystem/projet/repository/AdresseRepositorySqlite autoComplete (Ljava/lang/String;)Ljava/util/List; 88 <appendix> argL0 ; # fr/natsystem/projet/repository/AdresseRepositorySqlite$$Lambda+0x00000000824669c0
instanceKlass  @bci fr/natsystem/projet/repository/AdresseRepositorySqlite autoComplete (Ljava/lang/String;)Ljava/util/List; 70 <appendix> argL0 ; # fr/natsystem/projet/repository/AdresseRepositorySqlite$$Lambda+0x0000000082466768
instanceKlass  @bci java/util/regex/CharPredicates category (I)Ljava/util/regex/Pattern$CharPredicate; 1 <appendix> member <vmtarget> ; # java/util/regex/CharPredicates$$Lambda+0x000000008234bba0
instanceKlass org/assertj/core/util/IterableUtil
instanceKlass org/assertj/core/internal/Lists
instanceKlass  @bci org/assertj/core/api/ListAssert <init> (Ljava/util/List;)V 29 <appendix> argL0 ; # org/assertj/core/api/ListAssert$$Lambda+0x00000000824660c0
instanceKlass  @bci org/assertj/core/internal/StandardComparisonStrategy iterableContains (Ljava/lang/Iterable;Ljava/lang/Object;)Z 76 <appendix> member <vmtarget> ; # org/assertj/core/internal/StandardComparisonStrategy$$Lambda+0x0000000082465e60
instanceKlass  @bci org/assertj/core/internal/IterableDiff isActualElementInExpected (Ljava/lang/Object;Ljava/util/List;)Z 34 <appendix> member <vmtarget> ; # org/assertj/core/internal/IterableDiff$$Lambda+0x0000000082465c00
instanceKlass  @bci org/assertj/core/util/Lists newArrayList (Ljava/lang/Iterable;)Ljava/util/ArrayList; 74 <appendix> argL0 ; # org/assertj/core/util/Lists$$Lambda+0x00000000824659d8
instanceKlass org/assertj/core/internal/IterableDiff
instanceKlass org/assertj/core/util/Preconditions
instanceKlass org/assertj/core/internal/Arrays
instanceKlass org/assertj/core/internal/ObjectArrays
instanceKlass  @bci org/assertj/core/internal/Strings assertDoesNotContain (Lorg/assertj/core/api/AssertionInfo;Ljava/lang/CharSequence;[Ljava/lang/CharSequence;)V 61 <appendix> argL0 ; # org/assertj/core/internal/Strings$$Lambda+0x0000000082462980
instanceKlass  @bci org/assertj/core/internal/Strings assertDoesNotContain (Lorg/assertj/core/api/AssertionInfo;Ljava/lang/CharSequence;[Ljava/lang/CharSequence;)V 51 <appendix> member <vmtarget> ; # org/assertj/core/internal/Strings$$Lambda+0x0000000082462720
instanceKlass  @bci org/assertj/core/internal/Strings assertContains (Lorg/assertj/core/api/AssertionInfo;Ljava/lang/CharSequence;[Ljava/lang/CharSequence;)V 59 <appendix> argL0 ; # org/assertj/core/internal/Strings$$Lambda+0x00000000824624f8
instanceKlass  @bci org/assertj/core/internal/Strings assertContains (Lorg/assertj/core/api/AssertionInfo;Ljava/lang/CharSequence;[Ljava/lang/CharSequence;)V 49 <appendix> member <vmtarget> ; # org/assertj/core/internal/Strings$$Lambda+0x0000000082462298
instanceKlass org/assertj/core/internal/Strings
instanceKlass org/mockito/internal/verification/VerificationEventImpl
instanceKlass org/mockito/internal/invocation/InvocationMarker
instanceKlass org/mockito/internal/verification/checkers/NumberOfInvocationsChecker
instanceKlass  @bci org/mockito/internal/invocation/InvocationsFinder findInvocations (Ljava/util/List;Lorg/mockito/invocation/MatchableInvocation;)Ljava/util/List; 25 <appendix> member <vmtarget> ; # org/mockito/internal/invocation/InvocationsFinder$$Lambda+0x00000000824615c8
instanceKlass org/mockito/internal/invocation/InvocationsFinder
instanceKlass org/mockito/internal/verification/checkers/MissingInvocationChecker
instanceKlass  @bci org/mockito/internal/verification/DefaultRegisteredInvocations getAll ()Ljava/util/List; 75 <appendix> argL0 ; # org/mockito/internal/verification/DefaultRegisteredInvocations$$Lambda+0x0000000082460ce0
instanceKlass java/util/LinkedList$LLSpliterator
instanceKlass org/mockito/internal/verification/VerificationDataImpl
instanceKlass org/mockito/internal/debugging/Localized
instanceKlass org/mockito/verification/VerificationEvent
instanceKlass org/mockito/internal/verification/MockAwareVerificationMode
instanceKlass org/mockito/listeners/VerificationStartedEvent
instanceKlass org/mockito/internal/listeners/VerificationStartedNotifier
instanceKlass org/mockito/internal/util/DefaultMockingDetails
instanceKlass org/mockito/internal/verification/Times
instanceKlass org/mockito/internal/verification/api/VerificationInOrderMode
instanceKlass org/mockito/internal/verification/VerificationModeFactory
instanceKlass org/mockito/internal/matchers/CapturingMatcher
instanceKlass org/assertj/core/internal/WholeNumbers
instanceKlass org/assertj/core/internal/Comparables
instanceKlass org/assertj/core/internal/Predicates
instanceKlass org/assertj/core/internal/Iterables
instanceKlass org/assertj/core/presentation/StandardRepresentation
instanceKlass  @bci org/assertj/core/presentation/CompositeRepresentation <init> (Ljava/util/List;)V 84 <appendix> argL0 ; # org/assertj/core/presentation/CompositeRepresentation$$Lambda+0x000000008245dec8
instanceKlass org/assertj/core/presentation/CompositeRepresentation
instanceKlass  @bci org/assertj/core/util/Lists newArrayList (Ljava/util/Iterator;)Ljava/util/ArrayList; 74 <appendix> argL0 ; # org/assertj/core/util/Lists$$Lambda+0x000000008245da40
instanceKlass org/assertj/core/util/Streams
instanceKlass org/assertj/core/util/Lists
instanceKlass org/assertj/core/configuration/Services
instanceKlass org/assertj/core/configuration/Configuration
instanceKlass org/assertj/core/presentation/Representation
instanceKlass org/assertj/core/api/WritableAssertionInfo
instanceKlass org/assertj/core/internal/Conditions
instanceKlass org/assertj/core/error/GroupTypeDescription
instanceKlass org/assertj/core/error/ConstructorInvoker
instanceKlass org/assertj/core/util/Arrays
instanceKlass org/assertj/core/error/AssertionErrorCreator
instanceKlass org/assertj/core/internal/Failures
instanceKlass org/assertj/core/util/introspection/PropertySupport
instanceKlass org/assertj/core/internal/AbstractComparisonStrategy
instanceKlass org/assertj/core/error/ErrorMessageFactory
instanceKlass org/assertj/core/internal/Objects
instanceKlass  @bci org/assertj/core/api/IterableAssert <init> (Ljava/lang/Iterable;)V 29 <appendix> argL0 ; # org/assertj/core/api/IterableAssert$$Lambda+0x000000008245a190
instanceKlass org/assertj/core/api/AssertFactory
instanceKlass org/assertj/core/api/IndexedObjectEnumerableAssert
instanceKlass org/assertj/core/internal/ComparisonStrategy
instanceKlass org/assertj/core/api/AssertionInfo
instanceKlass org/assertj/core/description/Description
instanceKlass org/assertj/core/api/ObjectEnumerableAssert
instanceKlass org/assertj/core/api/FloatingPointNumberAssert
instanceKlass org/assertj/core/api/EnumerableAssert
instanceKlass org/assertj/core/api/ArraySortedAssert
instanceKlass org/assertj/core/api/AssertionsForClassTypes
instanceKlass org/assertj/core/configuration/ConfigurationProvider
instanceKlass org/assertj/core/data/TemporalUnitOffset
instanceKlass org/assertj/core/data/TemporalOffset
instanceKlass org/assertj/core/api/AbstractAssert
instanceKlass org/assertj/core/api/Assert
instanceKlass org/assertj/core/api/ExtensionPoints
instanceKlass org/assertj/core/api/Descriptable
instanceKlass org/assertj/core/api/ComparableAssert
instanceKlass org/assertj/core/api/NumberAssert
instanceKlass org/assertj/core/api/Assertions
instanceKlass org/assertj/core/api/InstanceOfAssertFactories
instanceKlass  @bci org/springframework/data/domain/PageImpl <init> (Ljava/util/List;Lorg/springframework/data/domain/Pageable;J)V 63 <appendix> member <vmtarget> ; # org/springframework/data/domain/PageImpl$$Lambda+0x0000000082415f40
instanceKlass  @bci org/springframework/data/domain/PageImpl <init> (Ljava/util/List;Lorg/springframework/data/domain/Pageable;J)V 46 <appendix> member <vmtarget> ; # org/springframework/data/domain/PageImpl$$Lambda+0x0000000082415ce8
instanceKlass  @cpi org/springframework/data/domain/PageImpl 78 form vmentry <vmtarget> ; # java/lang/invoke/LambdaForm$DMH+0x0000000082418000
instanceKlass  @bci org/springframework/data/domain/PageImpl <init> (Ljava/util/List;Lorg/springframework/data/domain/Pageable;J)V 37 <appendix> member <vmtarget> ; # org/springframework/data/domain/PageImpl$$Lambda+0x0000000082415a88
instanceKlass org/springframework/data/domain/Chunk
instanceKlass org/mockito/internal/matchers/CapturesArguments
instanceKlass org/mockito/internal/matchers/Equality
instanceKlass  @bci org/mockito/internal/invocation/TypeSafeMatching getArgumentType (Lorg/mockito/ArgumentMatcher;)Ljava/lang/Class; 99 <appendix> member <vmtarget> ; # org/mockito/internal/invocation/TypeSafeMatching$$Lambda+0x0000000082414a68
instanceKlass  @bci org/mockito/internal/invocation/MatcherApplicationStrategy forEachMatcherAndArgument (Lorg/mockito/internal/invocation/ArgumentMatcherAction;)Z 199 <appendix> member <vmtarget> ; # org/mockito/internal/invocation/MatcherApplicationStrategy$$Lambda+0x0000000082414818
instanceKlass  @bci org/mockito/internal/invocation/MatcherApplicationStrategy forEachMatcherAndArgument (Lorg/mockito/internal/invocation/ArgumentMatcherAction;)Z 71 <appendix> member <vmtarget> ; # org/mockito/internal/invocation/MatcherApplicationStrategy$$Lambda+0x00000000824145c8
instanceKlass org/mockito/internal/util/reflection/GenericMetadataSupport$TypeVarBoundedType
instanceKlass org/mockito/internal/creation/bytebuddy/MockMethodAdvice$RealMethodCall
instanceKlass java/lang/reflect/AnnotatedTypeVariable
instanceKlass net/bytebuddy/description/type/TypeDescription$Generic$AnnotationReader$ForTypeVariableBoundType$AnnotatedTypeVariable
instanceKlass org/mockito/internal/matchers/Equals
instanceKlass org/mockito/internal/matchers/ContainsExtraTypeInfo
instanceKlass org/mockito/internal/matchers/LocalizedMatcher
instanceKlass org/mockito/internal/matchers/InstanceOf
instanceKlass org/springframework/data/domain/Sort$Order
instanceKlass org/springframework/data/domain/Sort
instanceKlass org/springframework/data/domain/AbstractPageRequest
instanceKlass org/springframework/jdbc/core/JdbcTemplate$1ExecuteStatementCallback
instanceKlass org/springframework/jdbc/core/JdbcTemplate$1QueryStatementCallback
instanceKlass org/springframework/jdbc/core/JdbcTemplate$1StreamStatementCallback
instanceKlass org/springframework/jdbc/core/JdbcTemplate$1UpdateStatementCallback
instanceKlass org/springframework/jdbc/core/JdbcTemplate$1BatchUpdateStatementCallback
instanceKlass org/springframework/jdbc/core/JdbcTemplate$1
instanceKlass org/springframework/jdbc/core/JdbcTemplate$ResultSetSpliterator
instanceKlass org/springframework/jdbc/core/JdbcTemplate$SimpleCallableStatementCreator
instanceKlass org/springframework/jdbc/core/JdbcTemplate$SimplePreparedStatementCreator
instanceKlass org/springframework/jdbc/core/SqlProvider
instanceKlass org/springframework/jdbc/core/JdbcTemplate$RowCallbackHandlerResultSetExtractor
instanceKlass org/springframework/jdbc/core/JdbcTemplate$CloseSuppressingInvocationHandler
# instanceKlass java/lang/invoke/LambdaForm$MH+0x000000008240f400
# instanceKlass java/lang/invoke/LambdaForm$MH+0x000000008240f000
# instanceKlass java/lang/invoke/LambdaForm$MH+0x000000008240ec00
# instanceKlass java/lang/invoke/LambdaForm$MH+0x000000008240e800
# instanceKlass java/lang/invoke/LambdaForm$MH+0x000000008240e400
instanceKlass sun/reflect/generics/tree/BooleanSignature
# instanceKlass java/lang/invoke/LambdaForm$MH+0x000000008240e000
instanceKlass org/springframework/jdbc/core/ParameterizedPreparedStatementSetter
instanceKlass org/springframework/jdbc/support/rowset/SqlRowSet
instanceKlass java/sql/Connection
instanceKlass java/sql/CallableStatement
instanceKlass java/sql/PreparedStatement
instanceKlass org/springframework/jdbc/core/RowCallbackHandler
instanceKlass org/springframework/jdbc/core/ConnectionCallback
instanceKlass org/springframework/jdbc/core/CallableStatementCallback
instanceKlass org/springframework/jdbc/core/PreparedStatementCallback
instanceKlass org/springframework/jdbc/support/KeyHolder
instanceKlass org/springframework/jdbc/core/BatchPreparedStatementSetter
instanceKlass org/springframework/jdbc/core/PreparedStatementSetter
instanceKlass org/springframework/jdbc/core/SqlParameter
instanceKlass org/springframework/jdbc/core/ResultSetExtractor
instanceKlass java/sql/Statement
instanceKlass org/springframework/jdbc/core/CallableStatementCreator
instanceKlass org/springframework/jdbc/core/PreparedStatementCreator
instanceKlass org/springframework/jdbc/core/StatementCallback
instanceKlass org/springframework/jdbc/support/AbstractFallbackSQLExceptionTranslator
instanceKlass org/springframework/jdbc/support/SQLExceptionTranslator
instanceKlass sun/reflect/generics/tree/IntSignature
instanceKlass  @bci sun/reflect/generics/reflectiveObjects/TypeVariableImpl getGenericDeclaration ()Ljava/lang/reflect/GenericDeclaration; 60 <appendix> member <vmtarget> ; # sun/reflect/generics/reflectiveObjects/TypeVariableImpl$$TypeSwitch+0x000000008234aa80
instanceKlass java/lang/classfile/instruction/SwitchCase
instanceKlass  @bci java/lang/runtime/SwitchBootstraps generateTypeSwitchSkeleton (Ljava/lang/Class;[Ljava/lang/Object;Ljava/util/List;Ljava/util/List;)Ljava/util/function/Consumer; 45 <appendix> member <vmtarget> ; # java/lang/runtime/SwitchBootstraps$$Lambda+0x000000008234a000
instanceKlass  @bci java/lang/runtime/SwitchBootstraps generateTypeSwitch (Ljava/lang/invoke/MethodHandles$Lookup;Ljava/lang/Class;[Ljava/lang/Object;)Ljava/lang/invoke/MethodHandle; 70 <appendix> member <vmtarget> ; # java/lang/runtime/SwitchBootstraps$$Lambda+0x0000000082349dc0
instanceKlass java/util/function/BiPredicate
instanceKlass jdk/internal/misc/PreviewFeatures
instanceKlass java/lang/runtime/SwitchBootstraps
instanceKlass net/bytebuddy/description/type/TypeDescription$Generic$AnnotationReader$ForTypeVariableBoundType$OfFormalTypeVariable$FormalTypeVariable
instanceKlass net/bytebuddy/description/type/TypeVariableToken
instanceKlass  @bci fr/natsystem/projet/Mapper/DvfFieldSetMapperTest shouldUseZeroAsDefaultForEmptyIntegerFields ()V 133 <appendix> member <vmtarget> ; # fr/natsystem/projet/Mapper/DvfFieldSetMapperTest$$Lambda+0x0000000082400af0
instanceKlass  @bci fr/natsystem/projet/Mapper/DvfFieldSetMapperTest shouldUseZeroAsDefaultForEmptyIntegerFields ()V 124 <appendix> member <vmtarget> ; # fr/natsystem/projet/Mapper/DvfFieldSetMapperTest$$Lambda+0x00000000824008c0
instanceKlass  @bci fr/natsystem/projet/Mapper/DvfFieldSetMapperTest shouldUseZeroAsDefaultForEmptyIntegerFields ()V 115 <appendix> member <vmtarget> ; # fr/natsystem/projet/Mapper/DvfFieldSetMapperTest$$Lambda+0x0000000082400690
instanceKlass  @bci fr/natsystem/projet/Mapper/DvfFieldSetMapperTest shouldMapAllFieldsToDvf ()V 692 <appendix> member <vmtarget> ; # fr/natsystem/projet/Mapper/DvfFieldSetMapperTest$$Lambda+0x0000000082400460
instanceKlass  @bci fr/natsystem/projet/Mapper/DvfFieldSetMapperTest shouldMapAllFieldsToDvf ()V 682 <appendix> member <vmtarget> ; # fr/natsystem/projet/Mapper/DvfFieldSetMapperTest$$Lambda+0x0000000082400230
instanceKlass  @bci fr/natsystem/projet/Mapper/DvfFieldSetMapperTest shouldMapAllFieldsToDvf ()V 672 <appendix> member <vmtarget> ; # fr/natsystem/projet/Mapper/DvfFieldSetMapperTest$$Lambda+0x0000000082400000
instanceKlass  @bci fr/natsystem/projet/Mapper/DvfFieldSetMapperTest shouldMapAllFieldsToDvf ()V 662 <appendix> member <vmtarget> ; # fr/natsystem/projet/Mapper/DvfFieldSetMapperTest$$Lambda+0x00000000823ffd68
instanceKlass  @bci fr/natsystem/projet/Mapper/DvfFieldSetMapperTest shouldMapAllFieldsToDvf ()V 652 <appendix> member <vmtarget> ; # fr/natsystem/projet/Mapper/DvfFieldSetMapperTest$$Lambda+0x00000000823ffb38
instanceKlass  @bci fr/natsystem/projet/Mapper/DvfFieldSetMapperTest shouldMapAllFieldsToDvf ()V 642 <appendix> member <vmtarget> ; # fr/natsystem/projet/Mapper/DvfFieldSetMapperTest$$Lambda+0x00000000823ff908
instanceKlass  @bci fr/natsystem/projet/Mapper/DvfFieldSetMapperTest shouldMapAllFieldsToDvf ()V 632 <appendix> member <vmtarget> ; # fr/natsystem/projet/Mapper/DvfFieldSetMapperTest$$Lambda+0x00000000823ff6d8
instanceKlass  @bci fr/natsystem/projet/Mapper/DvfFieldSetMapperTest shouldMapAllFieldsToDvf ()V 622 <appendix> member <vmtarget> ; # fr/natsystem/projet/Mapper/DvfFieldSetMapperTest$$Lambda+0x00000000823ff4a8
instanceKlass  @bci fr/natsystem/projet/Mapper/DvfFieldSetMapperTest shouldMapAllFieldsToDvf ()V 612 <appendix> member <vmtarget> ; # fr/natsystem/projet/Mapper/DvfFieldSetMapperTest$$Lambda+0x00000000823ff278
instanceKlass  @bci fr/natsystem/projet/Mapper/DvfFieldSetMapperTest shouldMapAllFieldsToDvf ()V 602 <appendix> member <vmtarget> ; # fr/natsystem/projet/Mapper/DvfFieldSetMapperTest$$Lambda+0x00000000823ff048
instanceKlass  @bci fr/natsystem/projet/Mapper/DvfFieldSetMapperTest shouldMapAllFieldsToDvf ()V 592 <appendix> member <vmtarget> ; # fr/natsystem/projet/Mapper/DvfFieldSetMapperTest$$Lambda+0x00000000823fee18
instanceKlass  @bci fr/natsystem/projet/Mapper/DvfFieldSetMapperTest shouldMapAllFieldsToDvf ()V 582 <appendix> member <vmtarget> ; # fr/natsystem/projet/Mapper/DvfFieldSetMapperTest$$Lambda+0x00000000823febe8
instanceKlass  @bci fr/natsystem/projet/Mapper/DvfFieldSetMapperTest shouldMapAllFieldsToDvf ()V 572 <appendix> member <vmtarget> ; # fr/natsystem/projet/Mapper/DvfFieldSetMapperTest$$Lambda+0x00000000823fe9b8
instanceKlass  @bci fr/natsystem/projet/Mapper/DvfFieldSetMapperTest shouldMapAllFieldsToDvf ()V 562 <appendix> member <vmtarget> ; # fr/natsystem/projet/Mapper/DvfFieldSetMapperTest$$Lambda+0x00000000823fe788
instanceKlass  @bci fr/natsystem/projet/Mapper/DvfFieldSetMapperTest shouldMapAllFieldsToDvf ()V 552 <appendix> member <vmtarget> ; # fr/natsystem/projet/Mapper/DvfFieldSetMapperTest$$Lambda+0x00000000823fe558
instanceKlass  @bci fr/natsystem/projet/Mapper/DvfFieldSetMapperTest shouldMapAllFieldsToDvf ()V 542 <appendix> member <vmtarget> ; # fr/natsystem/projet/Mapper/DvfFieldSetMapperTest$$Lambda+0x00000000823fe328
instanceKlass  @bci fr/natsystem/projet/Mapper/DvfFieldSetMapperTest shouldMapAllFieldsToDvf ()V 532 <appendix> member <vmtarget> ; # fr/natsystem/projet/Mapper/DvfFieldSetMapperTest$$Lambda+0x00000000823fe0f8
instanceKlass  @bci fr/natsystem/projet/Mapper/DvfFieldSetMapperTest shouldMapAllFieldsToDvf ()V 522 <appendix> member <vmtarget> ; # fr/natsystem/projet/Mapper/DvfFieldSetMapperTest$$Lambda+0x00000000823fdec8
instanceKlass  @bci fr/natsystem/projet/Mapper/DvfFieldSetMapperTest shouldMapAllFieldsToDvf ()V 512 <appendix> member <vmtarget> ; # fr/natsystem/projet/Mapper/DvfFieldSetMapperTest$$Lambda+0x00000000823fdc98
instanceKlass  @bci fr/natsystem/projet/Mapper/DvfFieldSetMapperTest shouldMapAllFieldsToDvf ()V 502 <appendix> member <vmtarget> ; # fr/natsystem/projet/Mapper/DvfFieldSetMapperTest$$Lambda+0x00000000823fda68
instanceKlass  @bci fr/natsystem/projet/Mapper/DvfFieldSetMapperTest shouldMapAllFieldsToDvf ()V 492 <appendix> member <vmtarget> ; # fr/natsystem/projet/Mapper/DvfFieldSetMapperTest$$Lambda+0x00000000823fd838
instanceKlass  @bci fr/natsystem/projet/Mapper/DvfFieldSetMapperTest shouldMapAllFieldsToDvf ()V 482 <appendix> member <vmtarget> ; # fr/natsystem/projet/Mapper/DvfFieldSetMapperTest$$Lambda+0x00000000823fd608
instanceKlass  @bci fr/natsystem/projet/Mapper/DvfFieldSetMapperTest shouldMapAllFieldsToDvf ()V 472 <appendix> member <vmtarget> ; # fr/natsystem/projet/Mapper/DvfFieldSetMapperTest$$Lambda+0x00000000823fd3d8
instanceKlass  @bci fr/natsystem/projet/Mapper/DvfFieldSetMapperTest shouldMapAllFieldsToDvf ()V 462 <appendix> member <vmtarget> ; # fr/natsystem/projet/Mapper/DvfFieldSetMapperTest$$Lambda+0x00000000823fd1a8
instanceKlass  @bci fr/natsystem/projet/Mapper/DvfFieldSetMapperTest shouldMapAllFieldsToDvf ()V 452 <appendix> member <vmtarget> ; # fr/natsystem/projet/Mapper/DvfFieldSetMapperTest$$Lambda+0x00000000823fcf78
instanceKlass  @bci fr/natsystem/projet/Mapper/DvfFieldSetMapperTest shouldMapAllFieldsToDvf ()V 442 <appendix> member <vmtarget> ; # fr/natsystem/projet/Mapper/DvfFieldSetMapperTest$$Lambda+0x00000000823fcd48
instanceKlass  @bci fr/natsystem/projet/Mapper/DvfFieldSetMapperTest shouldMapAllFieldsToDvf ()V 432 <appendix> member <vmtarget> ; # fr/natsystem/projet/Mapper/DvfFieldSetMapperTest$$Lambda+0x00000000823fcb18
instanceKlass  @bci fr/natsystem/projet/Mapper/DvfFieldSetMapperTest shouldMapAllFieldsToDvf ()V 422 <appendix> member <vmtarget> ; # fr/natsystem/projet/Mapper/DvfFieldSetMapperTest$$Lambda+0x00000000823fc8e8
instanceKlass  @bci fr/natsystem/projet/Mapper/DvfFieldSetMapperTest shouldMapAllFieldsToDvf ()V 412 <appendix> member <vmtarget> ; # fr/natsystem/projet/Mapper/DvfFieldSetMapperTest$$Lambda+0x00000000823fc6b8
instanceKlass  @bci fr/natsystem/projet/Mapper/DvfFieldSetMapperTest shouldMapAllFieldsToDvf ()V 402 <appendix> member <vmtarget> ; # fr/natsystem/projet/Mapper/DvfFieldSetMapperTest$$Lambda+0x00000000823fc488
instanceKlass  @bci fr/natsystem/projet/Mapper/DvfFieldSetMapperTest shouldMapAllFieldsToDvf ()V 392 <appendix> member <vmtarget> ; # fr/natsystem/projet/Mapper/DvfFieldSetMapperTest$$Lambda+0x00000000823fc258
instanceKlass  @bci fr/natsystem/projet/Mapper/DvfFieldSetMapperTest shouldMapAllFieldsToDvf ()V 382 <appendix> member <vmtarget> ; # fr/natsystem/projet/Mapper/DvfFieldSetMapperTest$$Lambda+0x00000000823fc028
instanceKlass  @bci fr/natsystem/projet/Mapper/DvfFieldSetMapperTest shouldMapAllFieldsToDvf ()V 372 <appendix> member <vmtarget> ; # fr/natsystem/projet/Mapper/DvfFieldSetMapperTest$$Lambda+0x00000000823fbdf8
instanceKlass  @bci fr/natsystem/projet/Mapper/DvfFieldSetMapperTest shouldMapAllFieldsToDvf ()V 362 <appendix> member <vmtarget> ; # fr/natsystem/projet/Mapper/DvfFieldSetMapperTest$$Lambda+0x00000000823fbbc8
instanceKlass  @bci fr/natsystem/projet/Mapper/DvfFieldSetMapperTest shouldMapAllFieldsToDvf ()V 352 <appendix> member <vmtarget> ; # fr/natsystem/projet/Mapper/DvfFieldSetMapperTest$$Lambda+0x00000000823fb998
instanceKlass  @bci fr/natsystem/projet/Mapper/DvfFieldSetMapperTest shouldMapAllFieldsToDvf ()V 342 <appendix> member <vmtarget> ; # fr/natsystem/projet/Mapper/DvfFieldSetMapperTest$$Lambda+0x00000000823fb768
instanceKlass  @bci fr/natsystem/projet/Mapper/DvfFieldSetMapperTest shouldMapAllFieldsToDvf ()V 333 <appendix> member <vmtarget> ; # fr/natsystem/projet/Mapper/DvfFieldSetMapperTest$$Lambda+0x00000000823fb538
instanceKlass  @bci fr/natsystem/projet/Mapper/DvfFieldSetMapperTest shouldMapAllFieldsToDvf ()V 324 <appendix> member <vmtarget> ; # fr/natsystem/projet/Mapper/DvfFieldSetMapperTest$$Lambda+0x00000000823fb308
instanceKlass  @bci fr/natsystem/projet/Mapper/DvfFieldSetMapperTest shouldMapAllFieldsToDvf ()V 315 <appendix> member <vmtarget> ; # fr/natsystem/projet/Mapper/DvfFieldSetMapperTest$$Lambda+0x00000000823fb0d8
instanceKlass  @bci fr/natsystem/projet/Mapper/DvfFieldSetMapperTest shouldMapAllFieldsToDvf ()V 306 <appendix> member <vmtarget> ; # fr/natsystem/projet/Mapper/DvfFieldSetMapperTest$$Lambda+0x00000000823faea8
instanceKlass  @bci fr/natsystem/projet/Mapper/DvfFieldSetMapperTest shouldMapAllFieldsToDvf ()V 297 <appendix> member <vmtarget> ; # fr/natsystem/projet/Mapper/DvfFieldSetMapperTest$$Lambda+0x00000000823fac78
instanceKlass java/time/temporal/TemporalQueries$7
instanceKlass java/time/temporal/TemporalQueries$6
instanceKlass java/time/temporal/TemporalQueries$5
instanceKlass java/time/temporal/TemporalQueries$4
instanceKlass java/time/temporal/TemporalQueries$3
instanceKlass java/time/temporal/TemporalQueries$2
instanceKlass java/time/temporal/TemporalQueries$1
instanceKlass java/time/temporal/TemporalQueries
instanceKlass org/junit/jupiter/api/AssertNull
instanceKlass  @bci java/util/regex/Pattern SingleI (II)Ljava/util/regex/Pattern$BmpCharPredicate; 2 <appendix> member <vmtarget> ; # java/util/regex/Pattern$$Lambda+0x0000000082348158
instanceKlass java/time/format/Parsed
instanceKlass java/time/format/DateTimeParseContext
instanceKlass  @bci java/time/LocalDate parse (Ljava/lang/CharSequence;Ljava/time/format/DateTimeFormatter;)Ljava/time/LocalDate; 9 <appendix> argL0 ; # java/time/LocalDate$$Lambda+0x0000000082347ab8
instanceKlass org/junit/jupiter/api/AssertThrows
instanceKlass  @bci fr/natsystem/projet/Mapper/DvfFieldSetMapperTest shouldThrowExceptionWhenDateFormatIsInvalid ()V 35 <appendix> member <vmtarget> ; # fr/natsystem/projet/Mapper/DvfFieldSetMapperTest$$Lambda+0x00000000823fa628
instanceKlass org/springframework/batch/infrastructure/item/file/transform/DefaultFieldSet
instanceKlass  @bci fr/natsystem/projet/Listener/CheckFileListenerTest shouldCreateReportWhenJobHasFailed ()V 254 <appendix> member <vmtarget> ; # fr/natsystem/projet/Listener/CheckFileListenerTest$$Lambda+0x00000000823f9f08
instanceKlass  @bci fr/natsystem/projet/Listener/CheckFileListenerTest shouldCreateReportWhenJobHasFailed ()V 243 <appendix> member <vmtarget> ; # fr/natsystem/projet/Listener/CheckFileListenerTest$$Lambda+0x00000000823f9cd8
instanceKlass  @bci fr/natsystem/projet/Listener/CheckFileListenerTest shouldCreateReportWhenJobHasFailed ()V 233 <appendix> member <vmtarget> ; # fr/natsystem/projet/Listener/CheckFileListenerTest$$Lambda+0x00000000823f9aa8
instanceKlass  @bci fr/natsystem/projet/Listener/CheckFileListenerTest shouldCreateReportWhenJobHasFailed ()V 222 <appendix> member <vmtarget> ; # fr/natsystem/projet/Listener/CheckFileListenerTest$$Lambda+0x00000000823f9878
instanceKlass  @bci fr/natsystem/projet/Listener/CheckFileListenerTest shouldCreateReportWhenJobHasFailed ()V 211 <appendix> member <vmtarget> ; # fr/natsystem/projet/Listener/CheckFileListenerTest$$Lambda+0x00000000823f9648
instanceKlass  @bci fr/natsystem/projet/Listener/CheckFileListenerTest shouldCreateReportWhenJobHasFailed ()V 201 <appendix> member <vmtarget> ; # fr/natsystem/projet/Listener/CheckFileListenerTest$$Lambda+0x00000000823f9418
instanceKlass  @bci fr/natsystem/projet/Listener/CheckFileListenerTest shouldCreateReportWhenJobHasFailed ()V 191 <appendix> member <vmtarget> ; # fr/natsystem/projet/Listener/CheckFileListenerTest$$Lambda+0x00000000823f91e8
instanceKlass  @bci fr/natsystem/projet/Listener/CheckFileListenerTest shouldUseZeroDurationWhenEndTimeIsNull ()V 145 <appendix> member <vmtarget> ; # fr/natsystem/projet/Listener/CheckFileListenerTest$$Lambda+0x00000000823f8fb8
instanceKlass  @bci fr/natsystem/projet/Listener/CheckFileListenerTest shouldUseZeroDurationWhenEndTimeIsNull ()V 135 <appendix> member <vmtarget> ; # fr/natsystem/projet/Listener/CheckFileListenerTest$$Lambda+0x00000000823f8d88
instanceKlass  @bci fr/natsystem/projet/Listener/CheckFileListenerTest shouldUseZeroDurationWhenEndTimeIsNull ()V 124 <appendix> member <vmtarget> ; # fr/natsystem/projet/Listener/CheckFileListenerTest$$Lambda+0x00000000823f8b58
instanceKlass  @bci org/junit/jupiter/api/AssertAll assertAll (Ljava/lang/String;Ljava/util/stream/Stream;)V 48 <appendix> argL0 ; # org/junit/jupiter/api/AssertAll$$Lambda+0x00000000823f8900
instanceKlass  @bci org/junit/jupiter/api/AssertAll assertAll (Ljava/lang/String;Ljava/util/stream/Stream;)V 30 <appendix> argL0 ; # org/junit/jupiter/api/AssertAll$$Lambda+0x00000000823f86b8
instanceKlass org/junit/jupiter/api/AssertAll
instanceKlass  @bci fr/natsystem/projet/Listener/CheckFileListenerTest shouldUseZeroDurationWhenStartTimeIsNull ()V 145 <appendix> member <vmtarget> ; # fr/natsystem/projet/Listener/CheckFileListenerTest$$Lambda+0x00000000823f8000
instanceKlass  @bci fr/natsystem/projet/Listener/CheckFileListenerTest shouldUseZeroDurationWhenStartTimeIsNull ()V 134 <appendix> member <vmtarget> ; # fr/natsystem/projet/Listener/CheckFileListenerTest$$Lambda+0x00000000823f1400
instanceKlass  @bci fr/natsystem/projet/Listener/CheckFileListenerTest shouldUseZeroDurationWhenStartTimeIsNull ()V 124 <appendix> member <vmtarget> ; # fr/natsystem/projet/Listener/CheckFileListenerTest$$Lambda+0x00000000823f1c08
instanceKlass org/junit/jupiter/api/function/Executable
instanceKlass org/junit/jupiter/api/AssertTrue
instanceKlass jdk/internal/util/DateTimeHelper
instanceKlass java/time/Instant$1
instanceKlass  @bci java/nio/file/Files asUncheckedRunnable (Ljava/io/Closeable;)Ljava/lang/Runnable; 1 <appendix> member <vmtarget> ; # java/nio/file/Files$$Lambda+0x0000000082346f08
instanceKlass java/nio/file/Files$2
instanceKlass org/mockito/internal/util/KotlinInlineClassUtil
instanceKlass org/mockito/internal/invocation/InvocationMatcher$1
instanceKlass org/mockito/internal/invocation/StubInfoImpl
instanceKlass org/mockito/internal/invocation/TypeSafeMatching
instanceKlass org/mockito/internal/invocation/MatcherApplicationStrategy
instanceKlass org/mockito/internal/util/Checks
instanceKlass org/mockito/internal/util/reflection/GenericMetadataSupport$BoundedType
instanceKlass org/mockito/internal/util/reflection/GenericMetadataSupport
instanceKlass org/mockito/internal/stubbing/answers/Returns
# instanceKlass java/lang/invoke/LambdaForm$MH+0x00000000823f1000
instanceKlass org/mockito/internal/stubbing/answers/InvocationInfo
instanceKlass org/mockito/internal/stubbing/answers/DefaultAnswerValidator
instanceKlass java/util/OptionalLong
instanceKlass java/util/OptionalInt
instanceKlass java/util/OptionalDouble
instanceKlass org/mockito/internal/util/Primitives
instanceKlass org/mockito/internal/util/ObjectMethodsGuru
instanceKlass org/mockito/listeners/StubbingLookupEvent
instanceKlass org/mockito/internal/listeners/StubbingLookupNotifier
instanceKlass org/mockito/internal/stubbing/BaseStubbing
instanceKlass org/mockito/internal/invocation/ArgumentMatcherAction
instanceKlass org/mockito/internal/invocation/InvocationMatcher
instanceKlass org/mockito/internal/invocation/ArgumentsProcessor
instanceKlass org/mockito/internal/progress/SequenceNumber
instanceKlass org/mockito/internal/creation/DelegatingMethod
instanceKlass org/mockito/internal/invocation/InterceptedInvocation$1
instanceKlass org/mockito/internal/invocation/InterceptedInvocation
instanceKlass org/mockito/internal/exceptions/VerificationAwareInvocation
instanceKlass org/mockito/internal/invocation/DefaultInvocationFactory
instanceKlass org/mockito/invocation/InvocationFactory
instanceKlass  @bci org/mockito/internal/debugging/LocationImpl lambda$getStackFrame$2 (ZLjava/util/stream/Stream;)Lorg/mockito/exceptions/stacktrace/StackTraceCleaner$StackFrameMetadata; 121 <appendix> argL0 ; # org/mockito/internal/debugging/LocationImpl$$Lambda+0x00000000823f46d8
instanceKlass  @bci org/mockito/internal/debugging/LocationImpl getStackFrame (Z)Lorg/mockito/exceptions/stacktrace/StackTraceCleaner$StackFrameMetadata; 15 <appendix> member <vmtarget> ; # org/mockito/internal/debugging/LocationImpl$$Lambda+0x00000000823f4490
instanceKlass org/mockito/internal/debugging/LocationImpl$MetadataShim
instanceKlass  @bci org/mockito/internal/debugging/LocationImpl lambda$framesToSkip$3 (Ljava/util/stream/Stream;)Ljava/lang/Integer; 31 <appendix> argL0 ; # org/mockito/internal/debugging/LocationImpl$$Lambda+0x00000000823f4000
instanceKlass  @bci org/mockito/internal/debugging/LocationImpl framesToSkip ()I 14 <appendix> argL0 ; # org/mockito/internal/debugging/LocationImpl$$Lambda+0x00000000823efc08
instanceKlass  @bci org/mockito/internal/debugging/LocationImpl <clinit> ()V 86 <appendix> member <vmtarget> ; # org/mockito/internal/debugging/LocationImpl$$Lambda+0x00000000823ef9a8
instanceKlass  @bci org/mockito/internal/debugging/LocationImpl <clinit> ()V 62 <appendix> argL0 ; # org/mockito/internal/debugging/LocationImpl$$Lambda+0x00000000823ef760
instanceKlass org/mockito/internal/exceptions/stacktrace/DefaultStackTraceCleaner
instanceKlass org/mockito/exceptions/stacktrace/StackTraceCleaner$StackFrameMetadata
instanceKlass org/mockito/exceptions/stacktrace/StackTraceCleaner
instanceKlass org/mockito/internal/debugging/LocationImpl
instanceKlass org/mockito/invocation/Location
instanceKlass org/mockito/internal/debugging/LocationFactory$DefaultLocationFactory
instanceKlass org/mockito/internal/util/Platform
instanceKlass org/mockito/internal/debugging/LocationFactory$Factory
instanceKlass org/mockito/internal/debugging/LocationFactory
instanceKlass org/mockito/internal/creation/bytebuddy/MockMethodAdvice$ReturnValueWrapper
instanceKlass org/mockito/internal/invocation/mockref/MockWeakReference
instanceKlass org/mockito/internal/creation/SuspendMethod
instanceKlass org/mockito/internal/invocation/SerializableMethod
instanceKlass org/mockito/internal/invocation/MockitoMethod
instanceKlass org/mockito/internal/invocation/AbstractAwareMethod
instanceKlass org/mockito/internal/invocation/mockref/MockReference
instanceKlass org/mockito/internal/creation/bytebuddy/MockMethodAdvice$SerializableRealMethodCall
# instanceKlass java/lang/invoke/LambdaForm$MH+0x00000000823f0c00
# instanceKlass java/lang/invoke/LambdaForm$MH+0x00000000823f0800
# instanceKlass java/lang/invoke/LambdaForm$BMH+0x00000000823f0400
# instanceKlass java/lang/invoke/LambdaForm$DMH+0x00000000823f0000
# instanceKlass java/lang/invoke/LambdaForm$DMH+0x00000000823ebc00
instanceKlass org/mockito/internal/progress/MockingProgressImpl$1
instanceKlass org/mockito/internal/progress/ArgumentMatcherStorageImpl
instanceKlass org/mockito/verification/VerificationStrategy
instanceKlass org/mockito/internal/progress/ArgumentMatcherStorage
instanceKlass org/mockito/internal/progress/MockingProgressImpl
instanceKlass org/mockito/internal/progress/MockingProgress
instanceKlass org/mockito/internal/progress/ThreadSafeMockingProgress
instanceKlass org/mockito/internal/creation/bytebuddy/ByteBuddyCrossClassLoaderSerializationSupport
instanceKlass org/mockito/invocation/Invocation
# instanceKlass java/lang/invoke/LambdaForm$MH+0x00000000823eb800
# instanceKlass java/lang/invoke/LambdaForm$MH+0x00000000823eb400
# instanceKlass java/lang/invoke/LambdaForm$MH+0x00000000823eb000
# instanceKlass java/lang/invoke/LambdaForm$BMH+0x00000000823eac00
# instanceKlass java/lang/invoke/LambdaForm$DMH+0x00000000823ea800
# instanceKlass java/lang/invoke/LambdaForm$MH+0x00000000823ea400
# instanceKlass java/lang/invoke/LambdaForm$BMH+0x00000000823ea000
# instanceKlass java/lang/invoke/LambdaForm$DMH+0x00000000823e9c00
# instanceKlass java/lang/invoke/LambdaForm$DMH+0x00000000823e9800
# instanceKlass java/lang/invoke/LambdaForm$MH+0x00000000823e9400
# instanceKlass java/lang/invoke/LambdaForm$MH+0x00000000823e9000
instanceKlass  @bci org/mockito/internal/util/reflection/InstrumentationMemberAccessor newInstance (Ljava/lang/reflect/Constructor;Lorg/mockito/plugins/MemberAccessor$OnConstruction;[Ljava/lang/Object;)Ljava/lang/Object; 322 <appendix> member <vmtarget> ; # org/mockito/internal/util/reflection/InstrumentationMemberAccessor$$Lambda+0x00000000823e5230
# instanceKlass java/lang/invoke/LambdaForm$DMH+0x00000000823e8c00
# instanceKlass java/lang/invoke/LambdaForm$MH+0x00000000823e8800
# instanceKlass java/lang/invoke/LambdaForm$MH+0x00000000823e8400
# instanceKlass java/lang/invoke/LambdaForm$MH+0x00000000823e8000
# instanceKlass java/lang/invoke/LambdaForm$MH+0x00000000823e4c00
# instanceKlass java/lang/invoke/LambdaForm$MH+0x00000000823e4800
# instanceKlass java/lang/invoke/LambdaForm$MH+0x00000000823e4400
instanceKlass  @bci org/mockito/internal/creation/bytebuddy/InlineDelegateByteBuddyMockMaker newInstance (Ljava/lang/Class;)Ljava/lang/Object; 402 <appendix> member <vmtarget> ; # org/mockito/internal/creation/bytebuddy/InlineDelegateByteBuddyMockMaker$$Lambda+0x00000000823e5000
instanceKlass org/mockito/plugins/MemberAccessor$ConstructionDispatcher
instanceKlass org/mockito/plugins/MemberAccessor$OnConstruction
instanceKlass java/lang/reflect/AnnotatedWildcardType
instanceKlass net/bytebuddy/description/type/TypeDescription$Generic$AnnotationReader$ForWildcardUpperBoundType$AnnotatedWildcardType
# instanceKlass java/lang/invoke/LambdaForm$MH+0x00000000823e4000
instanceKlass net/bytebuddy/implementation/bytecode/assign/primitive/PrimitiveUnboxingDelegate$ImplicitlyTypedUnboxingResponsible
instanceKlass net/bytebuddy/implementation/bytecode/assign/primitive/PrimitiveUnboxingDelegate$UnboxingResponsible
instanceKlass net/bytebuddy/implementation/bytecode/assign/primitive/PrimitiveBoxingDelegate$BoxingStackManipulation
instanceKlass net/bytebuddy/implementation/bytecode/Removal$2
instanceKlass net/bytebuddy/implementation/bytecode/StackSize$1
instanceKlass net/bytebuddy/implementation/bytecode/collection/ArrayFactory$ArrayStackManipulation
instanceKlass net/bytebuddy/implementation/bytecode/collection/ArrayFactory$ArrayCreator
instanceKlass net/bytebuddy/implementation/bytecode/collection/ArrayFactory
instanceKlass net/bytebuddy/implementation/bytecode/collection/CollectionFactory
instanceKlass net/bytebuddy/implementation/bytecode/constant/ClassConstant$ForReferenceType
instanceKlass net/bytebuddy/asm/Advice$OffsetMapping$Target$ForArray
instanceKlass net/bytebuddy/implementation/bytecode/constant/MethodConstant$CanCache
instanceKlass net/bytebuddy/asm/Advice$OffsetMapping$Target$ForVariable
instanceKlass net/bytebuddy/asm/Advice$OffsetMapping$Target$ForStackManipulation
instanceKlass net/bytebuddy/asm/Advice$StackMapFrameHandler$Default$ForAdvice
instanceKlass net/bytebuddy/asm/Advice$MethodSizeHandler$Default$ForAdvice
instanceKlass net/bytebuddy/asm/Advice$ArgumentHandler$ForAdvice$Default
instanceKlass net/bytebuddy/asm/Advice$Dispatcher$RelocationHandler$Relocation$ForLabel
instanceKlass net/bytebuddy/asm/Advice$Dispatcher$RelocationHandler$ForValue$Bound
instanceKlass net/bytebuddy/asm/Advice$StackMapFrameHandler$ForAdvice
instanceKlass net/bytebuddy/asm/Advice$StackMapFrameHandler$ForPostProcessor
instanceKlass net/bytebuddy/asm/Advice$StackMapFrameHandler$Default
instanceKlass net/bytebuddy/asm/Advice$StackMapFrameHandler$ForInstrumentedMethod
instanceKlass net/bytebuddy/asm/Advice$StackMapFrameHandler
instanceKlass net/bytebuddy/asm/Advice$MethodSizeHandler$ForAdvice
instanceKlass net/bytebuddy/asm/Advice$MethodSizeHandler$Default
instanceKlass net/bytebuddy/asm/Advice$MethodSizeHandler$ForInstrumentedMethod
instanceKlass net/bytebuddy/asm/Advice$MethodSizeHandler
instanceKlass net/bytebuddy/asm/Advice$ArgumentHandler$ForAdvice
instanceKlass net/bytebuddy/asm/Advice$ArgumentHandler$ForInstrumentedMethod$Default
instanceKlass net/bytebuddy/asm/Advice$ArgumentHandler$ForInstrumentedMethod
instanceKlass net/bytebuddy/jar/asm/Opcodes
instanceKlass net/bytebuddy/jar/asm/Label
instanceKlass net/bytebuddy/jar/asm/TypePath
instanceKlass net/bytebuddy/dynamic/scaffold/TypeWriter$FieldPool$Record$ForImplicitField
instanceKlass net/bytebuddy/jar/asm/Context
instanceKlass net/bytebuddy/dynamic/scaffold/TypeWriter$Default$SignatureKey
instanceKlass net/bytebuddy/dynamic/scaffold/TypeWriter$Default$ForInlining$WithFullProcessing$InitializationHandler
instanceKlass net/bytebuddy/dynamic/scaffold/TypeWriter$Default$ForInlining$ContextRegistry
instanceKlass net/bytebuddy/jar/asm/Handle
instanceKlass net/bytebuddy/jar/asm/ConstantDynamic
instanceKlass net/bytebuddy/dynamic/scaffold/inline/MethodRebaseResolver$Resolution
instanceKlass net/bytebuddy/jar/asm/commons/Remapper
instanceKlass net/bytebuddy/dynamic/scaffold/MethodGraph$Simple
instanceKlass net/bytebuddy/dynamic/scaffold/MethodGraph$Node$Simple
# instanceKlass java/lang/invoke/LambdaForm$MH+0x00000000823d0000
instanceKlass net/bytebuddy/dynamic/scaffold/inline/InliningImplementationMatcher
instanceKlass net/bytebuddy/asm/AsmVisitorWrapper$Compound
instanceKlass net/bytebuddy/asm/AsmVisitorWrapper$AbstractBase
instanceKlass net/bytebuddy/implementation/attribute/TypeAttributeAppender$ForInstrumentedType$Differentiating
instanceKlass net/bytebuddy/description/type/RecordComponentDescription$Token
instanceKlass org/jspecify/annotations/Nullable
instanceKlass sun/reflect/annotation/TypeAnnotation$TypeAnnotationTargetInfo
instanceKlass sun/reflect/annotation/AnnotatedTypeFactory$AnnotatedTypeBaseImpl
instanceKlass sun/reflect/annotation/AnnotatedTypeFactory
instanceKlass sun/reflect/annotation/TypeAnnotation$LocationInfo$Location
instanceKlass sun/reflect/annotation/TypeAnnotation$LocationInfo
instanceKlass sun/reflect/annotation/TypeAnnotation
instanceKlass sun/reflect/annotation/TypeAnnotationParser
instanceKlass net/bytebuddy/description/method/ParameterDescription$Token
instanceKlass java/lang/reflect/AnnotatedParameterizedType
instanceKlass net/bytebuddy/description/type/TypeDescription$Generic$AnnotationReader$ForTypeArgument$AnnotatedParameterizedType
instanceKlass sun/reflect/generics/tree/TypeVariableSignature
instanceKlass net/bytebuddy/description/type/TypeDescription$Generic$AnnotationReader$Delegator$ForLoadedField$Dispatcher
instanceKlass net/bytebuddy/description/field/FieldDescription$Token
instanceKlass net/bytebuddy/dynamic/ClassFileLocator$Simple
instanceKlass org/mockito/internal/util/concurrent/WeakConcurrentMap$LatentKey
instanceKlass net/bytebuddy/TypeCache$LookupKey
instanceKlass  @bci org/mockito/internal/creation/bytebuddy/TypeCachingBytecodeGenerator mockClass (Lorg/mockito/internal/creation/bytebuddy/MockFeatures;)Ljava/lang/Class; 103 <appendix> member <vmtarget> ; # org/mockito/internal/creation/bytebuddy/TypeCachingBytecodeGenerator$$Lambda+0x00000000823c2090
instanceKlass net/bytebuddy/TypeCache$SimpleKey
instanceKlass org/mockito/internal/creation/bytebuddy/MockFeatures
instanceKlass org/mockito/listeners/MethodInvocationReport
instanceKlass org/mockito/internal/handler/InvocationNotifierHandler
instanceKlass org/mockito/internal/handler/NullResultGuardian
instanceKlass org/mockito/internal/stubbing/DoAnswerStyleStubbing
instanceKlass org/mockito/internal/verification/DefaultRegisteredInvocations
instanceKlass org/mockito/invocation/StubInfo
instanceKlass org/mockito/internal/verification/RegisteredInvocations
instanceKlass org/mockito/internal/stubbing/InvocationContainerImpl
instanceKlass org/mockito/internal/invocation/MatchersBinder
instanceKlass org/mockito/invocation/InvocationContainer
instanceKlass org/mockito/stubbing/Stubbing
instanceKlass org/mockito/stubbing/OngoingStubbing
instanceKlass org/mockito/invocation/MatchableInvocation
instanceKlass org/mockito/internal/handler/MockHandlerImpl
instanceKlass org/mockito/invocation/MockHandler
instanceKlass org/mockito/internal/handler/MockHandlerFactory
instanceKlass org/mockito/plugins/DoNotMockEnforcer$Cache
instanceKlass org/mockito/internal/util/MockNameImpl
instanceKlass org/mockito/internal/creation/bytebuddy/InlineDelegateByteBuddyMockMaker$1
instanceKlass org/mockito/internal/util/MockUtil
instanceKlass org/mockito/internal/util/MockCreationValidator
instanceKlass org/mockito/mock/MockName
instanceKlass org/mockito/internal/creation/settings/CreationSettings
instanceKlass org/mockito/mock/MockCreationSettings
instanceKlass org/mockito/MockSettings
instanceKlass org/mockito/internal/stubbing/defaultanswers/TriesToReturnSelf
instanceKlass org/mockito/internal/stubbing/answers/CallsRealMethods
instanceKlass org/mockito/stubbing/ValidableAnswer
instanceKlass org/mockito/invocation/DescribedInvocation
instanceKlass org/mockito/internal/stubbing/defaultanswers/ReturnsDeepStubs
instanceKlass org/mockito/internal/stubbing/defaultanswers/ReturnsMocks
instanceKlass org/mockito/internal/stubbing/defaultanswers/ReturnsEmptyValues
instanceKlass org/mockito/internal/stubbing/defaultanswers/ReturnsMoreEmptyValues
instanceKlass org/mockito/internal/stubbing/defaultanswers/RetrieveGenericsForDefaultAnswers$AnswerCallback
instanceKlass org/mockito/internal/stubbing/defaultanswers/ReturnsSmartNulls
instanceKlass org/mockito/internal/stubbing/defaultanswers/GloballyConfiguredAnswer
instanceKlass org/objenesis/instantiator/ObjectInstantiator
instanceKlass org/objenesis/strategy/BaseInstantiatorStrategy
instanceKlass org/mockito/internal/configuration/ClassPathLoader
instanceKlass org/mockito/configuration/DefaultMockitoConfiguration
instanceKlass org/mockito/internal/configuration/GlobalConfiguration
instanceKlass org/mockito/configuration/IMockitoConfiguration
instanceKlass org/objenesis/strategy/InstantiatorStrategy
instanceKlass org/objenesis/ObjenesisBase
instanceKlass org/objenesis/Objenesis
instanceKlass org/mockito/internal/creation/instance/ObjenesisInstantiator
instanceKlass org/mockito/internal/creation/instance/DefaultInstantiatorProvider
instanceKlass org/mockito/internal/configuration/DefaultDoNotMockEnforcer
instanceKlass org/mockito/plugins/DoNotMockEnforcer
# instanceKlass org/mockito/internal/configuration/plugins/PluginInitializer$$InjectedInvoker+0x00000000823bcc00
instanceKlass java/lang/invoke/MethodHandleImpl$BindCaller$InjectedInvokerHolder
instanceKlass  @bci java/lang/invoke/MethodHandleImpl$BindCaller lambda$generateInvokerTemplate$0 (Ljava/lang/classfile/ClassBuilder;)V 77 <appendix> argL0 ; # java/lang/invoke/MethodHandleImpl$BindCaller$$Lambda+0x0000000082342d68
instanceKlass  @bci java/lang/invoke/MethodHandleImpl$BindCaller lambda$generateInvokerTemplate$0 (Ljava/lang/classfile/ClassBuilder;)V 34 <appendix> argL0 ; # java/lang/invoke/MethodHandleImpl$BindCaller$$Lambda+0x0000000082342b30
instanceKlass  @bci java/lang/invoke/MethodHandleImpl$BindCaller generateInvokerTemplate ()[B 9 <appendix> argL0 ; # java/lang/invoke/MethodHandleImpl$BindCaller$$Lambda+0x00000000823428f8
instanceKlass java/lang/invoke/MethodHandleImpl$BindCaller
# instanceKlass java/lang/invoke/LambdaForm$MH+0x00000000823bc800
# instanceKlass java/lang/invoke/LambdaForm$MH+0x00000000823bc400
# instanceKlass java/lang/invoke/LambdaForm$MH+0x00000000823bc000
instanceKlass org/springframework/test/context/bean/override/mockito/SpringMockResolver
instanceKlass java/util/LinkedList$ListItr
instanceKlass org/mockito/internal/util/io/IOUtil
instanceKlass org/mockito/internal/configuration/plugins/PluginFileReader
instanceKlass org/mockito/plugins/MockResolver
instanceKlass org/mockito/internal/util/ConsoleMockitoLogger
instanceKlass org/mockito/internal/configuration/SpyAnnotationEngine
instanceKlass org/mockito/internal/configuration/CaptorAnnotationProcessor
instanceKlass org/mockito/Captor
instanceKlass org/mockito/internal/configuration/MockAnnotationProcessor
instanceKlass org/mockito/Mock
instanceKlass org/mockito/internal/configuration/FieldAnnotationProcessor
instanceKlass org/mockito/internal/configuration/IndependentAnnotationEngine
instanceKlass org/mockito/internal/configuration/InjectingAnnotationEngine
instanceKlass org/mockito/internal/exceptions/stacktrace/DefaultStackTraceCleanerProvider
# instanceKlass java/lang/invoke/LambdaForm$DMH+0x00000000823b6800
instanceKlass org/mockito/internal/util/reflection/InstrumentationMemberAccessor$Dispatcher$ByteBuddy$Nn08aO4N
instanceKlass net/bytebuddy/dynamic/loading/ByteArrayClassLoader$ClassDefinitionAction
# instanceKlass java/lang/invoke/LambdaForm$MH+0x00000000823b5c00
# instanceKlass java/lang/invoke/LambdaForm$MH+0x00000000823b5800
# instanceKlass java/lang/invoke/LambdaForm$MH+0x00000000823b5400
# instanceKlass java/lang/invoke/LambdaForm$DMH+0x00000000823b5000
# instanceKlass java/lang/invoke/LambdaForm$DMH+0x00000000823b4c00
instanceKlass java/lang/ClassValue$RemovalToken
instanceKlass java/lang/invoke/MethodHandleImpl$ArrayAccessor
# instanceKlass java/lang/invoke/LambdaForm$MH+0x00000000823b4800
# instanceKlass java/lang/invoke/LambdaForm$MH+0x00000000823b4400
# instanceKlass java/lang/invoke/LambdaForm$MH+0x00000000823b4000
instanceKlass net/bytebuddy/dynamic/DynamicType$Loaded
instanceKlass net/bytebuddy/dynamic/DynamicType$AbstractBase
instanceKlass net/bytebuddy/dynamic/DynamicType$Unloaded
instanceKlass net/bytebuddy/dynamic/DynamicType
instanceKlass net/bytebuddy/dynamic/scaffold/TypeWriter$Default$UnresolvedType
instanceKlass net/bytebuddy/dynamic/scaffold/TypeWriter$MethodPool$Record$ForNonImplementedMethod
instanceKlass net/bytebuddy/dynamic/scaffold/TypeInitializer$Drain$Default
instanceKlass net/bytebuddy/description/type/TypeDescription$Generic$AnnotationReader$Delegator$ForLoadedExecutableExceptionType$Dispatcher
instanceKlass net/bytebuddy/implementation/MethodCall$ArgumentLoader$ForMethodParameter
instanceKlass net/bytebuddy/implementation/MethodCall$ArgumentLoader
instanceKlass net/bytebuddy/implementation/MethodCall$TargetHandler$ForMethodParameter$Resolved
instanceKlass net/bytebuddy/implementation/bytecode/StackManipulation$Size
instanceKlass net/bytebuddy/implementation/bytecode/member/MethodInvocation$WithImplicitInvocationTargetType
instanceKlass net/bytebuddy/implementation/bytecode/member/MethodVariableAccess$MethodLoading$TypeCastingHandler
instanceKlass net/bytebuddy/implementation/bytecode/StackManipulation$Compound
instanceKlass net/bytebuddy/implementation/bytecode/ByteCodeAppender$Size
instanceKlass net/bytebuddy/implementation/MethodCall$TargetHandler$ForMethodCall$Resolved
instanceKlass net/bytebuddy/implementation/MethodCall$TargetHandler$ForSelfOrStaticInvocation$Resolved
instanceKlass net/bytebuddy/description/modifier/Visibility$1
instanceKlass net/bytebuddy/dynamic/scaffold/TypeWriter$MethodPool$Record$AccessBridgeWrapper
instanceKlass net/bytebuddy/jar/asm/TypeReference
instanceKlass net/bytebuddy/implementation/attribute/AnnotationAppender$ForTypeAnnotations
instanceKlass net/bytebuddy/implementation/attribute/AnnotationAppender$Target$OnType
instanceKlass net/bytebuddy/implementation/attribute/AnnotationAppender$Default
instanceKlass net/bytebuddy/dynamic/scaffold/TypeWriter$Default$ValidatingClassVisitor$Constraint$Compound
instanceKlass net/bytebuddy/dynamic/scaffold/TypeWriter$Default$ValidatingClassVisitor$Constraint$ForClassFileVersion
instanceKlass net/bytebuddy/description/type/TypeDescription$Generic$Visitor$ForSignatureVisitor
instanceKlass net/bytebuddy/jar/asm/signature/SignatureVisitor
instanceKlass net/bytebuddy/dynamic/scaffold/TypeWriter$Default$ValidatingClassVisitor$Constraint
instanceKlass net/bytebuddy/dynamic/scaffold/TypeWriter$MethodPool$Record$ForDefinedMethod
instanceKlass net/bytebuddy/implementation/Implementation$Context$ExtractableView$AbstractBase
instanceKlass net/bytebuddy/utility/AsmClassWriter$ForAsm
instanceKlass net/bytebuddy/description/type/RecordComponentDescription$InDefinedShape
instanceKlass net/bytebuddy/description/type/RecordComponentDescription
instanceKlass net/bytebuddy/dynamic/scaffold/TypeInitializer$Drain
instanceKlass net/bytebuddy/dynamic/scaffold/inline/MethodRebaseResolver
instanceKlass net/bytebuddy/dynamic/scaffold/TypeWriter$Default$ClassDumpAction$Dispatcher
instanceKlass net/bytebuddy/dynamic/scaffold/TypeWriter$Default
instanceKlass net/bytebuddy/dynamic/scaffold/TypeWriter
instanceKlass net/bytebuddy/dynamic/scaffold/TypeWriter$RecordComponentPool$Record
instanceKlass net/bytebuddy/dynamic/scaffold/RecordComponentRegistry$Default$Compiled
instanceKlass net/bytebuddy/dynamic/scaffold/TypeWriter$FieldPool$Record
instanceKlass net/bytebuddy/dynamic/scaffold/FieldRegistry$Default$Compiled
instanceKlass net/bytebuddy/dynamic/scaffold/MethodRegistry$Default$Compiled
instanceKlass net/bytebuddy/implementation/SuperMethodCall$Appender
instanceKlass net/bytebuddy/dynamic/scaffold/MethodRegistry$Default$Compiled$Entry
instanceKlass net/bytebuddy/implementation/MethodCall$TargetHandler$ForSelfOrStaticInvocation
instanceKlass net/bytebuddy/implementation/MethodCall$MethodInvoker$ForContextualInvocation
instanceKlass net/bytebuddy/implementation/MethodCall$TargetHandler$ForMethodCall
instanceKlass net/bytebuddy/implementation/MethodCall$Appender
instanceKlass net/bytebuddy/dynamic/scaffold/TypeWriter$MethodPool$Record
instanceKlass net/bytebuddy/dynamic/scaffold/MethodRegistry$Handler$ForImplementation$Compiled
instanceKlass net/bytebuddy/implementation/Implementation$SpecialMethodInvocation
instanceKlass net/bytebuddy/implementation/Implementation$Target$AbstractBase
instanceKlass net/bytebuddy/implementation/Implementation$Target
instanceKlass net/bytebuddy/description/method/MethodDescription$SignatureToken
instanceKlass net/bytebuddy/description/type/PackageDescription$AbstractBase
instanceKlass net/bytebuddy/dynamic/scaffold/MethodRegistry$Compiled
instanceKlass net/bytebuddy/dynamic/scaffold/TypeWriter$MethodPool
instanceKlass net/bytebuddy/dynamic/scaffold/MethodRegistry$Default$Prepared
instanceKlass net/bytebuddy/dynamic/scaffold/MethodRegistry$Default$Prepared$Entry
instanceKlass net/bytebuddy/dynamic/scaffold/MethodGraph$Linked$Delegation
instanceKlass net/bytebuddy/dynamic/scaffold/MethodGraph$Compiler$Default$Key$Store$Graph
instanceKlass net/bytebuddy/dynamic/scaffold/MethodGraph$Compiler$Default$Key$Store$Entry$Resolved$Node
instanceKlass net/bytebuddy/dynamic/scaffold/MethodGraph$Node
instanceKlass net/bytebuddy/dynamic/scaffold/MethodGraph$Compiler$Default$Key$Store$Entry$Resolved
instanceKlass net/bytebuddy/dynamic/scaffold/MethodGraph$Compiler$Default$Key$Store$Entry$Initial
instanceKlass net/bytebuddy/dynamic/scaffold/MethodGraph$Compiler$Default$Harmonizer$ForJavaMethod$Token
instanceKlass net/bytebuddy/description/method/MethodDescription$TypeToken
instanceKlass net/bytebuddy/dynamic/scaffold/MethodGraph$Compiler$Default$Key
instanceKlass net/bytebuddy/dynamic/scaffold/MethodGraph$Compiler$Default$Key$Store$Entry
instanceKlass net/bytebuddy/dynamic/scaffold/MethodGraph$Compiler$Default$Key$Store
instanceKlass net/bytebuddy/dynamic/scaffold/subclass/SubclassDynamicTypeBuilder$InstrumentableMatcher
instanceKlass net/bytebuddy/description/type/TypeDescription$Generic$LazyProxy
instanceKlass jdk/internal/vm/annotation/IntrinsicCandidate
instanceKlass net/bytebuddy/description/method/ParameterDescription$InGenericShape
instanceKlass net/bytebuddy/description/method/MethodDescription$Token
instanceKlass net/bytebuddy/description/type/TypeDescription$Generic$Visitor$ForRawType
instanceKlass net/bytebuddy/description/method/MethodDescription$InGenericShape
instanceKlass net/bytebuddy/pool/TypePool$CacheProvider$Simple
instanceKlass net/bytebuddy/pool/TypePool$CacheProvider
instanceKlass net/bytebuddy/pool/TypePool$Resolution
instanceKlass net/bytebuddy/pool/TypePool$AbstractBase
instanceKlass net/bytebuddy/dynamic/TypeResolutionStrategy$Resolved
instanceKlass net/bytebuddy/implementation/MethodCall$ArgumentLoader$ForMethodParameter$Factory
instanceKlass net/bytebuddy/implementation/MethodCall$ArgumentLoader$ArgumentProvider
instanceKlass net/bytebuddy/implementation/MethodCall$ArgumentLoader$Factory
instanceKlass net/bytebuddy/implementation/MethodCall$TargetHandler$Resolved
instanceKlass net/bytebuddy/implementation/MethodCall$TargetHandler$ForMethodParameter
instanceKlass net/bytebuddy/implementation/MethodCall$TargetHandler$ForMethodCall$Factory
instanceKlass net/bytebuddy/dynamic/scaffold/MethodRegistry$Default$Entry
instanceKlass net/bytebuddy/dynamic/Transformer
instanceKlass net/bytebuddy/dynamic/scaffold/MethodRegistry$Handler$Compiled
instanceKlass net/bytebuddy/dynamic/scaffold/MethodRegistry$Handler$ForImplementation
instanceKlass net/bytebuddy/implementation/MethodCall$TerminationHandler
instanceKlass net/bytebuddy/implementation/MethodCall$MethodInvoker
instanceKlass net/bytebuddy/implementation/MethodCall$TargetHandler
instanceKlass net/bytebuddy/implementation/MethodCall$TargetHandler$ForField$Location
instanceKlass net/bytebuddy/implementation/MethodCall$MethodLocator$ForExplicitMethod
instanceKlass net/bytebuddy/implementation/MethodCall$MethodLocator
instanceKlass net/bytebuddy/implementation/MethodCall$TargetHandler$Factory
instanceKlass net/bytebuddy/implementation/MethodCall$MethodInvoker$Factory
instanceKlass net/bytebuddy/implementation/MethodCall$TerminationHandler$Factory
instanceKlass net/bytebuddy/implementation/MethodCall$MethodLocator$Factory
instanceKlass net/bytebuddy/dynamic/DynamicType$Builder$MethodDefinition$ReceiverTypeDefinition
instanceKlass net/bytebuddy/dynamic/DynamicType$Builder$MethodDefinition
instanceKlass net/bytebuddy/dynamic/DynamicType$Builder$MethodDefinition$ImplementationDefinition$AbstractBase
instanceKlass net/bytebuddy/implementation/attribute/AnnotationAppender
instanceKlass net/bytebuddy/implementation/attribute/AnnotationAppender$Target
instanceKlass net/bytebuddy/dynamic/scaffold/RecordComponentRegistry$Compiled
instanceKlass net/bytebuddy/dynamic/scaffold/RecordComponentRegistry$Default
instanceKlass net/bytebuddy/dynamic/scaffold/MethodRegistry$Prepared
instanceKlass net/bytebuddy/dynamic/scaffold/MethodRegistry$Default
instanceKlass net/bytebuddy/dynamic/scaffold/FieldRegistry$Compiled
instanceKlass net/bytebuddy/dynamic/scaffold/FieldRegistry$Default
instanceKlass net/bytebuddy/description/type/TypeDescription$Generic$Visitor$Substitutor
instanceKlass net/bytebuddy/description/TypeVariableSource$Visitor
instanceKlass net/bytebuddy/description/modifier/ModifierContributor$ForParameter
instanceKlass net/bytebuddy/description/modifier/ModifierContributor$ForModule$OfOpen
instanceKlass net/bytebuddy/description/modifier/ModifierContributor$ForModule$OfExport
instanceKlass net/bytebuddy/description/modifier/ModifierContributor$ForModule$OfRequire
instanceKlass net/bytebuddy/description/modifier/ModifierContributor$ForModule
instanceKlass net/bytebuddy/description/type/TypeDescription$LazyProxy
instanceKlass net/bytebuddy/description/modifier/ModifierContributor$Resolver
instanceKlass net/bytebuddy/description/modifier/ModifierContributor$ForField
instanceKlass net/bytebuddy/description/modifier/ModifierContributor$ForMethod
instanceKlass net/bytebuddy/description/modifier/ModifierContributor$ForType
instanceKlass net/bytebuddy/description/modifier/ModifierContributor
instanceKlass net/bytebuddy/dynamic/scaffold/TypeWriter$FieldPool
instanceKlass net/bytebuddy/dynamic/scaffold/TypeWriter$RecordComponentPool
instanceKlass net/bytebuddy/implementation/Implementation$Target$Factory
instanceKlass net/bytebuddy/dynamic/scaffold/FieldRegistry
instanceKlass net/bytebuddy/dynamic/scaffold/MethodRegistry
instanceKlass net/bytebuddy/dynamic/scaffold/RecordComponentRegistry
instanceKlass net/bytebuddy/dynamic/DynamicType$Builder$MethodDefinition$ParameterDefinition$Initial
instanceKlass net/bytebuddy/dynamic/DynamicType$Builder$MethodDefinition$ParameterDefinition$Simple
instanceKlass net/bytebuddy/dynamic/DynamicType$Builder$TypeVariableDefinition
instanceKlass net/bytebuddy/dynamic/DynamicType$Builder$FieldDefinition$Optional$Valuable
instanceKlass net/bytebuddy/dynamic/DynamicType$Builder$InnerTypeDefinition$ForType
instanceKlass net/bytebuddy/dynamic/DynamicType$Builder$InnerTypeDefinition
instanceKlass net/bytebuddy/dynamic/DynamicType$Builder$RecordComponentDefinition$Optional
instanceKlass net/bytebuddy/dynamic/DynamicType$Builder$RecordComponentDefinition
instanceKlass net/bytebuddy/description/module/ModuleDescription
instanceKlass net/bytebuddy/dynamic/DynamicType$Builder$MethodDefinition$ImplementationDefinition$Optional
instanceKlass net/bytebuddy/implementation/attribute/TypeAttributeAppender
instanceKlass net/bytebuddy/dynamic/DynamicType$Builder$FieldDefinition$Valuable
instanceKlass net/bytebuddy/dynamic/DynamicType$Builder$ModuleDefinition
instanceKlass net/bytebuddy/dynamic/DynamicType$Builder$FieldDefinition$Optional
instanceKlass net/bytebuddy/dynamic/DynamicType$Builder$FieldDefinition
instanceKlass net/bytebuddy/dynamic/DynamicType$Builder$MethodDefinition$ParameterDefinition
instanceKlass net/bytebuddy/dynamic/DynamicType$Builder$MethodDefinition$ExceptionDefinition
instanceKlass net/bytebuddy/dynamic/DynamicType$Builder$MethodDefinition$TypeVariableDefinition
instanceKlass net/bytebuddy/dynamic/DynamicType$Builder$MethodDefinition$ImplementationDefinition
instanceKlass net/bytebuddy/dynamic/TypeResolutionStrategy
instanceKlass net/bytebuddy/dynamic/DynamicType$Builder$AbstractBase
instanceKlass net/bytebuddy/dynamic/scaffold/MethodRegistry$Handler
instanceKlass org/mockito/internal/util/reflection/InstrumentationMemberAccessor$Dispatcher
instanceKlass net/bytebuddy/dynamic/loading/PackageDefinitionStrategy$Definition
instanceKlass  @bci jdk/internal/reflect/DirectMethodHandleAccessor invokeImpl (Ljava/lang/Object;[Ljava/lang/Object;)Ljava/lang/Object; 92 <adapter> ; # java/lang/invoke/LambdaForm$MH+0x000000008232a000
# instanceKlass java/lang/invoke/LambdaForm$MH+0x0000000082329c00
# instanceKlass java/lang/invoke/LambdaForm$MH+0x0000000082329800
# instanceKlass java/lang/invoke/LambdaForm$MH+0x0000000082329400
# instanceKlass java/lang/invoke/LambdaForm$MH+0x0000000082329000
# instanceKlass java/lang/invoke/LambdaForm$MH+0x0000000082328c00
# instanceKlass java/lang/invoke/LambdaForm$MH+0x0000000082328800
# instanceKlass java/lang/invoke/LambdaForm$MH+0x0000000082328400
instanceKlass net/bytebuddy/dynamic/loading/ByteArrayClassLoader$SynchronizationStrategy$ForJava8CapableVm
instanceKlass net/bytebuddy/dynamic/loading/ByteArrayClassLoader$SynchronizationStrategy
instanceKlass net/bytebuddy/dynamic/loading/ByteArrayClassLoader$SynchronizationStrategy$Initializable
instanceKlass net/bytebuddy/dynamic/loading/ByteArrayClassLoader$PackageLookupStrategy$ForJava9CapableVm
instanceKlass net/bytebuddy/utility/JavaModule$Module
instanceKlass net/bytebuddy/utility/JavaModule$Resolver
instanceKlass net/bytebuddy/utility/JavaModule
instanceKlass net/bytebuddy/dynamic/loading/ByteArrayClassLoader$PackageLookupStrategy
# instanceKlass java/lang/invoke/LambdaForm$MH+0x0000000082328000
instanceKlass net/bytebuddy/dynamic/loading/ClassLoaderDecorator$Factory
instanceKlass net/bytebuddy/dynamic/loading/ClassFilePostProcessor
instanceKlass net/bytebuddy/dynamic/loading/PackageDefinitionStrategy
instanceKlass net/bytebuddy/implementation/MethodCall
instanceKlass org/mockito/internal/util/reflection/InstrumentationMemberAccessor
instanceKlass org/mockito/internal/util/reflection/ModuleMemberAccessor
instanceKlass net/bytebuddy/asm/Advice$OffsetMapping$ForArgument
instanceKlass org/mockito/internal/creation/bytebuddy/MockMethodAdvice$ForEquals
instanceKlass org/mockito/internal/creation/bytebuddy/MockMethodAdvice$ForHashCode
instanceKlass org/mockito/internal/creation/bytebuddy/MockMethodAdvice$ConstructorShortcut
instanceKlass org/mockito/internal/creation/bytebuddy/MockMethodAdvice$ForStatic
instanceKlass net/bytebuddy/asm/AsmVisitorWrapper$ForDeclaredMethods$Entry
instanceKlass net/bytebuddy/asm/Advice$OffsetMapping$ForEnterValue
instanceKlass net/bytebuddy/asm/Advice$OffsetMapping$ForReturnValue
instanceKlass sun/reflect/generics/tree/VoidDescriptor
instanceKlass net/bytebuddy/asm/Advice$OffsetMapping$ForEnterValue$Factory
instanceKlass net/bytebuddy/asm/Advice$Dispatcher$RelocationHandler$ForValue$OfNonDefault
instanceKlass java/lang/reflect/GenericArrayType
instanceKlass net/bytebuddy/description/type/TypeDescription$Generic$AnnotationReader$Delegator$ForLoadedMethodReturnType$Dispatcher
instanceKlass sun/reflect/generics/tree/ClassSignature
instanceKlass sun/reflect/generics/reflectiveObjects/ParameterizedTypeImpl
instanceKlass sun/reflect/generics/reflectiveObjects/LazyReflectiveObjectGenerator
instanceKlass net/bytebuddy/asm/Advice$OnDefaultValue
instanceKlass net/bytebuddy/asm/Advice$Dispatcher$RelocationHandler$Bound
instanceKlass net/bytebuddy/asm/Advice$Dispatcher$RelocationHandler$ForType
instanceKlass net/bytebuddy/asm/Advice$Dispatcher$RelocationHandler
instanceKlass net/bytebuddy/asm/Advice$Dispatcher$SuppressionHandler$Bound
instanceKlass net/bytebuddy/asm/Advice$Dispatcher$SuppressionHandler$Suppressing
instanceKlass net/bytebuddy/asm/Advice$Dispatcher$SuppressionHandler
instanceKlass java/lang/reflect/AnnotatedArrayType
instanceKlass net/bytebuddy/description/type/TypeDescription$Generic$AnnotationReader$ForComponentType$AnnotatedParameterizedType
instanceKlass net/bytebuddy/asm/Advice$OffsetMapping$ForAllArguments
instanceKlass net/bytebuddy/description/type/TypeDescription$Generic$AnnotationReader$Delegator$ForLoadedExecutableParameterType$Dispatcher
instanceKlass net/bytebuddy/description/type/TypeDescription$Generic$AnnotationReader$Delegator
instanceKlass sun/reflect/generics/visitor/Reifier
instanceKlass sun/reflect/generics/tree/MethodTypeSignature
instanceKlass sun/reflect/generics/tree/Signature
instanceKlass sun/reflect/generics/tree/Wildcard
instanceKlass sun/reflect/generics/tree/BottomSignature
instanceKlass sun/reflect/generics/tree/ArrayTypeSignature
instanceKlass sun/reflect/generics/tree/ClassTypeSignature
instanceKlass sun/reflect/generics/tree/SimpleClassTypeSignature
instanceKlass sun/reflect/generics/tree/FormalTypeParameter
instanceKlass sun/reflect/generics/tree/FieldTypeSignature
instanceKlass sun/reflect/generics/tree/TypeArgument
instanceKlass sun/reflect/generics/tree/BaseType
instanceKlass sun/reflect/generics/tree/TypeSignature
instanceKlass sun/reflect/generics/tree/ReturnType
instanceKlass sun/reflect/generics/tree/TypeTree
instanceKlass sun/reflect/generics/parser/SignatureParser
instanceKlass sun/reflect/generics/tree/Tree
instanceKlass sun/reflect/generics/visitor/TypeTreeVisitor
instanceKlass sun/reflect/generics/repository/AbstractRepository
instanceKlass java/lang/reflect/ParameterizedType
instanceKlass java/lang/reflect/WildcardType
instanceKlass sun/reflect/generics/factory/CoreReflectionFactory
instanceKlass sun/reflect/generics/factory/GenericsFactory
instanceKlass sun/reflect/generics/scope/AbstractScope
instanceKlass sun/reflect/generics/scope/Scope
instanceKlass net/bytebuddy/description/enumeration/EnumerationDescription$AbstractBase
instanceKlass net/bytebuddy/asm/Advice$OffsetMapping$Target$ForDefaultValue
instanceKlass net/bytebuddy/asm/Advice$OffsetMapping$ForThisReference
instanceKlass net/bytebuddy/asm/Advice$OffsetMapping$ForStackManipulation
instanceKlass net/bytebuddy/asm/Advice$StubValue
instanceKlass net/bytebuddy/asm/Advice$Unused
instanceKlass net/bytebuddy/asm/Advice$FieldValue
instanceKlass net/bytebuddy/asm/Advice$OffsetMapping$ForLocalValue$Factory
instanceKlass net/bytebuddy/asm/Advice$OffsetMapping$Factory$Illegal
instanceKlass net/bytebuddy/asm/Advice$Exit
instanceKlass net/bytebuddy/asm/Advice$OffsetMapping$ForExitValue$Factory
instanceKlass net/bytebuddy/asm/Advice$Thrown
instanceKlass net/bytebuddy/asm/Advice$OffsetMapping$Target
instanceKlass net/bytebuddy/asm/Advice$DynamicConstant
instanceKlass net/bytebuddy/asm/Advice$Handle
instanceKlass net/bytebuddy/asm/Advice$SelfCallHandle
instanceKlass net/bytebuddy/asm/Advice$FieldSetterHandle
instanceKlass net/bytebuddy/asm/Advice$FieldGetterHandle
instanceKlass net/bytebuddy/asm/Advice$OffsetMapping$ForFieldHandle
instanceKlass net/bytebuddy/asm/Advice$OffsetMapping$ForField
instanceKlass net/bytebuddy/asm/Advice$Argument
instanceKlass net/bytebuddy/asm/Advice$ArgumentHandler
instanceKlass net/bytebuddy/asm/Advice$Dispatcher$Resolved$AbstractBase
instanceKlass net/bytebuddy/jar/asm/ClassReader
instanceKlass net/bytebuddy/utility/AsmClassReader$ForAsm
instanceKlass net/bytebuddy/utility/OpenedClassReader
instanceKlass net/bytebuddy/utility/StreamDrainer
instanceKlass net/bytebuddy/dynamic/ClassFileLocator$Resolution$Explicit
instanceKlass net/bytebuddy/asm/Advice$AllArguments
instanceKlass net/bytebuddy/asm/Advice$Origin
instanceKlass net/bytebuddy/asm/Advice$This
instanceKlass net/bytebuddy/asm/Advice$OnNonDefaultValue
instanceKlass net/bytebuddy/asm/Advice$Local
instanceKlass net/bytebuddy/asm/Advice$Enter
instanceKlass net/bytebuddy/asm/Advice$Return
instanceKlass net/bytebuddy/asm/Advice$Dispatcher$Inlining
instanceKlass net/bytebuddy/description/annotation/AnnotationValue$ForConstant$PropertyDelegate
instanceKlass net/bytebuddy/description/annotation/AnnotationValue$Loaded
instanceKlass net/bytebuddy/description/annotation/AnnotationValue$AbstractBase
instanceKlass  @cpi org/springframework/test/context/support/TestPropertySourceUtils 556 form vmentry <vmtarget> ; # java/lang/invoke/LambdaForm$DMH+0x0000000082304000
instanceKlass net/bytebuddy/asm/Advice$Dispatcher$Bound
instanceKlass net/bytebuddy/asm/Advice$Dispatcher$Resolved$ForMethodExit
instanceKlass net/bytebuddy/asm/Advice$Dispatcher$Resolved$ForMethodEnter
instanceKlass net/bytebuddy/asm/Advice$Dispatcher$Resolved
instanceKlass net/bytebuddy/dynamic/ClassFileLocator$Resolution
instanceKlass net/bytebuddy/dynamic/ClassFileLocator$ForClassLoader
instanceKlass net/bytebuddy/implementation/bytecode/StackManipulation$AbstractBase
instanceKlass net/bytebuddy/utility/JavaConstant$Simple$Dispatcher$OfDynamicConstantDesc
instanceKlass net/bytebuddy/utility/JavaConstant$Simple$Dispatcher$OfDirectMethodHandleDesc$ForKind
instanceKlass net/bytebuddy/utility/JavaConstant$Simple$Dispatcher$OfDirectMethodHandleDesc
instanceKlass net/bytebuddy/utility/JavaConstant$Simple$Dispatcher$OfMethodHandleDesc
instanceKlass net/bytebuddy/utility/JavaConstant$Simple$Dispatcher$OfMethodTypeDesc
instanceKlass net/bytebuddy/utility/dispatcher/JavaDispatcher$Dispatcher$ForStaticMethod
instanceKlass net/bytebuddy/utility/JavaConstant$Simple$Dispatcher$OfClassDesc
instanceKlass net/bytebuddy/utility/dispatcher/JavaDispatcher$Dispatcher$ForContainerCreation
instanceKlass net/bytebuddy/utility/JavaConstant$Simple$Dispatcher
instanceKlass net/bytebuddy/utility/JavaConstant$Simple
instanceKlass net/bytebuddy/utility/ConstantValue$Simple
instanceKlass net/bytebuddy/asm/Advice$OffsetMapping
instanceKlass net/bytebuddy/asm/Advice$OffsetMapping$ForStackManipulation$Factory
instanceKlass net/bytebuddy/asm/Advice$Delegator
instanceKlass net/bytebuddy/asm/Advice$PostProcessor
instanceKlass net/bytebuddy/asm/Advice$OffsetMapping$Factory
instanceKlass net/bytebuddy/asm/Advice$BootstrapArgumentResolver$Factory
instanceKlass net/bytebuddy/asm/Advice$WithCustomMapping
instanceKlass net/bytebuddy/asm/Advice$OnMethodExit
instanceKlass net/bytebuddy/asm/Advice$OnMethodEnter
instanceKlass net/bytebuddy/asm/Advice$Dispatcher$RelocationHandler$Relocation
instanceKlass net/bytebuddy/asm/Advice$PostProcessor$Factory
instanceKlass net/bytebuddy/asm/Advice$Delegator$Factory
instanceKlass net/bytebuddy/dynamic/ClassFileLocator
instanceKlass net/bytebuddy/asm/Advice$Dispatcher$Unresolved
instanceKlass net/bytebuddy/asm/Advice$Dispatcher
instanceKlass net/bytebuddy/asm/Advice$ExceptionHandler
instanceKlass net/bytebuddy/asm/Advice
instanceKlass net/bytebuddy/asm/AsmVisitorWrapper$ForDeclaredMethods$MethodVisitorWrapper
instanceKlass net/bytebuddy/asm/AsmVisitorWrapper$ForDeclaredMethods
instanceKlass org/mockito/internal/creation/bytebuddy/TypeCachingBytecodeGenerator$TypeCachingLock
instanceKlass org/mockito/internal/creation/bytebuddy/access/MockMethodInterceptor$ForWriteReplace
instanceKlass org/mockito/internal/creation/bytebuddy/access/MockMethodInterceptor$ForEquals
instanceKlass org/mockito/internal/creation/bytebuddy/access/MockMethodInterceptor$ForHashCode
instanceKlass org/mockito/internal/creation/bytebuddy/access/MockMethodInterceptor
instanceKlass org/mockito/internal/invocation/RealMethod
instanceKlass org/mockito/internal/creation/bytebuddy/access/MockMethodInterceptor$DispatcherDefaultingToRealMethod
instanceKlass net/bytebuddy/implementation/bytecode/assign/primitive/PrimitiveTypeAwareAssigner
instanceKlass net/bytebuddy/implementation/bytecode/assign/primitive/VoidAwareAssigner
instanceKlass net/bytebuddy/implementation/bytecode/assign/Assigner
instanceKlass net/bytebuddy/implementation/bind/MethodDelegationBinder$MethodBinding
instanceKlass net/bytebuddy/implementation/bind/annotation/TargetMethodAnnotationDrivenBinder$Record
instanceKlass net/bytebuddy/implementation/bind/annotation/TargetMethodAnnotationDrivenBinder$DelegationProcessor$Handler$Bound
instanceKlass net/bytebuddy/implementation/bind/annotation/TargetMethodAnnotationDrivenBinder$DelegationProcessor$Handler$Unbound
instanceKlass net/bytebuddy/description/type/TypeDefinition$Sort$AnnotatedType
instanceKlass net/bytebuddy/description/type/TypeDescription$Generic$AnnotationReader
instanceKlass net/bytebuddy/description/enumeration/EnumerationDescription
instanceKlass net/bytebuddy/description/annotation/AnnotationValue
instanceKlass net/bytebuddy/description/annotation/AnnotationDescription$AbstractBase
instanceKlass net/bytebuddy/description/annotation/AnnotationDescription$Loadable
instanceKlass net/bytebuddy/implementation/bind/annotation/RuntimeType
instanceKlass net/bytebuddy/implementation/bind/annotation/RuntimeType$Verifier
instanceKlass net/bytebuddy/description/method/ParameterDescription$ForLoadedParameter$Parameter
instanceKlass net/bytebuddy/description/method/ParameterDescription$InDefinedShape
instanceKlass net/bytebuddy/description/method/ParameterDescription
instanceKlass net/bytebuddy/description/NamedElement$WithOptionalName
instanceKlass net/bytebuddy/utility/dispatcher/JavaDispatcher$Dispatcher$ForInstanceCheck
instanceKlass net/bytebuddy/description/method/ParameterList$ForLoadedExecutable$Executable
instanceKlass net/bytebuddy/description/method/ParameterList
instanceKlass net/bytebuddy/implementation/bind/annotation/IgnoreForBinding
instanceKlass net/bytebuddy/description/annotation/AnnotationDescription
instanceKlass net/bytebuddy/implementation/bind/annotation/IgnoreForBinding$Verifier
instanceKlass net/bytebuddy/implementation/MethodDelegation$ImplementationDelegate$Compiled
instanceKlass net/bytebuddy/implementation/MethodDelegation$ImplementationDelegate$ForStaticMethod
instanceKlass net/bytebuddy/implementation/bind/annotation/Empty
instanceKlass net/bytebuddy/implementation/bind/annotation/StubValue
instanceKlass net/bytebuddy/implementation/bind/annotation/TargetMethodAnnotationDrivenBinder$DelegationProcessor$Handler
instanceKlass net/bytebuddy/implementation/bind/annotation/TargetMethodAnnotationDrivenBinder$DelegationProcessor
instanceKlass net/bytebuddy/implementation/bind/annotation/TargetMethodAnnotationDrivenBinder
instanceKlass net/bytebuddy/implementation/bind/MethodDelegationBinder
instanceKlass java/io/ObjectStreamConstants
instanceKlass java/io/ObjectInput
instanceKlass org/mockito/internal/creation/bytebuddy/access/MockAccess
instanceKlass org/mockito/internal/creation/bytebuddy/MockMethodAdvice$ForReadObject
instanceKlass net/bytebuddy/utility/CompoundList
instanceKlass net/bytebuddy/implementation/bind/annotation/TargetMethodAnnotationDrivenBinder$ParameterBinder$ForFixedValue
instanceKlass org/mockito/internal/creation/bytebuddy/MockMethodAdvice$Identifier
instanceKlass net/bytebuddy/implementation/bind/annotation/FieldSetterHandle
instanceKlass net/bytebuddy/implementation/bind/annotation/FieldGetterHandle
instanceKlass net/bytebuddy/implementation/bind/annotation/FieldValue
instanceKlass net/bytebuddy/dynamic/scaffold/FieldLocator$AbstractBase
instanceKlass net/bytebuddy/dynamic/scaffold/FieldLocator
instanceKlass net/bytebuddy/implementation/bind/annotation/TargetMethodAnnotationDrivenBinder$ParameterBinder$ForFieldBinding
instanceKlass net/bytebuddy/implementation/bind/annotation/DefaultMethodHandle
instanceKlass net/bytebuddy/implementation/bind/annotation/DefaultMethodHandle$Binder$MethodLocator
instanceKlass net/bytebuddy/implementation/bind/annotation/DefaultMethod
instanceKlass net/bytebuddy/implementation/bind/annotation/DefaultMethod$Binder$MethodLocator
instanceKlass net/bytebuddy/implementation/bind/annotation/DynamicConstant
instanceKlass net/bytebuddy/implementation/bind/annotation/Handle
instanceKlass net/bytebuddy/utility/JavaConstant
instanceKlass net/bytebuddy/utility/ConstantValue
instanceKlass net/bytebuddy/implementation/bind/annotation/SuperMethodHandle
instanceKlass net/bytebuddy/implementation/bind/annotation/SuperMethod
instanceKlass net/bytebuddy/implementation/bind/annotation/DefaultCallHandle
instanceKlass net/bytebuddy/implementation/bind/annotation/DefaultCallHandle$Binder$DefaultMethodLocator
instanceKlass net/bytebuddy/implementation/bind/annotation/DefaultCall
instanceKlass net/bytebuddy/implementation/bind/annotation/DefaultCall$Binder$DefaultMethodLocator
instanceKlass net/bytebuddy/implementation/bind/annotation/SuperCallHandle
instanceKlass net/bytebuddy/implementation/bind/annotation/SuperCall
instanceKlass net/bytebuddy/implementation/bind/annotation/Default
instanceKlass net/bytebuddy/implementation/bind/annotation/Super
instanceKlass net/bytebuddy/implementation/bind/annotation/This
instanceKlass net/bytebuddy/implementation/bind/annotation/Origin
instanceKlass net/bytebuddy/implementation/bind/annotation/AllArguments
instanceKlass net/bytebuddy/implementation/bind/annotation/Argument
instanceKlass net/bytebuddy/implementation/bind/MethodDelegationBinder$ParameterBinding
instanceKlass net/bytebuddy/implementation/bytecode/StackManipulation
instanceKlass net/bytebuddy/implementation/bind/annotation/TargetMethodAnnotationDrivenBinder$ParameterBinder
instanceKlass net/bytebuddy/description/method/MethodDescription$InDefinedShape$AbstractBase$Executable
instanceKlass net/bytebuddy/description/ByteCodeElement$Token
instanceKlass net/bytebuddy/description/method/ParameterDescription$ForLoadedParameter$ParameterAnnotationSource
instanceKlass net/bytebuddy/implementation/bind/annotation/BindingPriority
instanceKlass net/bytebuddy/implementation/bind/MethodDelegationBinder$AmbiguityResolver$Compound
instanceKlass net/bytebuddy/dynamic/scaffold/FieldLocator$Factory
instanceKlass net/bytebuddy/implementation/MethodDelegation$ImplementationDelegate
instanceKlass net/bytebuddy/implementation/bind/MethodDelegationBinder$BindingResolver
instanceKlass net/bytebuddy/implementation/MethodDelegation$WithCustomProperties
instanceKlass net/bytebuddy/implementation/bind/MethodDelegationBinder$AmbiguityResolver
instanceKlass net/bytebuddy/implementation/bind/MethodDelegationBinder$Record
instanceKlass net/bytebuddy/implementation/bind/MethodDelegationBinder$TerminationHandler
instanceKlass net/bytebuddy/implementation/MethodDelegation
instanceKlass net/bytebuddy/implementation/Implementation$Composable
instanceKlass jdk/internal/vm/annotation/ForceInline
instanceKlass org/mockito/internal/creation/bytebuddy/ModuleHandler
instanceKlass net/bytebuddy/dynamic/loading/ClassLoadingStrategy
instanceKlass net/bytebuddy/implementation/attribute/MethodAttributeAppender$Factory
instanceKlass net/bytebuddy/implementation/attribute/MethodAttributeAppender
instanceKlass org/mockito/internal/creation/bytebuddy/SubclassBytecodeGenerator
instanceKlass org/mockito/internal/util/concurrent/WeakConcurrentSet
instanceKlass net/bytebuddy/dynamic/TargetType
instanceKlass net/bytebuddy/utility/dispatcher/JavaDispatcher$ProxiedInvocationHandler
instanceKlass net/bytebuddy/utility/nullability/MaybeNull
instanceKlass net/bytebuddy/utility/dispatcher/JavaDispatcher$Dispatcher$ForNonStaticMethod
instanceKlass net/bytebuddy/utility/dispatcher/JavaDispatcher$IsConstructor
instanceKlass net/bytebuddy/utility/dispatcher/JavaDispatcher$IsStatic
instanceKlass net/bytebuddy/utility/dispatcher/JavaDispatcher$Container
instanceKlass net/bytebuddy/utility/dispatcher/JavaDispatcher$Instance
instanceKlass net/bytebuddy/utility/dispatcher/JavaDispatcher$Defaults
instanceKlass net/bytebuddy/utility/dispatcher/JavaDispatcher$Proxied
instanceKlass net/bytebuddy/utility/Invoker$Dispatcher
# instanceKlass java/lang/invoke/LambdaForm$MH+0x00000000822c4800
# instanceKlass java/lang/invoke/LambdaForm$MH+0x00000000822c4400
# instanceKlass java/lang/invoke/LambdaForm$MH+0x00000000822c4000
instanceKlass net/bytebuddy/jar/asm/Handler
instanceKlass net/bytebuddy/jar/asm/Frame
instanceKlass net/bytebuddy/jar/asm/Type
instanceKlass net/bytebuddy/jar/asm/ByteVector
instanceKlass net/bytebuddy/jar/asm/Symbol
instanceKlass net/bytebuddy/jar/asm/SymbolTable
instanceKlass net/bytebuddy/jar/asm/MethodVisitor
instanceKlass net/bytebuddy/jar/asm/FieldVisitor
instanceKlass net/bytebuddy/jar/asm/RecordComponentVisitor
instanceKlass net/bytebuddy/jar/asm/AnnotationVisitor
instanceKlass net/bytebuddy/jar/asm/ModuleVisitor
instanceKlass net/bytebuddy/utility/Invoker
instanceKlass net/bytebuddy/utility/dispatcher/JavaDispatcher$InvokerCreationAction
instanceKlass net/bytebuddy/utility/dispatcher/JavaDispatcher$DynamicClassLoader$Resolver$ForModuleSystem
instanceKlass net/bytebuddy/utility/dispatcher/JavaDispatcher$DynamicClassLoader$Resolver
instanceKlass net/bytebuddy/utility/dispatcher/JavaDispatcher$Dispatcher
instanceKlass net/bytebuddy/utility/dispatcher/JavaDispatcher
instanceKlass net/bytebuddy/description/type/TypeDescription$ForLoadedType$Dispatcher
instanceKlass net/bytebuddy/description/type/TypeList
instanceKlass net/bytebuddy/description/method/MethodList
instanceKlass net/bytebuddy/description/type/RecordComponentList
instanceKlass net/bytebuddy/description/field/FieldList
instanceKlass net/bytebuddy/description/annotation/AnnotationList
instanceKlass net/bytebuddy/description/ModifierReviewable$AbstractBase
instanceKlass net/bytebuddy/description/ModifierReviewable$ForModuleRequirement
instanceKlass net/bytebuddy/description/ModifierReviewable$ForModuleDescription
instanceKlass net/bytebuddy/description/ModifierReviewable$ForParameterDescription
instanceKlass net/bytebuddy/description/ModifierReviewable$OfMandatable
instanceKlass net/bytebuddy/matcher/LatentMatcher$Resolved
instanceKlass net/bytebuddy/jar/asm/Attribute
instanceKlass net/bytebuddy/jar/asmjdkbridge/JdkClassReader
instanceKlass net/bytebuddy/utility/AsmClassWriter
instanceKlass net/bytebuddy/jar/asm/ClassVisitor
instanceKlass net/bytebuddy/pool/TypePool
instanceKlass net/bytebuddy/utility/AsmClassReader
instanceKlass net/bytebuddy/dynamic/scaffold/InstrumentedType$WithFlexibleName
instanceKlass net/bytebuddy/dynamic/scaffold/InstrumentedType
instanceKlass net/bytebuddy/dynamic/scaffold/TypeInitializer
instanceKlass net/bytebuddy/implementation/bytecode/ByteCodeAppender
instanceKlass net/bytebuddy/implementation/LoadedTypeInitializer
instanceKlass net/bytebuddy/matcher/ElementMatcher$Junction$AbstractBase
instanceKlass net/bytebuddy/description/field/FieldDescription$InDefinedShape
instanceKlass net/bytebuddy/description/field/FieldDescription
instanceKlass net/bytebuddy/description/ModifierReviewable$ForFieldDescription
instanceKlass net/bytebuddy/description/method/MethodDescription$InDefinedShape
instanceKlass net/bytebuddy/description/method/MethodDescription
instanceKlass net/bytebuddy/description/ByteCodeElement$TypeDependant
instanceKlass net/bytebuddy/description/ByteCodeElement$Member
instanceKlass net/bytebuddy/description/NamedElement$WithGenericName
instanceKlass net/bytebuddy/description/DeclaredByType$WithMandatoryDeclaration
instanceKlass net/bytebuddy/description/ModifierReviewable$ForMethodDescription
instanceKlass net/bytebuddy/matcher/ElementMatcher$Junction
instanceKlass net/bytebuddy/matcher/ElementMatchers
instanceKlass net/bytebuddy/description/type/TypeDescription$Generic
instanceKlass net/bytebuddy/dynamic/scaffold/MethodGraph$Compiler$Default$Harmonizer
instanceKlass net/bytebuddy/dynamic/scaffold/MethodGraph$Compiler$Default$Merger
instanceKlass net/bytebuddy/dynamic/scaffold/MethodGraph$Linked
instanceKlass net/bytebuddy/dynamic/scaffold/MethodGraph
instanceKlass net/bytebuddy/description/type/TypeDescription$Generic$Visitor
instanceKlass net/bytebuddy/dynamic/scaffold/MethodGraph$Compiler$AbstractBase
instanceKlass net/bytebuddy/implementation/Implementation$Context$ExtractableView
instanceKlass net/bytebuddy/implementation/Implementation$Context
instanceKlass net/bytebuddy/implementation/MethodAccessorFactory
instanceKlass net/bytebuddy/implementation/attribute/AnnotationValueFilter
instanceKlass net/bytebuddy/implementation/auxiliary/AuxiliaryType$NamingStrategy$SuffixingRandom
instanceKlass net/bytebuddy/utility/RandomString
instanceKlass net/bytebuddy/utility/privilege/GetSystemPropertyAction
instanceKlass net/bytebuddy/description/type/PackageDescription
instanceKlass net/bytebuddy/description/type/TypeDescription
instanceKlass net/bytebuddy/description/TypeVariableSource
instanceKlass net/bytebuddy/description/ByteCodeElement
instanceKlass net/bytebuddy/description/annotation/AnnotationSource
instanceKlass net/bytebuddy/description/DeclaredByType
instanceKlass net/bytebuddy/description/NamedElement$WithDescriptor
instanceKlass net/bytebuddy/description/NamedElement$WithRuntimeName
instanceKlass net/bytebuddy/description/type/TypeList$Generic
instanceKlass net/bytebuddy/matcher/FilterableList
instanceKlass net/bytebuddy/dynamic/scaffold/subclass/ConstructorStrategy
instanceKlass net/bytebuddy/description/type/TypeDefinition
instanceKlass net/bytebuddy/description/ModifierReviewable$ForTypeDefinition
instanceKlass net/bytebuddy/description/ModifierReviewable$OfEnumeration
instanceKlass net/bytebuddy/description/ModifierReviewable$OfAbstraction
instanceKlass net/bytebuddy/description/ModifierReviewable$OfByteCodeElement
instanceKlass net/bytebuddy/description/ModifierReviewable
instanceKlass net/bytebuddy/description/NamedElement
instanceKlass net/bytebuddy/dynamic/DynamicType$Builder
instanceKlass net/bytebuddy/NamingStrategy$AbstractBase
instanceKlass net/bytebuddy/NamingStrategy$Suffixing$BaseNameResolver
instanceKlass net/bytebuddy/implementation/attribute/AnnotationValueFilter$Factory
instanceKlass net/bytebuddy/dynamic/scaffold/InstrumentedType$Factory
instanceKlass net/bytebuddy/dynamic/VisibilityBridgeStrategy
instanceKlass net/bytebuddy/utility/AsmClassReader$Factory
instanceKlass net/bytebuddy/utility/AsmClassWriter$Factory
instanceKlass net/bytebuddy/matcher/LatentMatcher
instanceKlass net/bytebuddy/implementation/auxiliary/AuxiliaryType$NamingStrategy
instanceKlass net/bytebuddy/NamingStrategy
instanceKlass net/bytebuddy/ByteBuddy
instanceKlass net/bytebuddy/asm/AsmVisitorWrapper
instanceKlass net/bytebuddy/implementation/Implementation
instanceKlass net/bytebuddy/dynamic/scaffold/InstrumentedType$Prepareable
instanceKlass net/bytebuddy/dynamic/scaffold/MethodGraph$Compiler
instanceKlass net/bytebuddy/implementation/Implementation$Context$Factory
instanceKlass org/mockito/internal/creation/bytebuddy/InlineBytecodeGenerator
instanceKlass net/bytebuddy/matcher/ElementMatcher
instanceKlass  @bci org/mockito/internal/creation/bytebuddy/InlineDelegateByteBuddyMockMaker <init> ()V 678 <appendix> member <vmtarget> ; # org/mockito/internal/creation/bytebuddy/InlineDelegateByteBuddyMockMaker$$Lambda+0x000000008229ddb8
instanceKlass org/mockito/internal/creation/bytebuddy/ConstructionCallback
instanceKlass  @bci org/mockito/internal/creation/bytebuddy/InlineDelegateByteBuddyMockMaker <init> ()V 660 <appendix> member <vmtarget> ; # org/mockito/internal/creation/bytebuddy/InlineDelegateByteBuddyMockMaker$$Lambda+0x000000008229d950
instanceKlass  @cpi org/mockito/internal/creation/bytebuddy/InlineDelegateByteBuddyMockMaker 262 form vmentry <vmtarget> ; # java/lang/invoke/LambdaForm$DMH+0x0000000082299800
instanceKlass org/mockito/internal/creation/bytebuddy/StackWalkerChecker
instanceKlass  @bci org/mockito/internal/creation/bytebuddy/InlineDelegateByteBuddyMockMaker <init> ()V 625 <appendix> argL0 ; # org/mockito/internal/creation/bytebuddy/InlineDelegateByteBuddyMockMaker$$Lambda+0x000000008229d4b8
instanceKlass  @bci org/mockito/internal/creation/bytebuddy/InlineDelegateByteBuddyMockMaker <init> ()V 107 <appendix> argL0 ; # org/mockito/internal/creation/bytebuddy/InlineDelegateByteBuddyMockMaker$$Lambda+0x000000008229d290
instanceKlass org/mockito/internal/util/concurrent/DetachedThreadLocal
instanceKlass org/mockito/internal/creation/bytebuddy/inject/MockMethodDispatcher
instanceKlass java/io/RandomAccessFile$1
instanceKlass java/io/FileOutputStream$1
instanceKlass java/util/Vector$Itr
instanceKlass java/util/zip/ZipOutputStream$XEntry
instanceKlass java/util/zip/Deflater$DeflaterZStreamRef
instanceKlass java/util/zip/Deflater
instanceKlass java/io/DeleteOnExitHook$1
instanceKlass java/io/DeleteOnExitHook
instanceKlass java/io/File$TempDirectory
instanceKlass sun/util/logging/PlatformLogger$ConfigurableBridge$LoggerConfiguration
instanceKlass jdk/internal/logger/LoggerFinderLoader
instanceKlass jdk/internal/logger/LazyLoggers$LazyLoggerFactories
instanceKlass jdk/internal/logger/LazyLoggers$1
instanceKlass jdk/internal/logger/LazyLoggers
instanceKlass  @bci java/lang/ProcessImpl <init> ([Ljava/lang/String;Ljava/lang/String;Ljava/lang/String;[JZZ)V 228 <appendix> member <vmtarget> ; # java/lang/ProcessImpl$$Lambda+0x0000000082273a78
instanceKlass  @cpi java/lang/ProcessImpl 623 form vmentry <vmtarget> ; # java/lang/invoke/LambdaForm$DMH+0x0000000082299400
instanceKlass java/lang/ProcessBuilder
instanceKlass net/bytebuddy/agent/Attacher
instanceKlass sun/security/util/ManifestEntryVerifier
instanceKlass net/bytebuddy/agent/ByteBuddyAgent$AttachmentProvider$Accessor$ExternalAttachment
instanceKlass com/sun/tools/attach/VirtualMachine
instanceKlass net/bytebuddy/agent/ByteBuddyAgent$AttachmentProvider$Accessor$Simple
# instanceKlass java/lang/invoke/LambdaForm$MH+0x0000000082299000
# instanceKlass java/lang/invoke/LambdaForm$MH+0x0000000082298c00
# instanceKlass java/lang/invoke/LambdaForm$BMH+0x0000000082298800
# instanceKlass java/lang/invoke/LambdaForm$DMH+0x0000000082298400
# instanceKlass java/lang/invoke/LambdaForm$DMH+0x0000000082298000
instanceKlass  @cpi com/fasterxml/jackson/datatype/jsr310/ser/ZonedDateTimeSerializer 77 form vmentry <vmtarget> ; # java/lang/invoke/LambdaForm$DMH+0x0000000082295c00
instanceKlass jdk/internal/vm/ThreadContainers
instanceKlass jdk/internal/vm/StackableScope
instanceKlass java/util/concurrent/LinkedTransferQueue$DualNode
instanceKlass java/util/concurrent/TransferQueue
instanceKlass java/util/concurrent/SynchronousQueue$WaitQueue
instanceKlass java/util/concurrent/ThreadPoolExecutor$AbortPolicy
instanceKlass java/util/concurrent/RejectedExecutionHandler
instanceKlass java/util/concurrent/AbstractExecutorService
instanceKlass java/util/concurrent/ScheduledExecutorService
instanceKlass java/util/concurrent/Executors
instanceKlass  @bci org/springframework/data/domain/PageImpl <init> (Ljava/util/List;Lorg/springframework/data/domain/Pageable;J)V 46 <appendix> form vmentry <vmtarget> ; # java/lang/invoke/LambdaForm$DMH+0x0000000082295800
instanceKlass  @bci java/lang/ProcessHandleImpl initReaper ()Ljava/util/concurrent/Executor; 45 <appendix> member <vmtarget> ; # java/lang/ProcessHandleImpl$$Lambda+0x000000008226e040
instanceKlass  @cpi java/lang/ProcessHandleImpl 358 form vmentry <vmtarget> ; # java/lang/invoke/LambdaForm$DMH+0x0000000082295400
# instanceKlass java/lang/invoke/LambdaForm$DMH+0x0000000082295000
instanceKlass jdk/internal/util/random/RandomSupport
instanceKlass java/lang/ProcessHandleImpl
# instanceKlass java/lang/invoke/LambdaForm$MH+0x0000000082294c00
# instanceKlass java/lang/invoke/LambdaForm$MH+0x0000000082294800
instanceKlass java/lang/reflect/AnnotatedType
instanceKlass java/lang/reflect/TypeVariable
instanceKlass net/bytebuddy/agent/ByteBuddyAgent$ProcessProvider$ForCurrentVm$ForJava9CapableVm
instanceKlass net/bytebuddy/agent/ByteBuddyAgent$AttachmentProvider$Accessor
instanceKlass net/bytebuddy/agent/ByteBuddyAgent$AttachmentProvider$Compound
instanceKlass net/bytebuddy/agent/ByteBuddyAgent$AttachmentProvider
instanceKlass java/util/concurrent/CompletableFuture
instanceKlass java/util/concurrent/CompletionStage
instanceKlass java/lang/ProcessHandle$Info
instanceKlass java/lang/ProcessHandle
instanceKlass net/bytebuddy/agent/ByteBuddyAgent$AttachmentTypeEvaluator$ForJava9CapableVm
# instanceKlass java/lang/invoke/LambdaForm$MH+0x0000000082294400
# instanceKlass java/lang/invoke/LambdaForm$MH+0x0000000082294000
instanceKlass java/security/PrivilegedExceptionAction
instanceKlass net/bytebuddy/agent/ByteBuddyAgent$AttachmentTypeEvaluator
instanceKlass net/bytebuddy/agent/ByteBuddyAgent$ProcessProvider
instanceKlass net/bytebuddy/agent/ByteBuddyAgent$AgentProvider
instanceKlass net/bytebuddy/agent/ByteBuddyAgent
instanceKlass  @bci org/mockito/internal/PremainAttachAccess getInstrumentation ()Ljava/lang/instrument/Instrumentation; 364 <appendix> argL0 ; # org/mockito/internal/PremainAttachAccess$$Lambda+0x0000000082291360
instanceKlass  @bci java/util/stream/Collectors toList ()Ljava/util/stream/Collector; 14 <appendix> argL0 ; # java/util/stream/Collectors$$Lambda+0x000000008226b488
instanceKlass  @bci java/util/stream/Collectors toList ()Ljava/util/stream/Collector; 9 <appendix> argL0 ; # java/util/stream/Collectors$$Lambda+0x000000008226b250
instanceKlass  @bci java/util/stream/Collectors toList ()Ljava/util/stream/Collector; 4 <appendix> argL0 ; # java/util/stream/Collectors$$Lambda+0x000000008226b028
instanceKlass  @bci sun/management/spi/PlatformMBeanProvider$PlatformComponent getMBeans (Ljava/lang/Class;)Ljava/util/List; 63 <appendix> member <vmtarget> ; # sun/management/spi/PlatformMBeanProvider$PlatformComponent$$Lambda+0x000000008226add8
instanceKlass  @bci sun/management/spi/PlatformMBeanProvider$PlatformComponent getMBeans (Ljava/lang/Class;)Ljava/util/List; 47 <appendix> member <vmtarget> ; # sun/management/spi/PlatformMBeanProvider$PlatformComponent$$Lambda+0x000000008226ab78
instanceKlass sun/management/RuntimeImpl
instanceKlass  @bci java/lang/management/ManagementFactory$PlatformMBeanFinder findSingleton (Ljava/lang/Class;)Lsun/management/spi/PlatformMBeanProvider$PlatformComponent; 30 <appendix> member <vmtarget> ; # java/lang/management/ManagementFactory$PlatformMBeanFinder$$Lambda+0x000000008226a5c0
instanceKlass  @bci java/lang/management/ManagementFactory$PlatformMBeanFinder findSingleton (Ljava/lang/Class;)Lsun/management/spi/PlatformMBeanProvider$PlatformComponent; 19 <appendix> member <vmtarget> ; # java/lang/management/ManagementFactory$PlatformMBeanFinder$$Lambda+0x000000008226a360
instanceKlass jdk/management/jfr/internal/FlightRecorderMXBeanProvider$SingleMBeanComponent
instanceKlass jdk/management/jfr/FlightRecorderMXBean
instanceKlass java/lang/management/DefaultPlatformMBeanProvider$11
instanceKlass java/lang/management/DefaultPlatformMBeanProvider$10
instanceKlass java/lang/management/DefaultPlatformMBeanProvider$9
instanceKlass sun/management/ManagementFactoryHelper$LoggingMXBeanAccess
instanceKlass java/lang/management/DefaultPlatformMBeanProvider$8
instanceKlass java/lang/management/DefaultPlatformMBeanProvider$7
instanceKlass java/lang/management/DefaultPlatformMBeanProvider$6
instanceKlass java/lang/management/DefaultPlatformMBeanProvider$5
instanceKlass java/lang/management/DefaultPlatformMBeanProvider$4
instanceKlass java/lang/management/DefaultPlatformMBeanProvider$3
instanceKlass java/lang/management/DefaultPlatformMBeanProvider$2
instanceKlass java/lang/management/DefaultPlatformMBeanProvider$1
instanceKlass com/sun/management/internal/PlatformMBeanProviderImpl$7
instanceKlass sun/management/VMManagementImpl
instanceKlass java/lang/management/BufferPoolMXBean
instanceKlass sun/management/HotspotCompilationMBean
instanceKlass sun/management/HotspotThreadMBean
instanceKlass sun/management/HotspotRuntimeMBean
instanceKlass sun/management/HotspotMemoryMBean
instanceKlass sun/management/HotspotClassLoadingMBean
instanceKlass java/lang/management/GarbageCollectorMXBean
instanceKlass java/lang/management/MemoryManagerMXBean
instanceKlass java/lang/management/MemoryPoolMXBean
instanceKlass sun/management/VMManagement
instanceKlass sun/management/ManagementFactoryHelper
instanceKlass javax/management/Descriptor
instanceKlass sun/management/NotificationEmitterSupport
instanceKlass javax/management/NotificationEmitter
instanceKlass javax/management/NotificationBroadcaster
instanceKlass com/sun/management/DiagnosticCommandMBean
instanceKlass com/sun/management/internal/PlatformMBeanProviderImpl$6
instanceKlass com/sun/management/internal/PlatformMBeanProviderImpl$5
instanceKlass jdk/management/VirtualThreadSchedulerMXBean
instanceKlass com/sun/management/internal/PlatformMBeanProviderImpl$4
instanceKlass jdk/management/HotSpotAOTCacheMXBean
instanceKlass com/sun/management/internal/PlatformMBeanProviderImpl$3
instanceKlass com/sun/management/ThreadMXBean
instanceKlass com/sun/management/internal/PlatformMBeanProviderImpl$2
instanceKlass com/sun/management/internal/PlatformMBeanProviderImpl$1
instanceKlass sun/management/spi/PlatformMBeanProvider$PlatformComponent
instanceKlass com/sun/management/HotSpotDiagnosticMXBean
instanceKlass sun/management/spi/PlatformMBeanProvider
instanceKlass java/lang/management/ManagementFactory$PlatformMBeanFinder
instanceKlass java/lang/management/RuntimeMXBean
instanceKlass javax/management/MBeanServer
instanceKlass java/lang/management/OperatingSystemMXBean
instanceKlass java/lang/management/CompilationMXBean
instanceKlass java/lang/management/ThreadMXBean
instanceKlass java/lang/management/MemoryMXBean
instanceKlass java/lang/management/ClassLoadingMXBean
instanceKlass javax/management/MBeanServerConnection
instanceKlass java/lang/management/PlatformManagedObject
instanceKlass javax/management/DynamicMBean
instanceKlass java/lang/management/ManagementFactory
instanceKlass java/lang/Process
instanceKlass net/bytebuddy/ClassFileVersion$VersionLocator$Resolved
instanceKlass net/bytebuddy/ClassFileVersion$VersionLocator
instanceKlass net/bytebuddy/ClassFileVersion
instanceKlass java/lang/SecurityManager
instanceKlass java/io/Console
instanceKlass net/bytebuddy/agent/Installer
instanceKlass org/mockito/internal/PremainAttach
instanceKlass org/mockito/internal/PremainAttachAccess
instanceKlass org/mockito/plugins/MockMaker$TypeMockability
instanceKlass org/mockito/plugins/MockMaker$SingletonMockControl
instanceKlass org/mockito/plugins/MockMaker$ConstructionMockControl
instanceKlass org/mockito/plugins/MockMaker$StaticMockControl
instanceKlass org/mockito/plugins/MockMaker$ScopedMockControl
instanceKlass org/mockito/internal/creation/bytebuddy/BytecodeGenerator
instanceKlass org/mockito/internal/creation/bytebuddy/InlineDelegateByteBuddyMockMaker
instanceKlass org/mockito/internal/creation/bytebuddy/InlineByteBuddyMockMaker
instanceKlass org/mockito/creation/instance/Instantiator
instanceKlass org/mockito/plugins/InlineMockMaker
instanceKlass org/mockito/internal/creation/bytebuddy/ClassCreatingMockMaker
instanceKlass org/mockito/internal/util/collections/Iterables
instanceKlass org/mockito/internal/configuration/plugins/PluginFinder
instanceKlass org/mockito/internal/configuration/plugins/PluginInitializer
instanceKlass org/mockito/plugins/DoNotMockEnforcerWithType
instanceKlass org/mockito/plugins/MemberAccessor
instanceKlass org/mockito/plugins/MockitoLogger
instanceKlass org/mockito/plugins/AnnotationEngine
instanceKlass org/mockito/plugins/InstantiatorProvider2
instanceKlass org/mockito/plugins/StackTraceCleanerProvider
instanceKlass org/mockito/plugins/MockMaker
instanceKlass org/mockito/internal/configuration/plugins/DefaultMockitoPlugins
instanceKlass org/mockito/internal/configuration/plugins/DefaultPluginSwitch
instanceKlass org/mockito/internal/configuration/plugins/PluginLoader
instanceKlass org/mockito/plugins/PluginSwitch
instanceKlass org/mockito/internal/configuration/plugins/PluginRegistry
instanceKlass org/mockito/plugins/MockitoPlugins
instanceKlass org/mockito/internal/configuration/plugins/Plugins
instanceKlass org/mockito/MockedConstruction
instanceKlass org/mockito/MockedSingleton
instanceKlass org/mockito/MockingDetails
instanceKlass org/mockito/internal/verification/api/VerificationDataInOrder
instanceKlass org/mockito/InOrder
instanceKlass org/mockito/stubbing/Stubber
instanceKlass org/mockito/MockedStatic
instanceKlass org/mockito/ScopedMock
instanceKlass org/mockito/internal/verification/api/VerificationData
instanceKlass org/mockito/stubbing/LenientStubber
instanceKlass org/mockito/stubbing/BaseStubber
instanceKlass org/mockito/internal/MockitoCore
instanceKlass org/mockito/MockitoFramework
instanceKlass org/mockito/session/MockitoSessionBuilder
instanceKlass org/mockito/verification/VerificationAfterDelay
instanceKlass org/mockito/verification/VerificationWithTimeout
instanceKlass org/mockito/verification/VerificationMode
instanceKlass org/mockito/stubbing/Answer
instanceKlass org/mockito/ArgumentMatcher
instanceKlass org/mockito/ArgumentMatchers
instanceKlass java/time/LocalTime$1
instanceKlass java/time/format/DateTimeFormatterBuilder$2
instanceKlass java/time/ZonedDateTime$1
instanceKlass java/time/format/DateTimePrintContext
instanceKlass java/time/ZonedDateTime
instanceKlass  @bci org/junit/jupiter/engine/extension/TimeoutConfiguration getDefaultLifecycleMethodTimeout ()Ljava/util/Optional; 18 <appendix> member <vmtarget> ; # org/junit/jupiter/engine/extension/TimeoutConfiguration$$Lambda+0x0000000082286ca0
instanceKlass  @bci org/junit/jupiter/engine/extension/TimeoutConfiguration getDefaultBeforeEachMethodTimeout ()Ljava/util/Optional; 18 <appendix> member <vmtarget> ; # org/junit/jupiter/engine/extension/TimeoutConfiguration$$Lambda+0x0000000082286a70
instanceKlass  @bci org/junit/jupiter/engine/extension/TimeoutExtension interceptBeforeEachMethod (Lorg/junit/jupiter/api/extension/InvocationInterceptor$Invocation;Lorg/junit/jupiter/api/extension/ReflectiveInvocationContext;Lorg/junit/jupiter/api/extension/ExtensionContext;)V 20 <appendix> argL0 ; # org/junit/jupiter/engine/extension/TimeoutExtension$$Lambda+0x0000000082286810
instanceKlass  @bci org/junit/jupiter/engine/descriptor/ClassBasedTestDescriptor invokeMethodInExtensionContext (Ljava/lang/reflect/Method;Lorg/junit/jupiter/api/extension/ExtensionContext;Lorg/junit/jupiter/engine/extension/ExtensionRegistry;Lorg/junit/jupiter/engine/execution/InterceptingExecutableInvoker$ReflectiveInterceptorCall$VoidMethodInterceptorCall;)V 47 <appendix> member <vmtarget> ; # org/junit/jupiter/engine/descriptor/ClassBasedTestDescriptor$$Lambda+0x00000000822865e0
instanceKlass  @bci org/junit/jupiter/engine/descriptor/ClassBasedTestDescriptor lambda$synthesizeBeforeEachMethodAdapter$0 (Ljava/lang/reflect/Method;Lorg/junit/jupiter/api/extension/ExtensionContext;Lorg/junit/jupiter/engine/extension/ExtensionRegistry;)V 21 <appendix> argL0 ; # org/junit/jupiter/engine/descriptor/ClassBasedTestDescriptor$$Lambda+0x00000000822863b8
instanceKlass  @bci org/junit/jupiter/engine/descriptor/ClassBasedTestDescriptor synthesizeBeforeEachMethodAdapter (Ljava/lang/reflect/Method;)Lorg/junit/jupiter/engine/execution/BeforeEachMethodAdapter; 17 <appendix> member <vmtarget> ; # org/junit/jupiter/engine/descriptor/ClassBasedTestDescriptor$$Lambda+0x0000000082286188
instanceKlass  @bci org/junit/jupiter/engine/extension/AutoCloseExtension closeFields (Ljava/lang/Class;Ljava/lang/Object;Lorg/junit/platform/engine/support/hierarchical/ThrowableCollector;)V 40 <appendix> argL0 ; # org/junit/jupiter/engine/extension/AutoCloseExtension$$Lambda+0x0000000082285f30
instanceKlass  @bci org/junit/jupiter/engine/extension/AutoCloseExtension afterAll (Lorg/junit/jupiter/api/extension/ExtensionContext;)V 17 <appendix> argL0 ; # org/junit/jupiter/engine/extension/AutoCloseExtension$$Lambda+0x0000000082285cd8
instanceKlass  @bci org/junit/jupiter/engine/descriptor/ClassBasedTestDescriptor invokeAfterAllCallbacks (Lorg/junit/jupiter/engine/execution/JupiterEngineExecutionContext;)V 19 <appendix> argL0 ; # org/junit/jupiter/engine/descriptor/ClassBasedTestDescriptor$$Lambda+0x0000000082285ab0
instanceKlass  @bci org/junit/jupiter/engine/descriptor/ClassBasedTestDescriptor invokeAfterAllMethods (Lorg/junit/jupiter/engine/execution/JupiterEngineExecutionContext;)V 96 <appendix> member <vmtarget> ; # org/junit/jupiter/engine/descriptor/ClassBasedTestDescriptor$$Lambda+0x0000000082285870
instanceKlass org/junit/jupiter/api/AssertFalse
instanceKlass  @bci fr/natsystem/projet/batch/Decider/CheckArgDecider decide (Lorg/springframework/batch/core/job/JobExecution;Lorg/springframework/batch/core/step/StepExecution;)Lorg/springframework/batch/core/job/flow/FlowExecutionStatus; 337 <appendix> argL0 ; # fr/natsystem/projet/batch/Decider/CheckArgDecider$$Lambda+0x0000000082285438
instanceKlass java/io/FileFilter
# instanceKlass java/lang/invoke/LambdaForm$MH+0x0000000082289c00
instanceKlass  @bci org/junit/platform/engine/support/store/NamespacedHierarchicalStore$CompositeKey equals (Ljava/lang/Object;)Z 15 <appendix> form vmentry <vmtarget> ; # java/lang/invoke/LambdaForm$MH+0x0000000082289800
instanceKlass  @bci org/junit/platform/engine/support/store/NamespacedHierarchicalStore$CompositeKey equals (Ljava/lang/Object;)Z 15 <appendix> argL1 form vmentry <vmtarget> ; # java/lang/invoke/LambdaForm$MH+0x0000000082289400
# instanceKlass java/lang/invoke/LambdaForm$MH+0x0000000082289000
instanceKlass java/util/TreeMap$PrivateEntryIterator
instanceKlass java/lang/invoke/LambdaFormEditor$1
# instanceKlass org/junit/platform/engine/support/store/NamespacedHierarchicalStore$CompositeKey$$EqualatorSpecializer+0x0000000082285228
instanceKlass  @bci java/lang/runtime/ObjectMethods lambda$makeEquals$0 (I[Ljava/lang/invoke/MethodHandle;[Ljava/lang/String;Ljava/util/List;Ljava/lang/classfile/ClassBuilder;)V 104 <appendix> member <vmtarget> ; # java/lang/runtime/ObjectMethods$$Lambda+0x000000008225e1e0
instanceKlass  @bci java/lang/runtime/ObjectMethods makeEquals (Ljava/lang/invoke/MethodHandles$Lookup;Ljava/lang/Class;Ljava/util/List;)Ljava/lang/invoke/MethodHandle; 264 <appendix> member <vmtarget> ; # java/lang/runtime/ObjectMethods$$Lambda+0x000000008225dfa0
# instanceKlass java/lang/invoke/LambdaForm$MH+0x0000000082288c00
# instanceKlass java/lang/invoke/LambdaForm$MH+0x0000000082288800
# instanceKlass java/lang/invoke/LambdaForm$MH+0x0000000082288400
instanceKlass  @bci org/springframework/web/servlet/FrameworkServlet initServletBean ()V 375 <appendix> form vmentry <vmtarget> ; # java/lang/invoke/LambdaForm$MH+0x0000000082288000
instanceKlass  @bci org/junit/platform/launcher/core/CompositeTestExecutionListener executionFinished (Lorg/junit/platform/launcher/TestIdentifier;Lorg/junit/platform/engine/TestExecutionResult;)V 62 <appendix> member <vmtarget> ; # org/junit/platform/launcher/core/CompositeTestExecutionListener$$Lambda+0x0000000082284ff8
instanceKlass  @bci org/junit/platform/launcher/core/CompositeTestExecutionListener executionFinished (Lorg/junit/platform/launcher/TestIdentifier;Lorg/junit/platform/engine/TestExecutionResult;)V 55 <appendix> member <vmtarget> ; # org/junit/platform/launcher/core/CompositeTestExecutionListener$$Lambda+0x0000000082284db8
instanceKlass  @bci org/junit/platform/launcher/core/CompositeTestExecutionListener executionFinished (Lorg/junit/platform/launcher/TestIdentifier;Lorg/junit/platform/engine/TestExecutionResult;)V 30 <appendix> member <vmtarget> ; # org/junit/platform/launcher/core/CompositeTestExecutionListener$$Lambda+0x0000000082284b88
instanceKlass  @bci org/junit/platform/launcher/core/CompositeTestExecutionListener executionFinished (Lorg/junit/platform/launcher/TestIdentifier;Lorg/junit/platform/engine/TestExecutionResult;)V 23 <appendix> member <vmtarget> ; # org/junit/platform/launcher/core/CompositeTestExecutionListener$$Lambda+0x0000000082284948
instanceKlass  @bci org/junit/platform/launcher/core/CompositeEngineExecutionListener executionFinished (Lorg/junit/platform/engine/TestDescriptor;Lorg/junit/platform/engine/TestExecutionResult;)V 30 <appendix> member <vmtarget> ; # org/junit/platform/launcher/core/CompositeEngineExecutionListener$$Lambda+0x0000000082284718
instanceKlass  @bci org/junit/platform/launcher/core/CompositeEngineExecutionListener executionFinished (Lorg/junit/platform/engine/TestDescriptor;Lorg/junit/platform/engine/TestExecutionResult;)V 23 <appendix> member <vmtarget> ; # org/junit/platform/launcher/core/CompositeEngineExecutionListener$$Lambda+0x00000000822844d8
instanceKlass  @bci org/junit/platform/launcher/core/StackTracePruningEngineExecutionListener getTestClassNames (Lorg/junit/platform/engine/TestDescriptor;)Ljava/util/List; 106 <appendix> argL0 ; # org/junit/platform/launcher/core/StackTracePruningEngineExecutionListener$$Lambda+0x0000000082284280
instanceKlass  @bci org/junit/platform/launcher/core/StackTracePruningEngineExecutionListener getTestClassNames (Lorg/junit/platform/engine/TestDescriptor;)Ljava/util/List; 88 <appendix> argL0 ; # org/junit/platform/launcher/core/StackTracePruningEngineExecutionListener$$Lambda+0x0000000082284038
instanceKlass  @bci org/junit/platform/launcher/core/StackTracePruningEngineExecutionListener getTestClassNames (Lorg/junit/platform/engine/TestDescriptor;)Ljava/util/List; 70 <appendix> argL0 ; # org/junit/platform/launcher/core/StackTracePruningEngineExecutionListener$$Lambda+0x0000000082283df0
instanceKlass  @bci org/junit/platform/launcher/core/StackTracePruningEngineExecutionListener getTestClassNames (Lorg/junit/platform/engine/TestDescriptor;)Ljava/util/List; 52 <appendix> argL0 ; # org/junit/platform/launcher/core/StackTracePruningEngineExecutionListener$$Lambda+0x0000000082283ba8
instanceKlass  @bci org/junit/jupiter/engine/descriptor/MethodBasedTestDescriptor invokeTestWatchers (Lorg/junit/jupiter/engine/execution/JupiterEngineExecutionContext;ZLjava/util/function/Consumer;)V 40 <appendix> member <vmtarget> ; # org/junit/jupiter/engine/descriptor/MethodBasedTestDescriptor$$Lambda+0x0000000082283968
instanceKlass  @bci org/junit/jupiter/engine/descriptor/TestMethodTestDescriptor nodeFinished (Lorg/junit/jupiter/engine/execution/JupiterEngineExecutionContext;Lorg/junit/platform/engine/TestDescriptor;Lorg/junit/platform/engine/TestExecutionResult;)V 54 <appendix> member <vmtarget> ; # org/junit/jupiter/engine/descriptor/TestMethodTestDescriptor$$Lambda+0x0000000082283728
instanceKlass org/junit/jupiter/api/extension/TestWatcher
instanceKlass org/junit/platform/engine/TestExecutionResult
instanceKlass  @bci org/junit/jupiter/engine/extension/TempDirectory$CloseablePath$1 postVisitDirectory (Ljava/nio/file/Path;Ljava/io/IOException;)Ljava/nio/file/FileVisitResult; 19 <appendix> member <vmtarget> ; # org/junit/jupiter/engine/extension/TempDirectory$CloseablePath$1$$Lambda+0x0000000082282c78
instanceKlass  @bci org/junit/jupiter/engine/extension/TempDirectory$CloseablePath lambda$close$1 (Lorg/junit/jupiter/engine/extension/TempDirectory$FileOperations;Ljava/nio/file/Path;)V 55 <appendix> member <vmtarget> ; # org/junit/jupiter/engine/extension/TempDirectory$CloseablePath$$Lambda+0x0000000082282a48
instanceKlass  @bci org/junit/jupiter/engine/extension/TempDirectory$CloseablePath lambda$close$1 (Lorg/junit/jupiter/engine/extension/TempDirectory$FileOperations;Ljava/nio/file/Path;)V 18 <appendix> member <vmtarget> ; # org/junit/jupiter/engine/extension/TempDirectory$CloseablePath$$Lambda+0x0000000082282818
instanceKlass  @bci org/junit/jupiter/engine/extension/TempDirectory$CloseablePath$1 visitFile (Ljava/nio/file/Path;Ljava/nio/file/attribute/BasicFileAttributes;)Ljava/nio/file/FileVisitResult; 18 <appendix> member <vmtarget> ; # org/junit/jupiter/engine/extension/TempDirectory$CloseablePath$1$$Lambda+0x00000000822825e8
instanceKlass  @bci org/junit/jupiter/engine/extension/TempDirectory$CloseablePath$1 preVisitDirectory (Ljava/nio/file/Path;Ljava/nio/file/attribute/BasicFileAttributes;)Ljava/nio/file/FileVisitResult; 17 <appendix> member <vmtarget> ; # org/junit/jupiter/engine/extension/TempDirectory$CloseablePath$1$$Lambda+0x00000000822823b8
instanceKlass java/nio/file/attribute/DosFileAttributeView
instanceKlass sun/nio/fs/WindowsLinkSupport
instanceKlass  @bci org/junit/jupiter/engine/extension/TempDirectory$CloseablePath close ()V 229 <appendix> member <vmtarget> ; # org/junit/jupiter/engine/extension/TempDirectory$CloseablePath$$Lambda+0x0000000082281f00
instanceKlass  @bci org/junit/jupiter/engine/extension/TempDirectory$CloseablePath close ()V 211 <appendix> member <vmtarget> ; # org/junit/jupiter/engine/extension/TempDirectory$CloseablePath$$Lambda+0x0000000082281cd0
instanceKlass  @bci org/junit/jupiter/engine/extension/TempDirectory$FileOperations <clinit> ()V 13 <appendix> argL0 ; # org/junit/jupiter/engine/extension/TempDirectory$FileOperations$$Lambda+0x0000000082281aa8
instanceKlass org/junit/jupiter/engine/extension/TempDirectory$FileOperations
instanceKlass  @bci org/junit/jupiter/engine/config/CachingJupiterConfiguration isClosingStoredAutoCloseablesEnabled ()Z 21 <appendix> member <vmtarget> ; # org/junit/jupiter/engine/config/CachingJupiterConfiguration$$Lambda+0x0000000082281650
instanceKlass  @bci org/junit/platform/engine/support/store/NamespacedHierarchicalStore close ()V 172 <appendix> member <vmtarget> ; # org/junit/platform/engine/support/store/NamespacedHierarchicalStore$$Lambda+0x0000000082281410
instanceKlass  @bci org/junit/platform/engine/support/store/NamespacedHierarchicalStore$EvaluatedValue <clinit> ()V 14 <appendix> argL0 ; # org/junit/platform/engine/support/store/NamespacedHierarchicalStore$EvaluatedValue$$Lambda+0x00000000822811c8
instanceKlass  @bci org/junit/platform/engine/support/store/NamespacedHierarchicalStore close ()V 136 <appendix> argL0 ; # org/junit/platform/engine/support/store/NamespacedHierarchicalStore$$Lambda+0x0000000082280f70
instanceKlass  @bci org/junit/platform/engine/support/store/NamespacedHierarchicalStore close ()V 118 <appendix> argL0 ; # org/junit/platform/engine/support/store/NamespacedHierarchicalStore$$Lambda+0x0000000082280d28
instanceKlass  @bci org/junit/jupiter/engine/descriptor/TestMethodTestDescriptor cleanUp (Lorg/junit/jupiter/engine/execution/JupiterEngineExecutionContext;)V 108 <appendix> member <vmtarget> ; # org/junit/jupiter/engine/descriptor/TestMethodTestDescriptor$$Lambda+0x00000000822808e0
instanceKlass  @bci org/junit/jupiter/engine/extension/AutoCloseExtension closeFields (Ljava/lang/Class;Ljava/lang/Object;Lorg/junit/platform/engine/support/hierarchical/ThrowableCollector;)V 76 <appendix> member <vmtarget> ; # org/junit/jupiter/engine/extension/AutoCloseExtension$$Lambda+0x00000000822806a0
instanceKlass org/junit/jupiter/api/AutoClose
instanceKlass  @bci org/junit/jupiter/engine/extension/AutoCloseExtension closeFields (Ljava/lang/Class;Ljava/lang/Object;Lorg/junit/platform/engine/support/hierarchical/ThrowableCollector;)V 48 <appendix> argL0 ; # org/junit/jupiter/engine/extension/AutoCloseExtension$$Lambda+0x0000000082280240
instanceKlass  @bci org/junit/jupiter/api/extension/TestInstancePreDestroyCallback preDestroyTestInstances (Lorg/junit/jupiter/api/extension/ExtensionContext;Ljava/util/function/Consumer;)V 116 <appendix> member <vmtarget> ; # org/junit/jupiter/api/extension/TestInstancePreDestroyCallback$$Lambda+0x0000000082280000
instanceKlass  @bci org/junit/jupiter/api/extension/TestInstancePreDestroyCallback preDestroyTestInstances (Lorg/junit/jupiter/api/extension/ExtensionContext;Ljava/util/function/Consumer;)V 95 <appendix> argL0 ; # org/junit/jupiter/api/extension/TestInstancePreDestroyCallback$$Lambda+0x000000008223fd10
instanceKlass  @bci org/junit/jupiter/engine/extension/AutoCloseExtension preDestroyTestInstance (Lorg/junit/jupiter/api/extension/ExtensionContext;)V 35 <appendix> member <vmtarget> ; # org/junit/jupiter/engine/extension/AutoCloseExtension$$Lambda+0x000000008223fad0
instanceKlass  @bci org/junit/jupiter/engine/extension/AutoCloseExtension preDestroyTestInstance (Lorg/junit/jupiter/api/extension/ExtensionContext;)V 17 <appendix> argL0 ; # org/junit/jupiter/engine/extension/AutoCloseExtension$$Lambda+0x000000008223f878
instanceKlass  @bci org/junit/jupiter/engine/descriptor/CallbackSupport lambda$invokeAfterCallbacks$0 (Lorg/junit/platform/engine/support/hierarchical/ThrowableCollector;Lorg/junit/jupiter/engine/descriptor/CallbackSupport$CallbackInvoker;Lorg/junit/jupiter/api/extension/ExtensionContext;Lorg/junit/jupiter/api/extension/Extension;)V 20 <appendix> member <vmtarget> ; # org/junit/jupiter/engine/descriptor/CallbackSupport$$Lambda+0x000000008223f648
instanceKlass  @bci org/junit/jupiter/engine/descriptor/TestMethodTestDescriptor invokeTestInstancePreDestroyCallbacks (Lorg/junit/jupiter/engine/execution/JupiterEngineExecutionContext;)V 18 <appendix> argL0 ; # org/junit/jupiter/engine/descriptor/TestMethodTestDescriptor$$Lambda+0x000000008223f420
instanceKlass  @bci org/junit/jupiter/engine/descriptor/MethodExtensionContext getTestInstanceLifecycle ()Ljava/util/Optional; 18 <appendix> argL0 ; # org/junit/jupiter/engine/descriptor/MethodExtensionContext$$Lambda+0x000000008223f1d8
instanceKlass  @bci org/junit/platform/engine/support/hierarchical/NodeTestTask cleanUp ()V 19 <appendix> member <vmtarget> ; # org/junit/platform/engine/support/hierarchical/NodeTestTask$$Lambda+0x000000008223efa8
instanceKlass  @bci org/junit/platform/engine/support/hierarchical/NodeTestTask lambda$executeRecursively$1 (Lorg/junit/platform/engine/support/hierarchical/ThrowableCollector;Lorg/junit/platform/engine/support/hierarchical/EngineExecutionContext;)V 48 <appendix> member <vmtarget> ; # org/junit/platform/engine/support/hierarchical/NodeTestTask$$Lambda+0x000000008223ed78
instanceKlass  @bci org/junit/platform/engine/support/hierarchical/NodeTestTask lambda$executeRecursively$2 (Lorg/junit/platform/engine/support/hierarchical/ThrowableCollector;)V 238 <appendix> member <vmtarget> ; # org/junit/platform/engine/support/hierarchical/NodeTestTask$$Lambda+0x000000008223eb48
instanceKlass  @bci org/junit/jupiter/engine/descriptor/TestMethodTestDescriptor invokeAfterEachCallbacks (Lorg/junit/jupiter/engine/execution/JupiterEngineExecutionContext;)V 18 <appendix> argL0 ; # org/junit/jupiter/engine/descriptor/TestMethodTestDescriptor$$Lambda+0x000000008223e920
instanceKlass  @bci org/junit/jupiter/engine/descriptor/TestMethodTestDescriptor invokeAfterEachMethods (Lorg/junit/jupiter/engine/execution/JupiterEngineExecutionContext;)V 33 <appendix> member <vmtarget> ; # org/junit/jupiter/engine/descriptor/TestMethodTestDescriptor$$Lambda+0x000000008223e6f0
instanceKlass  @bci org/junit/jupiter/engine/descriptor/CallbackSupport invokeAfterCallbacks (Ljava/lang/Class;Lorg/junit/jupiter/engine/execution/JupiterEngineExecutionContext;Lorg/junit/jupiter/engine/descriptor/CallbackSupport$CallbackInvoker;)V 69 <appendix> member <vmtarget> ; # org/junit/jupiter/engine/descriptor/CallbackSupport$$Lambda+0x000000008223e4b0
instanceKlass  @bci org/junit/jupiter/engine/descriptor/TestMethodTestDescriptor invokeAfterTestExecutionCallbacks (Lorg/junit/jupiter/engine/execution/JupiterEngineExecutionContext;)V 18 <appendix> argL0 ; # org/junit/jupiter/engine/descriptor/TestMethodTestDescriptor$$Lambda+0x000000008223e288
instanceKlass org/junit/jupiter/api/AssertionUtils
instanceKlass org/junit/jupiter/api/AssertEquals
instanceKlass org/junit/jupiter/api/Assertions
instanceKlass  @bci fr/natsystem/projet/batch/Decider/CheckArgDecider decide (Lorg/springframework/batch/core/job/JobExecution;Lorg/springframework/batch/core/step/StepExecution;)Lorg/springframework/batch/core/job/flow/FlowExecutionStatus; 240 <appendix> argL0 ; # fr/natsystem/projet/batch/Decider/CheckArgDecider$$Lambda+0x000000008223b248
# instanceKlass org/springframework/batch/core/job/parameters/JobParameters$$Lambda+0x000000008223afe8
instanceKlass java/time/Year
instanceKlass java/time/LocalDate$1
instanceKlass  @bci java/time/temporal/TemporalAdjusters nextOrSame (Ljava/time/DayOfWeek;)Ljava/time/temporal/TemporalAdjuster; 6 <appendix> member <vmtarget> ; # java/time/temporal/TemporalAdjusters$$Lambda+0x000000008225c130
instanceKlass java/time/temporal/TemporalAdjusters
instanceKlass java/time/Clock
instanceKlass java/time/InstantSource
instanceKlass org/springframework/util/StringUtils
instanceKlass org/springframework/batch/core/job/parameters/JobParametersBuilder
instanceKlass org/springframework/util/ObjectUtils
instanceKlass  @bci jdk/internal/reflect/MethodHandleBooleanFieldAccessorImpl setBoolean (Ljava/lang/Object;Z)V 41 <adapter> ; # java/lang/invoke/LambdaForm$MH+0x000000008223dc00
# instanceKlass java/lang/invoke/LambdaForm$MH+0x000000008223d800
# instanceKlass java/lang/invoke/LambdaForm$BMH+0x000000008223d400
# instanceKlass java/lang/invoke/LambdaForm$DMH+0x000000008223d000
instanceKlass org/springframework/util/ConcurrentReferenceHashMap$Entry
instanceKlass  @bci org/springframework/util/ConcurrentReferenceHashMap$Segment doTask (ILjava/lang/Object;Lorg/springframework/util/ConcurrentReferenceHashMap$Task;)Ljava/lang/Object; 314 <adapter> ; # java/lang/invoke/LambdaForm$MH+0x000000008223cc00
# instanceKlass java/lang/invoke/LambdaForm$DMH+0x000000008223c800
instanceKlass  @bci org/springframework/util/ConcurrentReferenceHashMap$Segment doTask (ILjava/lang/Object;Lorg/springframework/util/ConcurrentReferenceHashMap$Task;)Ljava/lang/Object; 314 <appendix> form vmentry <vmtarget> ; # java/lang/invoke/LambdaForm$DMH+0x000000008223c400
instanceKlass  @bci org/springframework/util/ConcurrentReferenceHashMap$Segment doTask (ILjava/lang/Object;Lorg/springframework/util/ConcurrentReferenceHashMap$Task;)Ljava/lang/Object; 314 <appendix> member <vmtarget> ; # org/springframework/util/ConcurrentReferenceHashMap$Segment$$Lambda+0x0000000082239740
instanceKlass  @cpi org/springframework/util/ConcurrentReferenceHashMap$Segment 160 form vmentry <vmtarget> ; # java/lang/invoke/LambdaForm$DMH+0x000000008223c000
instanceKlass org/springframework/util/ConcurrentReferenceHashMap$Entries
instanceKlass  @bci org/springframework/util/ReflectionUtils <clinit> ()V 32 <appendix> argL0 ; # org/springframework/util/ReflectionUtils$$Lambda+0x0000000082238a60
instanceKlass org/springframework/util/ReflectionUtils$FieldFilter
instanceKlass  @bci org/springframework/util/ReflectionUtils <clinit> ()V 15 <appendix> argL0 ; # org/springframework/util/ReflectionUtils$$Lambda+0x0000000082238620
instanceKlass org/springframework/util/ReflectionUtils$MethodFilter
instanceKlass org/springframework/util/ReflectionUtils
instanceKlass org/springframework/aop/SpringProxy
instanceKlass org/springframework/aop/support/AopUtils
instanceKlass org/springframework/test/util/AopTestUtils
instanceKlass org/springframework/aop/framework/Advised
instanceKlass org/springframework/aop/TargetClassAware
instanceKlass java/util/IdentityHashMap$EntryIterator$Entry
instanceKlass java/util/IdentityHashMap$IdentityHashMapIterator
instanceKlass org/springframework/util/ConcurrentReferenceHashMap$Reference
instanceKlass org/springframework/util/ConcurrentReferenceHashMap$ReferenceManager
instanceKlass org/springframework/util/Assert
instanceKlass org/springframework/util/ConcurrentReferenceHashMap$Task
instanceKlass org/springframework/util/ClassUtils
instanceKlass org/apache/commons/logging/impl/Slf4jLogFactory$Slf4jLocationAwareLog
instanceKlass  @bci org/apache/commons/logging/impl/Slf4jLogFactory getInstance (Ljava/lang/String;)Lorg/apache/commons/logging/Log; 31 <appendix> argL0 ; # org/apache/commons/logging/impl/Slf4jLogFactory$$Lambda+0x0000000082236d98
instanceKlass  @bci org/apache/commons/logging/LogFactory newStandardFactory (Ljava/lang/ClassLoader;)Lorg/apache/commons/logging/LogFactory; 103 <appendix> argL0 ; # org/apache/commons/logging/LogFactory$$Lambda+0x0000000082236b70
instanceKlass org/slf4j/helpers/BasicMarker
instanceKlass org/slf4j/MarkerFactory
instanceKlass org/apache/commons/logging/Log
instanceKlass  @bci org/apache/logging/log4j/util/SortedArrayStringMap <clinit> ()V 27 <appendix> argL0 ; # org/apache/logging/log4j/util/SortedArrayStringMap$$Lambda+0x0000000082236028
instanceKlass  @cpi org/apache/logging/log4j/util/SortedArrayStringMap 400 form vmentry <vmtarget> ; # java/lang/invoke/LambdaForm$DMH+0x0000000082230c00
instanceKlass org/apache/logging/log4j/util/TriConsumer
instanceKlass org/apache/logging/log4j/util/SortedArrayStringMap
instanceKlass org/apache/logging/log4j/util/IndexedStringMap
instanceKlass org/apache/logging/log4j/util/IndexedReadOnlyStringMap
instanceKlass org/apache/logging/log4j/util/StringMap
instanceKlass org/apache/logging/log4j/util/ReadOnlyStringMap
instanceKlass org/apache/logging/slf4j/MDCContextMap
instanceKlass org/apache/logging/log4j/spi/CleanableThreadContextMap
instanceKlass org/apache/logging/log4j/spi/ThreadContextMap2
instanceKlass  @bci org/apache/logging/log4j/util/PropertiesUtil$Environment get (Ljava/lang/String;)Ljava/lang/String; 85 <appendix> argL0 ; # org/apache/logging/log4j/util/PropertiesUtil$Environment$$Lambda+0x0000000082234940
instanceKlass  @bci org/apache/logging/log4j/util/PropertiesUtil$Environment get (Ljava/lang/String;)Ljava/lang/String; 67 <appendix> member <vmtarget> ; # org/apache/logging/log4j/util/PropertiesUtil$Environment$$Lambda+0x00000000822346f0
instanceKlass org/apache/logging/log4j/util/PropertySource$Comparator
instanceKlass  @bci java/util/regex/Pattern union (Ljava/util/regex/Pattern$CharPredicate;Ljava/util/regex/Pattern$CharPredicate;Z)Ljava/util/regex/Pattern$CharPredicate; 6 <appendix> member <vmtarget> ; # java/util/regex/Pattern$$Lambda+0x0000000082258108
instanceKlass  @bci java/util/regex/Pattern Range (II)Ljava/util/regex/Pattern$CharPredicate; 23 <appendix> member <vmtarget> ; # java/util/regex/Pattern$$Lambda+0x0000000082257e70
instanceKlass org/apache/logging/log4j/util/PropertySource$Util
instanceKlass org/apache/logging/log4j/util/Cast
instanceKlass org/apache/logging/log4j/util/LazyUtil$1
instanceKlass org/apache/logging/log4j/util/LazyUtil
instanceKlass org/springframework/boot/logging/log4j2/SpringBootPropertySource
instanceKlass org/apache/logging/log4j/util/SystemPropertiesPropertySource
instanceKlass org/apache/logging/log4j/util/EnvironmentPropertySource
instanceKlass  @bci org/apache/logging/log4j/util/PropertiesUtil$Environment <init> (Lorg/apache/logging/log4j/util/PropertySource;)V 210 <appendix> member <vmtarget> ; # org/apache/logging/log4j/util/PropertiesUtil$Environment$$Lambda+0x000000008222f068
instanceKlass  @bci org/apache/logging/log4j/util/ServiceLoaderUtil safeStream (Ljava/lang/Class;Ljava/util/ServiceLoader;Lorg/apache/logging/log4j/Logger;)Ljava/util/stream/Stream; 210 <appendix> member <vmtarget> ; # org/apache/logging/log4j/util/ServiceLoaderUtil$$Lambda+0x000000008222ee08
instanceKlass org/apache/logging/log4j/util/OsgiServiceLocator
instanceKlass  @bci org/apache/logging/log4j/util/StackLocator getCallerClass (I)Ljava/lang/Class; 41 <appendix> argL0 ; # org/apache/logging/log4j/util/StackLocator$$Lambda+0x000000008222e9b0
instanceKlass java/lang/StackStreamFactory$FrameBuffer
instanceKlass java/lang/StackStreamFactory
instanceKlass  @bci org/apache/logging/log4j/util/StackLocator getCallerClass (I)Ljava/lang/Class; 30 <appendix> member <vmtarget> ; # org/apache/logging/log4j/util/StackLocator$$Lambda+0x000000008222e768
instanceKlass  @cpi org/mockito/internal/debugging/LocationImpl 125 form vmentry <vmtarget> ; # java/lang/invoke/LambdaForm$DMH+0x0000000082230800
instanceKlass org/apache/logging/log4j/util/StackLocator
instanceKlass org/apache/logging/log4j/util/StackLocatorUtil
instanceKlass java/util/Spliterators$AbstractSpliterator
instanceKlass org/apache/logging/log4j/util/ServiceLoaderUtil
instanceKlass  @bci org/apache/logging/log4j/util/PropertiesUtil$Environment <init> (Lorg/apache/logging/log4j/util/PropertySource;)V 87 <appendix> argL0 ; # org/apache/logging/log4j/util/PropertiesUtil$Environment$$Lambda+0x000000008222dc40
instanceKlass org/apache/logging/log4j/util/BiConsumer
instanceKlass org/apache/logging/log4j/util/PropertiesUtil$Environment
instanceKlass org/apache/logging/log4j/util/PropertiesPropertySource
instanceKlass  @bci java/util/regex/CharPredicates ASCII_WORD ()Ljava/util/regex/Pattern$BmpCharPredicate; 0 <appendix> argL0 ; # java/util/regex/CharPredicates$$Lambda+0x0000000082255760
instanceKlass org/apache/logging/log4j/util/LazyUtil$SafeLazy
instanceKlass org/apache/logging/log4j/util/Lazy
instanceKlass  @bci org/apache/logging/log4j/util/PropertiesUtil <clinit> ()V 42 <appendix> argL0 ; # org/apache/logging/log4j/util/PropertiesUtil$$Lambda+0x000000008222cc48
instanceKlass org/apache/logging/log4j/util/PropertySource
instanceKlass org/apache/logging/log4j/util/PropertiesUtil
instanceKlass org/apache/logging/log4j/util/LoaderUtil$ThreadContextClassLoaderGetter
instanceKlass  @bci org/apache/logging/log4j/util/LoaderUtil <clinit> ()V 68 <appendix> argL0 ; # org/apache/logging/log4j/util/LoaderUtil$$Lambda+0x000000008222c3c8
instanceKlass  @cpi org/apache/logging/log4j/util/LoaderUtil 459 form vmentry <vmtarget> ; # java/lang/invoke/LambdaForm$DMH+0x0000000082230400
# instanceKlass java/lang/invoke/LambdaForm$DMH+0x0000000082230000
instanceKlass org/apache/logging/log4j/util/LazyBoolean
instanceKlass java/util/function/BooleanSupplier
instanceKlass org/apache/logging/log4j/util/LoaderUtil
instanceKlass org/apache/logging/log4j/spi/LoggerRegistry
instanceKlass org/apache/logging/slf4j/SLF4JLoggerContext
instanceKlass org/apache/logging/log4j/spi/LoggerContext
instanceKlass org/apache/logging/slf4j/SLF4JLoggerContextFactory
instanceKlass java/util/concurrent/ConcurrentLinkedQueue$Node
instanceKlass org/apache/logging/log4j/message/ExitMessage
instanceKlass org/apache/logging/log4j/message/EntryMessage
instanceKlass org/apache/logging/log4j/message/FlowMessage
instanceKlass org/apache/logging/log4j/status/StatusConsoleListener
instanceKlass  @bci java/util/regex/CharPredicates forUnicodeBlock (Ljava/lang/String;)Ljava/util/regex/Pattern$CharPredicate; 6 <appendix> member <vmtarget> ; # java/util/regex/CharPredicates$$Lambda+0x0000000082254588
instanceKlass java/lang/Character$Subset
instanceKlass  @bci org/apache/logging/log4j/status/StatusLogger$PropertiesUtilsDouble normalizeProperties ([Ljava/util/Properties;)Ljava/util/Map; 97 <appendix> member <vmtarget> ; # org/apache/logging/log4j/status/StatusLogger$PropertiesUtilsDouble$$Lambda+0x000000008222a630
instanceKlass java/util/Collections$UnmodifiableMap$UnmodifiableEntrySet$UnmodifiableEntry
instanceKlass java/util/Collections$UnmodifiableMap$UnmodifiableEntrySet$1
instanceKlass java/util/TreeMap$Entry
instanceKlass java/lang/ProcessEnvironment$CheckedEntry
instanceKlass java/lang/ProcessEnvironment$CheckedEntrySet$1
instanceKlass java/lang/ProcessEnvironment$EntryComparator
instanceKlass java/lang/ProcessEnvironment$NameComparator
instanceKlass org/apache/logging/log4j/status/StatusLogger$PropertiesUtilsDouble
instanceKlass org/apache/logging/log4j/status/StatusLogger$Config
instanceKlass org/apache/logging/log4j/status/StatusLogger$InstanceHolder
instanceKlass  @bci org/apache/logging/log4j/util/Strings <clinit> ()V 26 <appendix> argL0 ; # org/apache/logging/log4j/util/Strings$$Lambda+0x0000000082229ac0
instanceKlass org/apache/logging/log4j/util/Strings
instanceKlass org/apache/logging/log4j/Level
instanceKlass  @bci org/apache/logging/log4j/spi/AbstractLogger <clinit> ()V 277 <appendix> argL0 ; # org/apache/logging/log4j/spi/AbstractLogger$$Lambda+0x0000000082228e08
instanceKlass org/apache/logging/log4j/internal/DefaultLogBuilder
instanceKlass org/apache/logging/log4j/BridgeAware
instanceKlass org/apache/logging/log4j/message/DefaultFlowMessageFactory
instanceKlass org/apache/logging/log4j/message/FlowMessageFactory
instanceKlass org/apache/logging/log4j/message/AbstractMessageFactory
instanceKlass  @bci org/apache/logging/log4j/MarkerManager getMarker (Ljava/lang/String;)Lorg/apache/logging/log4j/Marker; 29 <appendix> argL0 ; # org/apache/logging/log4j/MarkerManager$$Lambda+0x0000000082227798
instanceKlass org/apache/logging/log4j/MarkerManager$Log4jMarker
instanceKlass org/apache/logging/log4j/util/StringBuilderFormattable
instanceKlass org/apache/logging/log4j/Marker
instanceKlass org/apache/logging/log4j/MarkerManager
instanceKlass org/apache/logging/log4j/status/StatusListener
instanceKlass java/util/EventListener
instanceKlass org/apache/logging/log4j/LogBuilder
instanceKlass org/apache/logging/log4j/message/Message
instanceKlass org/apache/logging/log4j/message/MessageFactory2
instanceKlass org/apache/logging/log4j/message/MessageFactory
instanceKlass org/apache/logging/log4j/spi/AbstractLogger
instanceKlass org/apache/logging/log4j/spi/LocationAwareLogger
instanceKlass org/apache/logging/log4j/spi/ExtendedLogger
instanceKlass org/apache/logging/log4j/spi/ThreadContextMap
instanceKlass org/apache/logging/log4j/spi/LoggerContextFactory
instanceKlass org/apache/logging/log4j/Logger
instanceKlass org/apache/logging/log4j/spi/Provider
instanceKlass  @bci org/apache/commons/logging/LogFactory isClassAvailable (Ljava/lang/String;Ljava/lang/ClassLoader;)Z 29 <appendix> member <vmtarget> ; # org/apache/commons/logging/LogFactory$$Lambda+0x0000000082219c50
instanceKlass  @bci org/apache/commons/logging/LogFactory getFactory ()Lorg/apache/commons/logging/LogFactory; 787 <appendix> argL0 ; # org/apache/commons/logging/LogFactory$$Lambda+0x0000000082219a28
instanceKlass  @bci org/apache/commons/logging/LogFactory getFactory ()Lorg/apache/commons/logging/LogFactory; 675 <appendix> argL0 ; # org/apache/commons/logging/LogFactory$$Lambda+0x0000000082219800
instanceKlass  @bci org/apache/commons/logging/LogFactory getResources (Ljava/lang/ClassLoader;Ljava/lang/String;)Ljava/util/Enumeration; 29 <appendix> member <vmtarget> ; # org/apache/commons/logging/LogFactory$$Lambda+0x000000008221bbc8
instanceKlass org/apache/commons/logging/impl/WeakHashtable$Referenced
instanceKlass  @bci org/apache/commons/logging/LogFactory getContextClassLoaderInternal ()Ljava/lang/ClassLoader; 27 <appendix> argL0 ; # org/apache/commons/logging/LogFactory$$Lambda+0x000000008221b528
instanceKlass  @bci org/apache/commons/logging/LogFactory getSystemProperty (Ljava/lang/String;Ljava/lang/String;)Ljava/lang/String; 29 <appendix> member <vmtarget> ; # org/apache/commons/logging/LogFactory$$Lambda+0x000000008221af20
instanceKlass org/apache/commons/logging/LogFactory
instanceKlass org/springframework/test/util/ReflectionTestUtils
instanceKlass ch/qos/logback/classic/util/LoggerNameUtil
instanceKlass org/slf4j/helpers/Reporter
instanceKlass ch/qos/logback/core/util/StatusPrinter2
instanceKlass ch/qos/logback/core/util/StatusPrinter
instanceKlass ch/qos/logback/core/status/StatusUtil
instanceKlass ch/qos/logback/core/spi/AppenderAttachableImpl
instanceKlass ch/qos/logback/core/util/ReentryGuard$ReentryGuardImpl
instanceKlass ch/qos/logback/core/util/ReentryGuard
instanceKlass ch/qos/logback/core/util/ReentryGuardFactory
instanceKlass ch/qos/logback/core/pattern/Converter
instanceKlass ch/qos/logback/core/util/CachingDateFormatter$CacheTuple
instanceKlass  @bci java/time/format/DateTimeFormatter <clinit> ()V 1075 <appendix> argL0 ; # java/time/format/DateTimeFormatter$$Lambda+0x00000000822518f8
instanceKlass  @bci java/time/format/DateTimeFormatter <clinit> ()V 1067 <appendix> argL0 ; # java/time/format/DateTimeFormatter$$Lambda+0x00000000822516d0
instanceKlass java/time/Period
instanceKlass java/time/format/DateTimeFormatterBuilder$TextPrinterParser
instanceKlass java/time/format/DateTimeTextProvider$1
instanceKlass java/time/format/DateTimeTextProvider$LocaleStore
instanceKlass java/time/format/DateTimeFormatterBuilder$InstantPrinterParser
instanceKlass java/time/format/DateTimeFormatterBuilder$StringLiteralPrinterParser
instanceKlass java/time/temporal/IsoFields
instanceKlass java/time/format/DateTimeFormatterBuilder$ZoneIdPrinterParser
instanceKlass java/time/format/DateTimeFormatterBuilder$OffsetIdPrinterParser
instanceKlass java/time/format/DecimalStyle
instanceKlass java/time/format/DateTimeFormatterBuilder$CompositePrinterParser
instanceKlass java/time/chrono/AbstractChronology
instanceKlass java/time/format/DateTimeFormatterBuilder$CharLiteralPrinterParser
instanceKlass  @bci java/time/format/DateTimeFormatterBuilder <clinit> ()V 0 <appendix> argL0 ; # java/time/format/DateTimeFormatterBuilder$$Lambda+0x000000008224c710
instanceKlass java/time/temporal/TemporalQuery
instanceKlass java/time/format/DateTimeTextProvider
instanceKlass java/time/format/DateTimeFormatterBuilder$NumberPrinterParser
instanceKlass java/time/format/DateTimeFormatterBuilder$DateTimePrinterParser
instanceKlass java/time/format/DateTimeFormatterBuilder
instanceKlass java/time/format/DateTimeFormatter
instanceKlass java/time/chrono/Chronology
instanceKlass java/time/chrono/Era
instanceKlass java/time/chrono/ChronoPeriod
instanceKlass java/time/chrono/ChronoZonedDateTime
instanceKlass java/time/zone/ZoneOffsetTransition
instanceKlass java/time/Instant
instanceKlass java/time/temporal/ValueRange
instanceKlass java/time/LocalTime
instanceKlass java/util/concurrent/atomic/AtomicReferenceArray
instanceKlass java/time/zone/ZoneOffsetTransitionRule
instanceKlass java/time/zone/ZoneRules
instanceKlass java/time/zone/Ser
instanceKlass java/time/zone/ZoneRulesProvider
instanceKlass ch/qos/logback/core/util/CachingDateFormatter
instanceKlass ch/qos/logback/core/util/SimpleTimeBasedGuard
instanceKlass ch/qos/logback/core/util/COWArrayList
instanceKlass ch/qos/logback/core/spi/FilterAttachableImpl
instanceKlass ch/qos/logback/core/Appender
instanceKlass ch/qos/logback/core/spi/FilterAttachable
instanceKlass ch/qos/logback/core/encoder/Encoder
instanceKlass ch/qos/logback/core/Layout
instanceKlass  @bci ch/qos/logback/classic/util/ContextInitializer printDuration (JLch/qos/logback/classic/spi/Configurator;Lch/qos/logback/classic/spi/Configurator$ExecutionStatus;)V 65 <adapter> ; # java/lang/invoke/LambdaForm$MH+0x0000000082219400
instanceKlass  @bci ch/qos/logback/classic/util/ContextInitializer printDuration (JLch/qos/logback/classic/spi/Configurator;Lch/qos/logback/classic/spi/Configurator$ExecutionStatus;)V 65 <appendix> form vmentry <vmtarget> ; # java/lang/invoke/LambdaForm$MH+0x0000000082219000
# instanceKlass java/lang/invoke/LambdaForm$BMH+0x0000000082218c00
instanceKlass  @bci ch/qos/logback/classic/util/ContextInitializer printDuration (JLch/qos/logback/classic/spi/Configurator;Lch/qos/logback/classic/spi/Configurator$ExecutionStatus;)V 65 <appendix> form names 6 function resolvedHandle form vmentry <vmtarget> ; # java/lang/invoke/LambdaForm$DMH+0x0000000082218800
instanceKlass  @bci ch/qos/logback/classic/util/ContextInitializer printDuration (JLch/qos/logback/classic/spi/Configurator;Lch/qos/logback/classic/spi/Configurator$ExecutionStatus;)V 65 <appendix> argL0 form vmentry <vmtarget> ; # java/lang/invoke/LambdaForm$DMH+0x0000000082218400
instanceKlass ch/qos/logback/core/spi/ContextAwareBase
instanceKlass ch/qos/logback/classic/util/ClassicEnvUtil
instanceKlass ch/qos/logback/core/status/StatusListener
instanceKlass ch/qos/logback/core/util/StatusListenerConfigHelper
instanceKlass ch/qos/logback/core/status/StatusBase
instanceKlass ch/qos/logback/core/util/VersionUtil
instanceKlass ch/qos/logback/classic/ClassicConstants
instanceKlass ch/qos/logback/classic/util/ClassicVersionUtil
instanceKlass ch/qos/logback/core/CoreConstants
instanceKlass ch/qos/logback/core/util/CoreVersionUtil
instanceKlass ch/qos/logback/core/util/OptionHelper
instanceKlass ch/qos/logback/core/util/Loader
instanceKlass ch/qos/logback/classic/spi/Configurator
instanceKlass ch/qos/logback/core/spi/ContextAwareImpl
instanceKlass ch/qos/logback/classic/util/ContextInitializer$1
instanceKlass ch/qos/logback/core/spi/ContextAware
instanceKlass ch/qos/logback/classic/util/ContextInitializer
instanceKlass org/slf4j/MDC
instanceKlass ch/qos/logback/classic/util/LogbackMDCAdapter
instanceKlass ch/qos/logback/classic/Level
instanceKlass ch/qos/logback/classic/spi/ILoggingEvent
instanceKlass ch/qos/logback/core/spi/DeferredProcessingAware
instanceKlass org/slf4j/spi/LoggingEventBuilder
instanceKlass ch/qos/logback/classic/Logger
instanceKlass ch/qos/logback/core/spi/AppenderAttachable
instanceKlass org/slf4j/spi/LoggingEventAware
instanceKlass org/slf4j/spi/LocationAwareLogger
instanceKlass ch/qos/logback/classic/spi/LoggerContextVO
instanceKlass ch/qos/logback/core/spi/LogbackLock
instanceKlass ch/qos/logback/core/helpers/CyclicBuffer
instanceKlass ch/qos/logback/core/BasicStatusManager
instanceKlass ch/qos/logback/core/status/Status
instanceKlass ch/qos/logback/core/status/StatusManager
instanceKlass ch/qos/logback/core/ContextBase
instanceKlass ch/qos/logback/core/spi/LifeCycle
instanceKlass ch/qos/logback/core/Context
instanceKlass ch/qos/logback/core/spi/PropertyContainer
instanceKlass ch/qos/logback/classic/spi/LogbackServiceProvider
instanceKlass org/slf4j/helpers/Util
instanceKlass org/slf4j/helpers/NOPMDCAdapter
instanceKlass org/slf4j/helpers/NOPLoggerFactory
instanceKlass org/slf4j/helpers/NOP_FallbackServiceProvider
instanceKlass org/slf4j/helpers/ThreadLocalMapOfStacks
instanceKlass org/slf4j/helpers/BasicMDCAdapter
instanceKlass org/slf4j/Marker
instanceKlass org/slf4j/helpers/BasicMarkerFactory
instanceKlass java/util/concurrent/LinkedBlockingQueue$Node
instanceKlass java/util/concurrent/locks/AbstractQueuedSynchronizer$Node
instanceKlass java/util/concurrent/locks/AbstractQueuedSynchronizer$ConditionObject
instanceKlass org/slf4j/Logger
instanceKlass org/slf4j/helpers/SubstituteLoggerFactory
instanceKlass org/slf4j/ILoggerFactory
instanceKlass org/slf4j/spi/MDCAdapter
instanceKlass org/slf4j/IMarkerFactory
instanceKlass org/slf4j/helpers/SubstituteServiceProvider
instanceKlass org/slf4j/event/LoggingEvent
instanceKlass org/slf4j/spi/SLF4JServiceProvider
instanceKlass org/slf4j/LoggerFactory
instanceKlass sun/nio/fs/WindowsChannelFactory$2
# instanceKlass java/lang/invoke/LambdaForm$MH+0x000000008220c800
# instanceKlass java/lang/invoke/LambdaForm$MH+0x000000008220c400
instanceKlass  @cpi java/nio/file/Files 1118 form vmentry <vmtarget> ; # java/lang/invoke/LambdaForm$DMH+0x000000008220c000
instanceKlass  @bci org/junit/platform/commons/util/ReflectionUtils invokeMethod (Ljava/lang/reflect/Method;Ljava/lang/Object;[Ljava/lang/Object;)Ljava/lang/Object; 79 <appendix> member <vmtarget> ; # org/junit/platform/commons/util/ReflectionUtils$$Lambda+0x0000000082208b48
instanceKlass  @bci org/junit/jupiter/engine/extension/TimeoutConfiguration getDefaultTestableMethodTimeout ()Ljava/util/Optional; 18 <appendix> member <vmtarget> ; # org/junit/jupiter/engine/extension/TimeoutConfiguration$$Lambda+0x0000000082208918
instanceKlass  @bci org/junit/jupiter/engine/extension/TimeoutConfiguration lambda$parseTimeoutDuration$0 (Ljava/lang/String;)Ljava/util/Optional; 26 <appendix> member <vmtarget> ; # org/junit/jupiter/engine/extension/TimeoutConfiguration$$Lambda+0x00000000822086c8
instanceKlass  @bci org/junit/jupiter/engine/extension/TimeoutConfiguration parseTimeoutDuration (Ljava/lang/String;)Ljava/util/Optional; 20 <appendix> member <vmtarget> ; # org/junit/jupiter/engine/extension/TimeoutConfiguration$$Lambda+0x0000000082208478
instanceKlass  @bci org/junit/jupiter/engine/extension/TimeoutConfiguration getDefaultTestMethodTimeout ()Ljava/util/Optional; 18 <appendix> member <vmtarget> ; # org/junit/jupiter/engine/extension/TimeoutConfiguration$$Lambda+0x0000000082208248
instanceKlass  @bci org/junit/jupiter/engine/extension/TimeoutConfiguration <init> (Lorg/junit/jupiter/api/extension/ExtensionContext;)V 116 <appendix> argL0 ; # org/junit/jupiter/engine/extension/TimeoutConfiguration$$Lambda+0x0000000082208000
instanceKlass  @bci org/junit/jupiter/engine/config/EnumConfigurationParameterConverter get (Lorg/junit/jupiter/api/extension/ExtensionContext;Ljava/lang/String;)Ljava/util/Optional; 18 <appendix> member <vmtarget> ; # org/junit/jupiter/engine/config/EnumConfigurationParameterConverter$$Lambda+0x00000000822038e8
instanceKlass  @bci java/util/regex/Pattern SingleU (I)Ljava/util/regex/Pattern$CharPredicate; 1 <appendix> member <vmtarget> ; # java/util/regex/Pattern$$Lambda+0x00000000822437e8
instanceKlass  @bci java/util/regex/Pattern CIRangeU (II)Ljava/util/regex/Pattern$CharPredicate; 13 <appendix> member <vmtarget> ; # java/util/regex/Pattern$$Lambda+0x0000000082243580
instanceKlass java/util/stream/Nodes$IntArrayNode
instanceKlass java/util/AbstractMap$KeyIterator
instanceKlass  @bci java/util/stream/IntPipeline toArray ()[I 1 <appendix> argL0 ; # java/util/stream/IntPipeline$$Lambda+0x00000000822424c8
instanceKlass java/util/stream/IntStream$Builder
instanceKlass  @bci jdk/internal/lang/CaseFolding <clinit> ()V 1171 <appendix> argL0 ; # jdk/internal/lang/CaseFolding$$Lambda+0x0000000082241150
instanceKlass jdk/internal/lang/CaseFolding
instanceKlass org/junit/jupiter/engine/extension/TimeoutDurationParser
instanceKlass  @bci org/junit/jupiter/engine/extension/TimeoutExtension getGlobalTimeoutConfiguration (Lorg/junit/jupiter/api/extension/ExtensionContext;)Lorg/junit/jupiter/engine/extension/TimeoutConfiguration; 41 <appendix> member <vmtarget> ; # org/junit/jupiter/engine/extension/TimeoutExtension$$Lambda+0x0000000082203228
instanceKlass  @bci org/junit/jupiter/engine/execution/NamespaceAwareStore get (Ljava/lang/Object;Ljava/lang/Class;)Ljava/lang/Object; 47 <appendix> member <vmtarget> ; # org/junit/jupiter/engine/execution/NamespaceAwareStore$$Lambda+0x0000000082202ff8
instanceKlass  @bci org/junit/jupiter/engine/extension/TimeoutExtension interceptTestMethod (Lorg/junit/jupiter/api/extension/InvocationInterceptor$Invocation;Lorg/junit/jupiter/api/extension/ReflectiveInvocationContext;Lorg/junit/jupiter/api/extension/ExtensionContext;)V 20 <appendix> argL0 ; # org/junit/jupiter/engine/extension/TimeoutExtension$$Lambda+0x0000000082202d98
instanceKlass org/junit/jupiter/engine/extension/TimeoutConfiguration
instanceKlass org/junit/jupiter/engine/extension/TimeoutExtension$TimeoutProvider
instanceKlass  @bci org/junit/jupiter/engine/execution/InterceptingExecutableInvoker invoke (Lorg/junit/jupiter/api/extension/InvocationInterceptor$Invocation;Lorg/junit/jupiter/api/extension/ReflectiveInvocationContext;Lorg/junit/jupiter/api/extension/ExtensionContext;Lorg/junit/jupiter/engine/extension/ExtensionRegistry;Lorg/junit/jupiter/engine/execution/InterceptingExecutableInvoker$ReflectiveInterceptorCall;)Ljava/lang/Object; 26 <appendix> member <vmtarget> ; # org/junit/jupiter/engine/execution/InterceptingExecutableInvoker$$Lambda+0x0000000082202700
instanceKlass org/junit/jupiter/engine/execution/MethodInvocation
instanceKlass  @bci org/junit/jupiter/engine/execution/ParameterResolutionUtils resolveParameters (Ljava/lang/reflect/Method;Ljava/util/Optional;Lorg/junit/jupiter/api/extension/ExtensionContext;Lorg/junit/jupiter/engine/extension/ExtensionRegistry;)[Ljava/lang/Object; 21 <appendix> member <vmtarget> ; # org/junit/jupiter/engine/execution/ParameterResolutionUtils$$Lambda+0x0000000082202230
instanceKlass  @bci org/junit/jupiter/engine/execution/InterceptingExecutableInvoker$ReflectiveInterceptorCall ofVoidMethod (Lorg/junit/jupiter/engine/execution/InterceptingExecutableInvoker$ReflectiveInterceptorCall$VoidMethodInterceptorCall;)Lorg/junit/jupiter/engine/execution/InterceptingExecutableInvoker$ReflectiveInterceptorCall; 14 <appendix> member <vmtarget> ; # org/junit/jupiter/engine/execution/InterceptingExecutableInvoker$ReflectiveInterceptorCall$$Lambda+0x0000000082202000
instanceKlass  @bci org/junit/jupiter/engine/descriptor/MethodExtensionContext getTestInstance ()Ljava/util/Optional; 18 <appendix> argL0 ; # org/junit/jupiter/engine/descriptor/MethodExtensionContext$$Lambda+0x0000000082207c28
instanceKlass  @bci org/junit/jupiter/engine/descriptor/TestMethodTestDescriptor invokeTestMethod (Lorg/junit/jupiter/engine/execution/JupiterEngineExecutionContext;Lorg/junit/platform/engine/support/hierarchical/Node$DynamicTestExecutor;)V 48 <appendix> member <vmtarget> ; # org/junit/jupiter/engine/descriptor/TestMethodTestDescriptor$$Lambda+0x00000000822079f8
instanceKlass  @bci org/junit/jupiter/engine/descriptor/TestMethodTestDescriptor invokeBeforeTestExecutionCallbacks (Lorg/junit/jupiter/engine/execution/JupiterEngineExecutionContext;)V 18 <appendix> argL0 ; # org/junit/jupiter/engine/descriptor/TestMethodTestDescriptor$$Lambda+0x00000000822077d0
instanceKlass  @bci org/junit/jupiter/engine/descriptor/TestMethodTestDescriptor invokeBeforeEachMethods (Lorg/junit/jupiter/engine/execution/JupiterEngineExecutionContext;)V 33 <appendix> member <vmtarget> ; # org/junit/jupiter/engine/descriptor/TestMethodTestDescriptor$$Lambda+0x00000000822075a0
instanceKlass  @bci jdk/internal/reflect/MethodHandleObjectFieldAccessorImpl set (Ljava/lang/Object;Ljava/lang/Object;)V 41 <adapter> ; # java/lang/invoke/LambdaForm$MH+0x0000000082201800
# instanceKlass java/lang/invoke/LambdaForm$MH+0x0000000082201400
# instanceKlass java/lang/invoke/LambdaForm$MH+0x0000000082201000
instanceKlass jdk/internal/reflect/FieldAccessorImpl
instanceKlass jdk/internal/reflect/FieldAccessor
instanceKlass  @bci org/junit/platform/engine/support/store/NamespacedHierarchicalStore compareAndPut (Lorg/junit/platform/engine/support/store/NamespacedHierarchicalStore$StoredValue;Lorg/junit/platform/engine/support/store/NamespacedHierarchicalStore$StoredValue;)Ljava/util/function/BiFunction; 16 <appendix> member <vmtarget> ; # org/junit/platform/engine/support/store/NamespacedHierarchicalStore$$Lambda+0x0000000082207360
instanceKlass com/intellij/rt/debugger/agent/CaptureStorage$6
instanceKlass sun/nio/fs/WindowsPath$1
instanceKlass sun/security/provider/AbstractDrbg$NonceProvider
instanceKlass  @bci sun/security/provider/AbstractDrbg$SeederHolder <clinit> ()V 42 <appendix> member <vmtarget> ; # sun/security/provider/AbstractDrbg$SeederHolder$$Lambda+0x000000008217e860
instanceKlass  @cpi sun/security/provider/AbstractDrbg$SeederHolder 91 form vmentry <vmtarget> ; # java/lang/invoke/LambdaForm$DMH+0x0000000082200c00
instanceKlass java/net/NetworkInterface$1
instanceKlass java/net/DefaultInterface
instanceKlass java/net/InterfaceAddress
instanceKlass sun/security/provider/ByteArrayAccess$BE
instanceKlass sun/security/provider/ByteArrayAccess
instanceKlass sun/security/jca/GetInstance$Instance
instanceKlass sun/security/jca/GetInstance
instanceKlass sun/security/util/CryptoAlgorithmConstraints$CryptoHolder
instanceKlass sun/security/util/AbstractAlgorithmConstraints
instanceKlass java/security/AlgorithmConstraints
instanceKlass sun/security/util/MessageDigestSpi2
instanceKlass java/security/MessageDigestSpi
instanceKlass sun/security/provider/SeedGenerator
instanceKlass sun/security/provider/AbstractDrbg$SeederHolder
instanceKlass java/security/DrbgParameters$NextBytes
instanceKlass  @bci sun/security/provider/AbstractDrbg <clinit> ()V 12 <appendix> argL0 ; # sun/security/provider/AbstractDrbg$$Lambda+0x000000008217acc0
instanceKlass  @cpi sun/security/provider/AbstractDrbg 383 form vmentry <vmtarget> ; # java/lang/invoke/LambdaForm$DMH+0x0000000082200800
# instanceKlass java/lang/invoke/LambdaForm$DMH+0x0000000082200400
instanceKlass sun/security/provider/EntropySource
instanceKlass java/security/DrbgParameters$Instantiation
instanceKlass java/security/DrbgParameters
instanceKlass sun/security/provider/MoreDrbgParameters
instanceKlass sun/security/provider/AbstractDrbg
instanceKlass sun/security/util/SecurityProviderConstants
instanceKlass java/security/Provider$UString
instanceKlass java/security/Provider$Service
instanceKlass sun/security/provider/NativePRNG$NonBlocking
instanceKlass sun/security/provider/NativePRNG$Blocking
instanceKlass sun/security/provider/NativePRNG
instanceKlass sun/security/provider/SunEntries
instanceKlass sun/security/util/SecurityConstants
instanceKlass java/util/AbstractList$Itr
instanceKlass jdk/internal/math/FloatingDecimal$ASCIIToBinaryBuffer
instanceKlass jdk/internal/math/MathUtils
instanceKlass  @bci jdk/internal/math/FloatingDecimal <clinit> ()V 52 <appendix> argL0 ; # jdk/internal/math/FloatingDecimal$$Lambda+0x00000000821755e8
instanceKlass jdk/internal/math/FloatingDecimal$BinaryToASCIIBuffer
instanceKlass jdk/internal/math/FloatingDecimal
instanceKlass javax/security/auth/login/Configuration$Parameters
instanceKlass java/security/Policy$Parameters
instanceKlass javax/crypto/KDFParameters
instanceKlass java/security/cert/CertStoreParameters
instanceKlass java/security/SecureRandomParameters
instanceKlass java/security/Provider$EngineDescription
instanceKlass  @bci java/security/Provider <clinit> ()V 28 <appendix> argL0 ; # java/security/Provider$$Lambda+0x00000000821740f0
instanceKlass java/security/Provider$ServiceKey
instanceKlass sun/security/jca/ProviderConfig
instanceKlass sun/security/jca/ProviderList
instanceKlass sun/security/jca/Providers
instanceKlass java/security/SecureRandomSpi
instanceKlass java/nio/file/TempFileHelper
instanceKlass java/util/LinkedList$Node
instanceKlass com/intellij/rt/debugger/agent/CaptureStorage$ConcurrentIdentityWeakHashMap$HardKey
instanceKlass com/intellij/rt/debugger/agent/CaptureStorage$5
instanceKlass  @bci org/junit/platform/engine/support/store/NamespacedHierarchicalStore computeIfAbsent (Ljava/lang/Object;Ljava/lang/Object;Ljava/util/function/Function;)Ljava/lang/Object; 168 <appendix> member <vmtarget> ; # org/junit/platform/engine/support/store/NamespacedHierarchicalStore$$Lambda+0x0000000082207120
instanceKlass com/intellij/rt/debugger/agent/CaptureStorage$ConcurrentIdentityWeakHashMap$Key
instanceKlass com/intellij/rt/debugger/agent/CaptureStorage$ExceptionCapturedStack
instanceKlass com/intellij/rt/debugger/agent/CaptureStorage$CapturedStack
instanceKlass com/intellij/rt/debugger/agent/CaptureStorage$3
instanceKlass  @bci org/junit/platform/engine/support/store/NamespacedHierarchicalStore$DeferredSupplier <init> (Ljava/util/function/Supplier;)V 35 <appendix> member <vmtarget> ; # org/junit/platform/engine/support/store/NamespacedHierarchicalStore$DeferredSupplier$$Lambda+0x0000000082206ef0
instanceKlass java/util/concurrent/FutureTask$WaitNode
instanceKlass java/util/concurrent/FutureTask
instanceKlass java/util/concurrent/RunnableFuture
instanceKlass org/junit/platform/engine/support/store/NamespacedHierarchicalStore$DeferredSupplier
instanceKlass org/junit/platform/engine/support/store/NamespacedHierarchicalStore$StoredValue$DeferredOptionalValue
instanceKlass  @bci org/junit/platform/engine/support/store/NamespacedHierarchicalStore computeIfAbsent (Ljava/lang/Object;Ljava/lang/Object;Ljava/util/function/Function;)Ljava/lang/Object; 140 <appendix> member <vmtarget> ; # org/junit/platform/engine/support/store/NamespacedHierarchicalStore$$Lambda+0x0000000082206860
instanceKlass  @bci org/junit/jupiter/engine/execution/NamespaceAwareStore computeIfAbsent (Ljava/lang/Object;Ljava/util/function/Function;Ljava/lang/Class;)Ljava/lang/Object; 68 <appendix> member <vmtarget> ; # org/junit/jupiter/engine/execution/NamespaceAwareStore$$Lambda+0x0000000082206630
instanceKlass  @bci org/junit/jupiter/engine/extension/TempDirectory getPathOrFile (Ljava/lang/Class;Lorg/junit/jupiter/api/extension/AnnotatedElementContext;Lorg/junit/jupiter/api/io/TempDirFactory;Lorg/junit/jupiter/api/io/CleanupMode;Lorg/junit/jupiter/api/extension/ExtensionContext;)Ljava/lang/Object; 45 <appendix> member <vmtarget> ; # org/junit/jupiter/engine/extension/TempDirectory$$Lambda+0x00000000822063e0
instanceKlass org/junit/jupiter/engine/extension/TempDirectory$CloseablePath
instanceKlass org/junit/jupiter/api/io/TempDirFactory$Standard
instanceKlass  @bci org/junit/jupiter/engine/config/DefaultJupiterConfiguration getDefaultTempDirFactorySupplier ()Ljava/util/function/Supplier; 37 <appendix> member <vmtarget> ; # org/junit/jupiter/engine/config/DefaultJupiterConfiguration$$Lambda+0x0000000082205a88
instanceKlass  @bci org/junit/jupiter/engine/config/CachingJupiterConfiguration getDefaultTempDirFactorySupplier ()Ljava/util/function/Supplier; 21 <appendix> member <vmtarget> ; # org/junit/jupiter/engine/config/CachingJupiterConfiguration$$Lambda+0x0000000082205838
instanceKlass  @bci org/junit/jupiter/engine/extension/TempDirectory determineTempDirFactoryForField (Ljava/lang/reflect/Field;)Lorg/junit/jupiter/api/io/TempDirFactory; 21 <appendix> member <vmtarget> ; # org/junit/jupiter/engine/extension/TempDirectory$$Lambda+0x0000000082205608
instanceKlass  @bci org/junit/jupiter/engine/config/CachingJupiterConfiguration getDefaultTempDirCleanupMode ()Lorg/junit/jupiter/api/io/CleanupMode; 21 <appendix> member <vmtarget> ; # org/junit/jupiter/engine/config/CachingJupiterConfiguration$$Lambda+0x00000000822053b8
instanceKlass  @bci org/junit/jupiter/engine/extension/TempDirectory determineCleanupModeForField (Ljava/lang/reflect/Field;)Lorg/junit/jupiter/api/io/CleanupMode; 21 <appendix> member <vmtarget> ; # org/junit/jupiter/engine/extension/TempDirectory$$Lambda+0x0000000082205188
instanceKlass  @bci org/junit/jupiter/engine/extension/TempDirectory injectInstanceFields (Lorg/junit/jupiter/api/extension/ExtensionContext;Ljava/lang/Object;)V 58 <appendix> argL0 ; # org/junit/jupiter/engine/extension/TempDirectory$$Lambda+0x0000000082204f30
instanceKlass  @bci org/junit/jupiter/engine/extension/TempDirectory beforeEach (Lorg/junit/jupiter/api/extension/ExtensionContext;)V 39 <appendix> member <vmtarget> ; # org/junit/jupiter/engine/extension/TempDirectory$$Lambda+0x0000000082204cf0
instanceKlass  @bci org/junit/platform/engine/support/store/NamespacedHierarchicalStore$CompositeKey hashCode ()I 14 <appendix> argL1 argL0 member <vmtarget> ; # org/junit/platform/engine/support/store/NamespacedHierarchicalStore$CompositeKey$$HasherSpecializer+0x0000000082204ae0
instanceKlass org/junit/platform/engine/support/store/NamespacedHierarchicalStore$StoredValue$Value
instanceKlass  @bci org/junit/jupiter/engine/execution/NamespaceAwareStore put (Ljava/lang/Object;Ljava/lang/Object;)V 32 <appendix> member <vmtarget> ; # org/junit/jupiter/engine/execution/NamespaceAwareStore$$Lambda+0x0000000082204450
instanceKlass org/junit/jupiter/api/extension/ExtensionContext$Store$CloseableResource
instanceKlass  @bci org/junit/jupiter/engine/descriptor/TestMethodTestDescriptor invokeBeforeEachCallbacks (Lorg/junit/jupiter/engine/execution/JupiterEngineExecutionContext;)V 18 <appendix> argL0 ; # org/junit/jupiter/engine/descriptor/TestMethodTestDescriptor$$Lambda+0x00000000821ffd50
instanceKlass  @bci org/junit/jupiter/engine/descriptor/ClassBasedTestDescriptor invokeTestInstancePostProcessors (Ljava/lang/Object;Lorg/junit/jupiter/engine/extension/ExtensionRegistry;Lorg/junit/jupiter/engine/execution/ExtensionContextSupplier;)V 29 <appendix> member <vmtarget> ; # org/junit/jupiter/engine/descriptor/ClassBasedTestDescriptor$$Lambda+0x00000000821ffb10
instanceKlass  @bci org/junit/jupiter/engine/descriptor/ClassBasedTestDescriptor instantiateAndPostProcessTestInstance (Lorg/junit/jupiter/engine/execution/JupiterEngineExecutionContext;Lorg/junit/jupiter/engine/descriptor/ClassExtensionContext;Lorg/junit/jupiter/engine/extension/ExtensionRegistry;Lorg/junit/jupiter/engine/execution/JupiterEngineExecutionContext;)Lorg/junit/jupiter/api/extension/TestInstances; 74 <appendix> member <vmtarget> ; # org/junit/jupiter/engine/descriptor/ClassBasedTestDescriptor$$Lambda+0x00000000821ff8e0
instanceKlass  @bci org/junit/jupiter/engine/descriptor/ClassBasedTestDescriptor instantiateTestClass (Ljava/util/Optional;Lorg/junit/jupiter/engine/extension/ExtensionRegistry;Lorg/junit/jupiter/engine/execution/ExtensionContextSupplier;)Lorg/junit/jupiter/api/extension/TestInstances; 158 <appendix> member <vmtarget> ; # org/junit/jupiter/engine/descriptor/ClassBasedTestDescriptor$$Lambda+0x00000000821ff690
instanceKlass org/junit/jupiter/engine/execution/DefaultTestInstances
instanceKlass org/junit/jupiter/engine/execution/InvocationInterceptorChain$ValidatingInvocation
instanceKlass  @bci org/junit/jupiter/engine/execution/InterceptingExecutableInvoker invoke (Lorg/junit/jupiter/api/extension/InvocationInterceptor$Invocation;Lorg/junit/jupiter/api/extension/ReflectiveInvocationContext;Lorg/junit/jupiter/engine/execution/ExtensionContextSupplier;Lorg/junit/jupiter/engine/extension/ExtensionRegistry;Lorg/junit/jupiter/engine/execution/InterceptingExecutableInvoker$ReflectiveInterceptorCall;)Ljava/lang/Object; 26 <appendix> member <vmtarget> ; # org/junit/jupiter/engine/execution/InterceptingExecutableInvoker$$Lambda+0x00000000821fed70
instanceKlass org/junit/jupiter/engine/execution/InvocationInterceptorChain$InterceptorCall
instanceKlass org/junit/jupiter/engine/execution/ConstructorInvocation
instanceKlass org/junit/jupiter/api/extension/ParameterContext
instanceKlass org/junit/jupiter/engine/execution/ParameterResolutionUtils
instanceKlass  @bci org/junit/jupiter/engine/descriptor/ClassBasedTestDescriptor invokeTestClassConstructor (Ljava/util/Optional;Lorg/junit/jupiter/engine/extension/ExtensionRegistry;Lorg/junit/jupiter/engine/execution/ExtensionContextSupplier;)Ljava/lang/Object; 44 <appendix> argL0 ; # org/junit/jupiter/engine/descriptor/ClassBasedTestDescriptor$$Lambda+0x00000000821fe020
instanceKlass  @cpi org/junit/jupiter/engine/descriptor/ClassBasedTestDescriptor 730 form vmentry <vmtarget> ; # java/lang/invoke/LambdaForm$DMH+0x0000000082200000
instanceKlass org/junit/jupiter/engine/execution/InterceptingExecutableInvoker$ReflectiveInterceptorCall
instanceKlass  @bci org/junit/jupiter/engine/descriptor/ClassBasedTestDescriptor invokeTestInstancePreConstructCallbacks (Lorg/junit/jupiter/api/extension/TestInstanceFactoryContext;Lorg/junit/jupiter/engine/extension/ExtensionRegistry;Lorg/junit/jupiter/engine/execution/ExtensionContextSupplier;)V 29 <appendix> member <vmtarget> ; # org/junit/jupiter/engine/descriptor/ClassBasedTestDescriptor$$Lambda+0x00000000821fdbd8
instanceKlass org/junit/jupiter/api/extension/TestInstancePreConstructCallback
instanceKlass  @bci org/junit/jupiter/engine/descriptor/ClassBasedTestDescriptor instantiateTestClass (Ljava/util/Optional;Lorg/junit/jupiter/engine/extension/ExtensionRegistry;Lorg/junit/jupiter/engine/execution/ExtensionContextSupplier;)Lorg/junit/jupiter/api/extension/TestInstances; 17 <appendix> argL0 ; # org/junit/jupiter/engine/descriptor/ClassBasedTestDescriptor$$Lambda+0x00000000821fd550
instanceKlass org/junit/jupiter/engine/execution/ExtensionContextSupplier$ScopeBasedExtensionContextSupplier
instanceKlass  @bci org/junit/jupiter/engine/config/CachingJupiterConfiguration getDefaultTestInstantiationExtensionContextScope ()Lorg/junit/jupiter/api/extension/TestInstantiationAwareExtension$ExtensionContextScope; 21 <appendix> member <vmtarget> ; # org/junit/jupiter/engine/config/CachingJupiterConfiguration$$Lambda+0x00000000821fcec8
instanceKlass org/junit/jupiter/engine/execution/ExtensionContextSupplier
instanceKlass  @bci org/junit/jupiter/engine/descriptor/ClassBasedTestDescriptor lambda$testInstancesProvider$0 (Lorg/junit/jupiter/engine/descriptor/ClassExtensionContext;Lorg/junit/jupiter/engine/execution/JupiterEngineExecutionContext;Lorg/junit/jupiter/engine/extension/ExtensionRegistry;Lorg/junit/jupiter/engine/execution/JupiterEngineExecutionContext;)Lorg/junit/jupiter/api/extension/TestInstances; 26 <appendix> member <vmtarget> ; # org/junit/jupiter/engine/descriptor/ClassBasedTestDescriptor$$Lambda+0x00000000821fca90
instanceKlass  @bci org/junit/jupiter/engine/descriptor/TestMethodTestDescriptor prepare (Lorg/junit/jupiter/engine/execution/JupiterEngineExecutionContext;)Lorg/junit/jupiter/engine/execution/JupiterEngineExecutionContext; 164 <appendix> member <vmtarget> ; # org/junit/jupiter/engine/descriptor/TestMethodTestDescriptor$$Lambda+0x00000000821fc860
instanceKlass  @bci org/junit/jupiter/engine/descriptor/ClassExtensionContext getTestInstance ()Ljava/util/Optional; 18 <appendix> argL0 ; # org/junit/jupiter/engine/descriptor/ClassExtensionContext$$Lambda+0x00000000821fc120
instanceKlass  @bci org/junit/jupiter/engine/extension/TempDirectory injectFields (Lorg/junit/jupiter/api/extension/ExtensionContext;Ljava/lang/Object;Ljava/lang/Class;Ljava/util/function/Predicate;)V 27 <appendix> member <vmtarget> ; # org/junit/jupiter/engine/extension/TempDirectory$$Lambda+0x00000000821fbee0
instanceKlass  @bci org/junit/platform/commons/util/AnnotationUtils findAnnotatedFields (Ljava/lang/Class;Ljava/lang/Class;Ljava/util/function/Predicate;Lorg/junit/platform/commons/util/ReflectionUtils$HierarchyTraversalMode;)Ljava/util/List; 71 <appendix> member <vmtarget> ; # org/junit/platform/commons/util/AnnotationUtils$$Lambda+0x00000000821fbc80
instanceKlass  @bci org/junit/jupiter/engine/extension/TempDirectory injectStaticFields (Lorg/junit/jupiter/api/extension/ExtensionContext;Ljava/lang/Class;)V 18 <appendix> argL0 ; # org/junit/jupiter/engine/extension/TempDirectory$$Lambda+0x00000000821fba28
instanceKlass  @bci org/junit/jupiter/engine/extension/TempDirectory installFailureTracker (Lorg/junit/jupiter/api/extension/ExtensionContext;)V 38 <appendix> member <vmtarget> ; # org/junit/jupiter/engine/extension/TempDirectory$$Lambda+0x00000000821fb7e8
instanceKlass  @bci org/junit/jupiter/engine/extension/TempDirectory installFailureTracker (Lorg/junit/jupiter/api/extension/ExtensionContext;)V 21 <appendix> member <vmtarget> ; # org/junit/jupiter/engine/extension/TempDirectory$$Lambda+0x00000000821fb588
instanceKlass  @bci org/junit/jupiter/engine/extension/TimeoutExtension readAndStoreTimeoutSoChildrenInheritIt (Lorg/junit/jupiter/api/extension/ExtensionContext;)V 52 <appendix> member <vmtarget> ; # org/junit/jupiter/engine/extension/TimeoutExtension$$Lambda+0x00000000821fb348
instanceKlass  @bci org/junit/jupiter/engine/extension/TimeoutExtension readTimeoutThreadModeFromAnnotation (Ljava/util/Optional;)Ljava/util/Optional; 20 <appendix> argL0 ; # org/junit/jupiter/engine/extension/TimeoutExtension$$Lambda+0x00000000821fb100
instanceKlass  @bci org/junit/jupiter/engine/extension/TimeoutExtension readAndStoreTimeoutSoChildrenInheritIt (Lorg/junit/jupiter/api/extension/ExtensionContext;)V 25 <appendix> member <vmtarget> ; # org/junit/jupiter/engine/extension/TimeoutExtension$$Lambda+0x00000000821fac70
instanceKlass  @bci org/junit/jupiter/engine/extension/TimeoutExtension readTimeoutFromAnnotation (Ljava/util/Optional;)Ljava/util/Optional; 20 <appendix> argL0 ; # org/junit/jupiter/engine/extension/TimeoutExtension$$Lambda+0x00000000821faa28
instanceKlass java/time/temporal/TemporalUnit
instanceKlass  @bci org/junit/jupiter/engine/descriptor/CallbackSupport invokeBeforeCallbacks (Ljava/lang/Class;Lorg/junit/jupiter/engine/execution/JupiterEngineExecutionContext;Lorg/junit/jupiter/engine/descriptor/CallbackSupport$CallbackInvoker;)V 124 <appendix> member <vmtarget> ; # org/junit/jupiter/engine/descriptor/CallbackSupport$$Lambda+0x00000000821fa5e0
instanceKlass org/junit/jupiter/engine/descriptor/CallbackSupport
instanceKlass  @bci org/junit/jupiter/engine/descriptor/ClassBasedTestDescriptor invokeBeforeAllCallbacks (Lorg/junit/jupiter/engine/execution/JupiterEngineExecutionContext;)V 19 <appendix> argL0 ; # org/junit/jupiter/engine/descriptor/ClassBasedTestDescriptor$$Lambda+0x00000000821fa1a8
instanceKlass org/junit/jupiter/engine/descriptor/CallbackSupport$CallbackInvoker
instanceKlass  @bci org/junit/jupiter/engine/execution/ConditionEvaluator logResult (Ljava/lang/Class;Lorg/junit/jupiter/api/extension/ConditionEvaluationResult;Lorg/junit/jupiter/api/extension/ExtensionContext;)V 22 <appendix> member <vmtarget> ; # org/junit/jupiter/engine/execution/ConditionEvaluator$$Lambda+0x00000000821f9d70
instanceKlass  @bci org/junit/jupiter/engine/extension/DisabledCondition evaluateExecutionCondition (Lorg/junit/jupiter/api/extension/ExtensionContext;)Lorg/junit/jupiter/api/extension/ConditionEvaluationResult; 42 <appendix> member <vmtarget> ; # org/junit/jupiter/engine/extension/DisabledCondition$$Lambda+0x00000000821f9b20
instanceKlass  @bci org/junit/jupiter/engine/execution/ConditionEvaluator evaluate (Lorg/junit/jupiter/engine/extension/ExtensionRegistry;Lorg/junit/jupiter/engine/config/JupiterConfiguration;Lorg/junit/jupiter/api/extension/ExtensionContext;)Lorg/junit/jupiter/api/extension/ConditionEvaluationResult; 62 <appendix> argL0 ; # org/junit/jupiter/engine/execution/ConditionEvaluator$$Lambda+0x00000000821f98c8
instanceKlass  @bci org/junit/jupiter/engine/execution/ConditionEvaluator evaluate (Lorg/junit/jupiter/engine/extension/ExtensionRegistry;Lorg/junit/jupiter/engine/config/JupiterConfiguration;Lorg/junit/jupiter/api/extension/ExtensionContext;)Lorg/junit/jupiter/api/extension/ConditionEvaluationResult; 44 <appendix> member <vmtarget> ; # org/junit/jupiter/engine/execution/ConditionEvaluator$$Lambda+0x00000000821f9678
instanceKlass  @bci org/junit/platform/commons/util/ClassNamePatternFilterUtils matchingClasses (Ljava/lang/String;Ljava/util/function/Function;Lorg/junit/platform/commons/util/ClassNamePatternFilterUtils$FilterType;)Ljava/util/function/Predicate; 105 <appendix> argL0 ; # org/junit/platform/commons/util/ClassNamePatternFilterUtils$$Lambda+0x00000000821f9420
instanceKlass  @bci org/junit/platform/commons/util/ClassNamePatternFilterUtils matchingClasses (Ljava/lang/String;Ljava/util/function/Function;Lorg/junit/platform/commons/util/ClassNamePatternFilterUtils$FilterType;)Ljava/util/function/Predicate; 52 <appendix> member <vmtarget> ; # org/junit/platform/commons/util/ClassNamePatternFilterUtils$$Lambda+0x00000000821f91d0
instanceKlass  @bci org/junit/platform/commons/util/ClassNamePatternFilterUtils matchingClasses (Ljava/lang/String;Ljava/util/function/Function;Lorg/junit/platform/commons/util/ClassNamePatternFilterUtils$FilterType;)Ljava/util/function/Predicate; 34 <appendix> argL0 ; # org/junit/platform/commons/util/ClassNamePatternFilterUtils$$Lambda+0x00000000821f8f88
instanceKlass  @bci org/junit/platform/commons/util/ClassNamePatternFilterUtils matchingClasses (Ljava/lang/String;Ljava/util/function/Function;Lorg/junit/platform/commons/util/ClassNamePatternFilterUtils$FilterType;)Ljava/util/function/Predicate; 18 <appendix> argL0 ; # org/junit/platform/commons/util/ClassNamePatternFilterUtils$$Lambda+0x00000000821f8d30
instanceKlass  @bci org/junit/platform/commons/util/ClassNamePatternFilterUtils excludeMatchingClasses (Ljava/lang/String;)Ljava/util/function/Predicate; 14 <appendix> argL0 ; # org/junit/platform/commons/util/ClassNamePatternFilterUtils$$Lambda+0x00000000821f8698
instanceKlass  @bci org/junit/jupiter/engine/config/CachingJupiterConfiguration getExecutionConditionFilter ()Ljava/util/function/Predicate; 21 <appendix> member <vmtarget> ; # org/junit/jupiter/engine/config/CachingJupiterConfiguration$$Lambda+0x00000000821f8448
instanceKlass  @bci org/junit/jupiter/engine/descriptor/ClassBasedTestDescriptor testInstancesProvider (Lorg/junit/jupiter/engine/execution/JupiterEngineExecutionContext;Lorg/junit/jupiter/engine/descriptor/ClassExtensionContext;)Lorg/junit/jupiter/engine/execution/TestInstancesProvider; 17 <appendix> member <vmtarget> ; # org/junit/jupiter/engine/descriptor/ClassBasedTestDescriptor$$Lambda+0x00000000821f8208
instanceKlass org/junit/jupiter/api/extension/TestInstances
instanceKlass org/junit/jupiter/engine/execution/TestInstancesProvider
instanceKlass org/junit/jupiter/api/io/TempDir
instanceKlass org/junit/jupiter/api/extension/RegisterExtension
instanceKlass  @bci org/junit/jupiter/engine/descriptor/ExtensionUtils registerExtensionsFromInstanceFields (Lorg/junit/jupiter/engine/extension/ExtensionRegistrar;Ljava/lang/Class;)V 25 <appendix> member <vmtarget> ; # org/junit/jupiter/engine/descriptor/ExtensionUtils$$Lambda+0x00000000821f6e18
instanceKlass  @bci org/junit/jupiter/engine/descriptor/ExtensionUtils registerExtensionsFromInstanceFields (Lorg/junit/jupiter/engine/extension/ExtensionRegistrar;Ljava/lang/Class;)V 15 <appendix> argL0 ; # org/junit/jupiter/engine/descriptor/ExtensionUtils$$Lambda+0x00000000821f6bc0
instanceKlass  @bci org/junit/jupiter/engine/descriptor/ClassBasedTestDescriptor prepare (Lorg/junit/jupiter/engine/execution/JupiterEngineExecutionContext;)Lorg/junit/jupiter/engine/execution/JupiterEngineExecutionContext; 196 <appendix> member <vmtarget> ; # org/junit/jupiter/engine/descriptor/ClassBasedTestDescriptor$$Lambda+0x00000000821f6980
instanceKlass  @bci org/junit/jupiter/engine/descriptor/ClassBasedTestDescriptor registerAfterEachMethodAdapters (Lorg/junit/jupiter/engine/extension/ExtensionRegistrar;)V 56 <appendix> member <vmtarget> ; # org/junit/jupiter/engine/descriptor/ClassBasedTestDescriptor$$Lambda+0x00000000821f6730
instanceKlass org/junit/jupiter/engine/execution/AfterEachMethodAdapter
instanceKlass  @bci org/junit/jupiter/engine/descriptor/ClassBasedTestDescriptor registerMethodsAsExtensions (Ljava/util/List;Lorg/junit/jupiter/engine/extension/ExtensionRegistrar;Ljava/util/function/Function;)V 20 <appendix> member <vmtarget> ; # org/junit/jupiter/engine/descriptor/ClassBasedTestDescriptor$$Lambda+0x00000000821f62e8
instanceKlass  @bci org/junit/jupiter/engine/descriptor/ClassBasedTestDescriptor registerBeforeEachMethodAdapters (Lorg/junit/jupiter/engine/extension/ExtensionRegistrar;)V 25 <appendix> member <vmtarget> ; # org/junit/jupiter/engine/descriptor/ClassBasedTestDescriptor$$Lambda+0x00000000821f6098
instanceKlass org/junit/jupiter/engine/execution/BeforeEachMethodAdapter
instanceKlass  @bci org/junit/jupiter/engine/descriptor/ClassBasedTestDescriptor prepare (Lorg/junit/jupiter/engine/execution/JupiterEngineExecutionContext;)Lorg/junit/jupiter/engine/execution/JupiterEngineExecutionContext; 144 <appendix> member <vmtarget> ; # org/junit/jupiter/engine/descriptor/ClassBasedTestDescriptor$$Lambda+0x00000000821f5c50
instanceKlass  @bci org/junit/jupiter/engine/descriptor/ExtensionUtils registerExtensionsFromExecutableParameters (Lorg/junit/jupiter/engine/extension/ExtensionRegistrar;Ljava/lang/reflect/Executable;)V 118 <appendix> member <vmtarget> ; # org/junit/jupiter/engine/descriptor/ExtensionUtils$$Lambda+0x00000000821f5a10
instanceKlass  @bci org/junit/jupiter/engine/descriptor/ExtensionUtils registerExtensionsFromExecutableParameters (Lorg/junit/jupiter/engine/extension/ExtensionRegistrar;Ljava/lang/reflect/Executable;)V 86 <appendix> argL0 ; # org/junit/jupiter/engine/descriptor/ExtensionUtils$$Lambda+0x00000000821f57c8
instanceKlass  @bci org/junit/jupiter/engine/descriptor/ExtensionUtils registerExtensionsFromExecutableParameters (Lorg/junit/jupiter/engine/extension/ExtensionRegistrar;Ljava/lang/reflect/Executable;)V 68 <appendix> member <vmtarget> ; # org/junit/jupiter/engine/descriptor/ExtensionUtils$$Lambda+0x00000000821f5578
instanceKlass  @bci org/junit/platform/commons/util/ReflectionUtils getDeclaredConstructor (Ljava/lang/Class;)Ljava/lang/reflect/Constructor; 125 <appendix> member <vmtarget> ; # org/junit/platform/commons/util/ReflectionUtils$$Lambda+0x00000000821f5348
instanceKlass  @bci org/junit/platform/commons/util/ReflectionUtils getDeclaredConstructor (Ljava/lang/Class;)Ljava/lang/reflect/Constructor; 57 <appendix> argL0 ; # org/junit/platform/commons/util/ReflectionUtils$$Lambda+0x00000000821f5120
instanceKlass  @bci org/junit/platform/commons/util/ReflectionUtils getDeclaredConstructor (Ljava/lang/Class;)Ljava/lang/reflect/Constructor; 38 <appendix> argL0 ; # org/junit/platform/commons/util/ReflectionUtils$$Lambda+0x00000000821f4ec8
instanceKlass  @bci org/junit/jupiter/engine/extension/ExtensionRegistry getExtensions (Ljava/lang/Class;)Ljava/util/List; 20 <appendix> argL0 ; # org/junit/jupiter/engine/extension/ExtensionRegistry$$Lambda+0x00000000821f4ca0
instanceKlass  @bci org/junit/jupiter/engine/extension/MutableExtensionRegistry stream (Ljava/lang/Class;)Ljava/util/stream/Stream; 79 <appendix> member <vmtarget> ; # org/junit/jupiter/engine/extension/MutableExtensionRegistry$$Lambda+0x00000000821f4a50
instanceKlass  @bci org/junit/jupiter/engine/extension/MutableExtensionRegistry stream (Ljava/lang/Class;)Ljava/util/stream/Stream; 55 <appendix> member <vmtarget> ; # org/junit/jupiter/engine/extension/MutableExtensionRegistry$$Lambda+0x00000000821f47f0
instanceKlass  @bci org/junit/jupiter/engine/extension/MutableExtensionRegistry stream (Ljava/lang/Class;)Ljava/util/stream/Stream; 23 <appendix> argL0 ; # org/junit/jupiter/engine/extension/MutableExtensionRegistry$$Lambda+0x00000000821f45a8
instanceKlass org/junit/jupiter/api/extension/TestInstanceFactory
instanceKlass  @bci java/util/stream/SortedOps$RefSortingSink end ()V 48 <appendix> member <vmtarget> ; # java/util/stream/SortedOps$RefSortingSink$$Lambda+0x000000008216d940
instanceKlass  @bci org/junit/jupiter/engine/descriptor/ExtensionUtils registerExtensionsFromStaticFields (Lorg/junit/jupiter/engine/extension/ExtensionRegistrar;Ljava/lang/Class;)V 24 <appendix> member <vmtarget> ; # org/junit/jupiter/engine/descriptor/ExtensionUtils$$Lambda+0x00000000821f4160
instanceKlass java/util/stream/SortedOps
instanceKlass  @bci org/junit/platform/commons/util/ReflectionUtils findAllFieldsInHierarchy (Ljava/lang/Class;Lorg/junit/platform/commons/util/ReflectionUtils$HierarchyTraversalMode;)Ljava/util/List; 76 <appendix> argL0 ; # org/junit/platform/commons/util/ReflectionUtils$$Lambda+0x00000000821f3f38
instanceKlass  @bci org/junit/platform/commons/util/ReflectionUtils findAllFieldsInHierarchy (Ljava/lang/Class;Lorg/junit/platform/commons/util/ReflectionUtils$HierarchyTraversalMode;)Ljava/util/List; 57 <appendix> argL0 ; # org/junit/platform/commons/util/ReflectionUtils$$Lambda+0x00000000821f3ce0
instanceKlass  @bci org/junit/platform/commons/util/ReflectionUtils toSortedMutableList ([Ljava/lang/reflect/Field;)Ljava/util/List; 16 <appendix> argL0 ; # org/junit/platform/commons/util/ReflectionUtils$$Lambda+0x00000000821f3a20
instanceKlass  @bci org/junit/jupiter/engine/descriptor/ExtensionUtils registerExtensionsFromStaticFields (Lorg/junit/jupiter/engine/extension/ExtensionRegistrar;Ljava/lang/Class;)V 15 <appendix> argL0 ; # org/junit/jupiter/engine/descriptor/ExtensionUtils$$Lambda+0x00000000821f37c8
instanceKlass  @bci org/junit/jupiter/engine/extension/MutableExtensionRegistry createRegistryFrom (Lorg/junit/jupiter/engine/extension/MutableExtensionRegistry;Ljava/util/stream/Stream;)Lorg/junit/jupiter/engine/extension/MutableExtensionRegistry; 53 <appendix> member <vmtarget> ; # org/junit/jupiter/engine/extension/MutableExtensionRegistry$$Lambda+0x00000000821f3588
instanceKlass org/junit/jupiter/engine/extension/MutableExtensionRegistry$LateInitEntry
instanceKlass  @bci org/junit/jupiter/engine/descriptor/ExtensionUtils streamDeclarativeExtensionTypes (Ljava/util/List;)Ljava/util/stream/Stream; 30 <appendix> argL0 ; # org/junit/jupiter/engine/descriptor/ExtensionUtils$$Lambda+0x00000000821f30f8
instanceKlass  @bci org/junit/jupiter/engine/descriptor/ExtensionUtils streamDeclarativeExtensionTypes (Ljava/util/List;)Ljava/util/stream/Stream; 20 <appendix> argL0 ; # org/junit/jupiter/engine/descriptor/ExtensionUtils$$Lambda+0x00000000821f2eb0
instanceKlass  @bci org/junit/jupiter/engine/descriptor/ExtensionUtils <clinit> ()V 41 <appendix> argL0 ; # org/junit/jupiter/engine/descriptor/ExtensionUtils$$Lambda+0x00000000821f2c58
instanceKlass  @bci java/util/Comparator comparingInt (Ljava/util/function/ToIntFunction;)Ljava/util/Comparator; 6 <appendix> member <vmtarget> ; # java/util/Comparator$$Lambda+0x000000008216c9b8
instanceKlass  @bci org/junit/jupiter/engine/descriptor/ExtensionUtils <clinit> ()V 14 <appendix> argL0 ; # org/junit/jupiter/engine/descriptor/ExtensionUtils$$Lambda+0x00000000821f2a30
instanceKlass java/util/function/ToIntFunction
instanceKlass org/junit/jupiter/engine/descriptor/ExtensionUtils
instanceKlass  @bci org/junit/platform/engine/support/hierarchical/SameThreadHierarchicalTestExecutorService invokeAll (Ljava/util/List;)V 14 <appendix> argL0 ; # org/junit/platform/engine/support/hierarchical/SameThreadHierarchicalTestExecutorService$$Lambda+0x00000000821f25e8
instanceKlass  @bci org/junit/platform/engine/support/hierarchical/NodeTestTask lambda$executeRecursively$2 (Lorg/junit/platform/engine/support/hierarchical/ThrowableCollector;)V 191 <appendix> member <vmtarget> ; # org/junit/platform/engine/support/hierarchical/NodeTestTask$$Lambda+0x00000000821f23a8
instanceKlass org/junit/platform/engine/support/hierarchical/NodeTestTask$DefaultDynamicTestExecutor
instanceKlass  @bci org/junit/platform/engine/support/hierarchical/NodeTestTask lambda$executeRecursively$2 (Lorg/junit/platform/engine/support/hierarchical/ThrowableCollector;)V 47 <appendix> argL0 ; # org/junit/platform/engine/support/hierarchical/NodeTestTask$$Lambda+0x00000000821f1f28
instanceKlass  @bci org/junit/platform/engine/support/hierarchical/NodeTestTask lambda$executeRecursively$2 (Lorg/junit/platform/engine/support/hierarchical/ThrowableCollector;)V 29 <appendix> member <vmtarget> ; # org/junit/platform/engine/support/hierarchical/NodeTestTask$$Lambda+0x00000000821f1cd8
instanceKlass  @bci org/junit/platform/engine/support/hierarchical/NodeTestTask lambda$executeRecursively$1 (Lorg/junit/platform/engine/support/hierarchical/ThrowableCollector;Lorg/junit/platform/engine/support/hierarchical/EngineExecutionContext;)V 30 <appendix> member <vmtarget> ; # org/junit/platform/engine/support/hierarchical/NodeTestTask$$Lambda+0x00000000821f1aa8
instanceKlass  @bci org/junit/platform/engine/support/hierarchical/NodeTestTask lambda$executeRecursively$0 (Lorg/junit/platform/engine/support/hierarchical/ThrowableCollector;)V 24 <appendix> member <vmtarget> ; # org/junit/platform/engine/support/hierarchical/NodeTestTask$$Lambda+0x00000000821f1878
instanceKlass org/junit/platform/engine/support/hierarchical/Node$Invocation
instanceKlass  @bci org/junit/platform/engine/support/hierarchical/NodeTestTask executeRecursively ()V 67 <appendix> member <vmtarget> ; # org/junit/platform/engine/support/hierarchical/NodeTestTask$$Lambda+0x00000000821f1440
instanceKlass  @bci org/junit/platform/launcher/core/CompositeTestExecutionListener executionStarted (Lorg/junit/platform/launcher/TestIdentifier;)V 58 <appendix> member <vmtarget> ; # org/junit/platform/launcher/core/CompositeTestExecutionListener$$Lambda+0x00000000821f0b20
instanceKlass  @bci org/junit/platform/launcher/core/CompositeTestExecutionListener executionStarted (Lorg/junit/platform/launcher/TestIdentifier;)V 52 <appendix> member <vmtarget> ; # org/junit/platform/launcher/core/CompositeTestExecutionListener$$Lambda+0x00000000821f08e0
instanceKlass  @bci org/junit/platform/launcher/core/CompositeTestExecutionListener executionStarted (Lorg/junit/platform/launcher/TestIdentifier;)V 28 <appendix> member <vmtarget> ; # org/junit/platform/launcher/core/CompositeTestExecutionListener$$Lambda+0x00000000821f06b0
instanceKlass  @bci org/junit/platform/launcher/core/CompositeTestExecutionListener executionStarted (Lorg/junit/platform/launcher/TestIdentifier;)V 22 <appendix> member <vmtarget> ; # org/junit/platform/launcher/core/CompositeTestExecutionListener$$Lambda+0x00000000821f0470
instanceKlass  @bci org/junit/platform/launcher/core/CompositeEngineExecutionListener notifyEach (Ljava/util/List;Lorg/junit/platform/launcher/core/IterationOrder;Ljava/util/function/Consumer;Ljava/util/function/Supplier;)V 20 <appendix> member <vmtarget> ; # org/junit/platform/launcher/core/CompositeEngineExecutionListener$$Lambda+0x00000000821f0230
instanceKlass  @bci org/junit/platform/launcher/core/CompositeEngineExecutionListener executionStarted (Lorg/junit/platform/engine/TestDescriptor;)V 28 <appendix> member <vmtarget> ; # org/junit/platform/launcher/core/CompositeEngineExecutionListener$$Lambda+0x00000000821f0000
instanceKlass  @bci org/junit/platform/launcher/core/CompositeEngineExecutionListener executionStarted (Lorg/junit/platform/engine/TestDescriptor;)V 22 <appendix> member <vmtarget> ; # org/junit/platform/launcher/core/CompositeEngineExecutionListener$$Lambda+0x00000000821efc60
instanceKlass  @bci org/junit/platform/engine/support/hierarchical/NodeTestTask execute ()V 140 <appendix> member <vmtarget> ; # org/junit/platform/engine/support/hierarchical/NodeTestTask$$Lambda+0x00000000821efa30
instanceKlass org/junit/jupiter/engine/execution/JupiterEngineExecutionContext$Builder
instanceKlass  @bci org/junit/jupiter/engine/descriptor/AbstractExtensionContext createCloseAction ()Lorg/junit/platform/engine/support/store/NamespacedHierarchicalStore$CloseAction; 35 <appendix> member <vmtarget> ; # org/junit/jupiter/engine/descriptor/AbstractExtensionContext$$Lambda+0x00000000821ef5c0
instanceKlass org/junit/platform/engine/support/store/Namespace
instanceKlass org/junit/jupiter/engine/execution/NamespaceAwareStore
instanceKlass  @bci org/junit/jupiter/engine/descriptor/AbstractExtensionContext <init> (Lorg/junit/jupiter/api/extension/ExtensionContext;Lorg/junit/platform/engine/EngineExecutionListener;Lorg/junit/platform/engine/TestDescriptor;Lorg/junit/jupiter/engine/config/JupiterConfiguration;Lorg/junit/jupiter/engine/extension/ExtensionRegistry;Lorg/junit/jupiter/engine/execution/LauncherStoreFacade;)V 231 <appendix> argL0 ; # org/junit/jupiter/engine/descriptor/AbstractExtensionContext$$Lambda+0x00000000821eec10
instanceKlass  @bci org/junit/jupiter/engine/descriptor/AbstractExtensionContext <init> (Lorg/junit/jupiter/api/extension/ExtensionContext;Lorg/junit/platform/engine/EngineExecutionListener;Lorg/junit/platform/engine/TestDescriptor;Lorg/junit/jupiter/engine/config/JupiterConfiguration;Lorg/junit/jupiter/engine/extension/ExtensionRegistry;Lorg/junit/jupiter/engine/execution/LauncherStoreFacade;)V 214 <appendix> argL0 ; # org/junit/jupiter/engine/descriptor/AbstractExtensionContext$$Lambda+0x00000000821ee9e8
instanceKlass  @bci org/junit/jupiter/engine/descriptor/AbstractExtensionContext <init> (Lorg/junit/jupiter/api/extension/ExtensionContext;Lorg/junit/platform/engine/EngineExecutionListener;Lorg/junit/platform/engine/TestDescriptor;Lorg/junit/jupiter/engine/config/JupiterConfiguration;Lorg/junit/jupiter/engine/extension/ExtensionRegistry;Lorg/junit/jupiter/engine/execution/LauncherStoreFacade;)V 195 <appendix> argL0 ; # org/junit/jupiter/engine/descriptor/AbstractExtensionContext$$Lambda+0x00000000821ee7a0
instanceKlass org/junit/jupiter/engine/execution/DefaultExecutableInvoker
instanceKlass org/junit/jupiter/api/extension/ExecutableInvoker
instanceKlass org/junit/jupiter/engine/descriptor/AbstractExtensionContext
instanceKlass org/junit/jupiter/engine/extension/ExtensionContextInternal
instanceKlass  @bci org/junit/jupiter/engine/config/CachingJupiterConfiguration isThreadDumpOnTimeoutEnabled ()Z 21 <appendix> member <vmtarget> ; # org/junit/jupiter/engine/config/CachingJupiterConfiguration$$Lambda+0x00000000821ed4e8
instanceKlass  @bci org/junit/jupiter/engine/config/CachingJupiterConfiguration isExtensionAutoDetectionEnabled ()Z 21 <appendix> member <vmtarget> ; # org/junit/jupiter/engine/config/CachingJupiterConfiguration$$Lambda+0x00000000821ed298
instanceKlass org/junit/jupiter/api/extension/AnnotatedElementContext
instanceKlass org/junit/jupiter/engine/extension/TempDirectory
instanceKlass  @bci org/junit/jupiter/engine/extension/MutableExtensionRegistry$Entry of (Lorg/junit/jupiter/api/extension/Extension;)Lorg/junit/jupiter/engine/extension/MutableExtensionRegistry$Entry; 26 <appendix> member <vmtarget> ; # org/junit/jupiter/engine/extension/MutableExtensionRegistry$Entry$$Lambda+0x00000000821ecbb8
instanceKlass  @bci org/junit/jupiter/engine/extension/MutableExtensionRegistry registerExtension (Ljava/lang/String;Lorg/junit/jupiter/api/extension/Extension;Ljava/lang/Object;)V 57 <appendix> member <vmtarget> ; # org/junit/jupiter/engine/extension/MutableExtensionRegistry$$Lambda+0x00000000821ec988
instanceKlass  @bci org/junit/jupiter/engine/extension/MutableExtensionRegistry createRegistryWithDefaultExtensions (Lorg/junit/jupiter/engine/config/JupiterConfiguration;)Lorg/junit/jupiter/engine/extension/MutableExtensionRegistry; 37 <appendix> member <vmtarget> ; # org/junit/jupiter/engine/extension/MutableExtensionRegistry$$Lambda+0x00000000821ec748
instanceKlass  @bci org/junit/jupiter/engine/extension/MutableExtensionRegistry <init> (Ljava/util/Set;Ljava/util/List;)V 92 <appendix> member <vmtarget> ; # org/junit/jupiter/engine/extension/MutableExtensionRegistry$$Lambda+0x00000000821ec508
instanceKlass org/junit/jupiter/api/TestReporter
instanceKlass org/junit/jupiter/engine/extension/TestReporterParameterResolver
instanceKlass org/junit/jupiter/api/TestInfo
instanceKlass org/junit/jupiter/engine/extension/TestInfoParameterResolver
instanceKlass org/junit/jupiter/engine/extension/RepeatedTestExtension
instanceKlass org/junit/jupiter/api/extension/TestTemplateInvocationContextProvider
instanceKlass org/junit/jupiter/api/extension/ExtensionContext$Namespace
instanceKlass org/junit/jupiter/api/Timeout
instanceKlass org/junit/jupiter/engine/extension/TimeoutExtension
instanceKlass org/junit/jupiter/engine/extension/AutoCloseExtension
instanceKlass org/junit/jupiter/api/extension/TestInstancePreDestroyCallback
instanceKlass org/junit/jupiter/engine/extension/DisabledCondition
instanceKlass org/junit/jupiter/api/extension/ExecutionCondition
instanceKlass org/junit/jupiter/engine/extension/MutableExtensionRegistry$Entry
instanceKlass org/junit/jupiter/engine/extension/MutableExtensionRegistry
instanceKlass  @bci org/junit/platform/engine/support/hierarchical/NodeTestTask prepare ()V 19 <appendix> member <vmtarget> ; # org/junit/platform/engine/support/hierarchical/NodeTestTask$$Lambda+0x00000000821ea130
instanceKlass org/junit/platform/engine/support/hierarchical/ThrowableCollector$Executable
instanceKlass  @bci org/junit/jupiter/engine/support/OpenTest4JAndJUnit4AwareThrowableCollector createAbortedExecutionPredicate ()Ljava/util/function/Predicate; 180 <appendix> argL0 ; # org/junit/jupiter/engine/support/OpenTest4JAndJUnit4AwareThrowableCollector$$Lambda+0x00000000821e9d00
instanceKlass org/junit/platform/commons/util/UnrecoverableExceptions
instanceKlass  @bci org/junit/jupiter/engine/support/OpenTest4JAndJUnit4AwareThrowableCollector createAbortedExecutionPredicate ()Ljava/util/function/Predicate; 20 <appendix> member <vmtarget> ; # org/junit/jupiter/engine/support/OpenTest4JAndJUnit4AwareThrowableCollector$$Lambda+0x00000000821e9890
instanceKlass org/junit/platform/engine/support/hierarchical/Node$SkipResult
instanceKlass  @bci org/junit/platform/engine/support/hierarchical/NodeTestTask <clinit> ()V 30 <appendix> argL0 ; # org/junit/platform/engine/support/hierarchical/NodeTestTask$$Lambda+0x00000000821e8f70
instanceKlass org/junit/platform/engine/support/hierarchical/Node$DynamicTestExecutor
instanceKlass org/junit/platform/engine/support/hierarchical/NodeTestTask
instanceKlass  @bci org/junit/jupiter/engine/descriptor/ResourceLockAware determineExclusiveResources ()Ljava/util/stream/Stream; 338 <appendix> argL0 ; # org/junit/jupiter/engine/descriptor/ResourceLockAware$$Lambda+0x00000000821e8698
instanceKlass  @bci org/junit/jupiter/engine/descriptor/ResourceLockAware determineExclusiveResources ()Ljava/util/stream/Stream; 266 <appendix> member <vmtarget> ; # org/junit/jupiter/engine/descriptor/ResourceLockAware$$Lambda+0x00000000821e8448
instanceKlass  @bci org/junit/jupiter/engine/descriptor/ResourceLockAware determineExclusiveResources ()Ljava/util/stream/Stream; 246 <appendix> argL0 ; # org/junit/jupiter/engine/descriptor/ResourceLockAware$$Lambda+0x00000000821e8200
instanceKlass java/util/ArrayDeque$DeqSpliterator
instanceKlass org/junit/jupiter/engine/descriptor/ResourceLockAware$1
instanceKlass  @bci org/junit/jupiter/engine/descriptor/MethodBasedTestDescriptor getResourceLocksProviderEvaluator ()Ljava/util/function/Function; 21 <appendix> member <vmtarget> ; # org/junit/jupiter/engine/descriptor/MethodBasedTestDescriptor$$Lambda+0x00000000821e1800
instanceKlass  @bci org/junit/jupiter/engine/descriptor/MethodBasedTestDescriptor getResourceLocksProviderEvaluator ()Ljava/util/function/Function; 15 <appendix> member <vmtarget> ; # org/junit/jupiter/engine/descriptor/MethodBasedTestDescriptor$$Lambda+0x00000000821e3bb0
instanceKlass  @bci org/junit/platform/engine/support/hierarchical/NodeTreeWalker walk (Lorg/junit/platform/engine/TestDescriptor;Lorg/junit/platform/engine/TestDescriptor;Lorg/junit/platform/engine/support/hierarchical/NodeExecutionAdvisor;)V 191 <appendix> member <vmtarget> ; # org/junit/platform/engine/support/hierarchical/NodeTreeWalker$$Lambda+0x00000000821e3970
instanceKlass  @bci org/junit/jupiter/engine/descriptor/ClassTestDescriptor getResourceLocksProviderEvaluator ()Ljava/util/function/Function; 15 <appendix> member <vmtarget> ; # org/junit/jupiter/engine/descriptor/ClassTestDescriptor$$Lambda+0x00000000821e3720
instanceKlass org/junit/jupiter/api/parallel/ResourceLocksProvider
instanceKlass org/junit/platform/engine/support/hierarchical/NopLock
instanceKlass  @bci org/junit/platform/engine/support/hierarchical/NodeTreeWalker walk (Lorg/junit/platform/engine/TestDescriptor;)Lorg/junit/platform/engine/support/hierarchical/NodeExecutionAdvisor; 61 <appendix> member <vmtarget> ; # org/junit/platform/engine/support/hierarchical/NodeTreeWalker$$Lambda+0x00000000821e3040
instanceKlass org/junit/platform/engine/support/hierarchical/NodeExecutionAdvisor
instanceKlass org/junit/platform/engine/support/hierarchical/NodeUtils$1
instanceKlass org/junit/platform/engine/support/hierarchical/NodeUtils
instanceKlass java/util/concurrent/locks/Condition
instanceKlass java/util/concurrent/locks/ReentrantReadWriteLock$WriteLock
instanceKlass java/util/concurrent/locks/ReentrantReadWriteLock$ReadLock
instanceKlass java/util/concurrent/locks/AbstractQueuedLongSynchronizer$Node
instanceKlass java/util/concurrent/locks/ReentrantReadWriteLock
instanceKlass  @bci org/junit/platform/engine/support/hierarchical/LockManager toLock (Lorg/junit/platform/engine/support/hierarchical/ExclusiveResource;)Ljava/util/concurrent/locks/Lock; 22 <appendix> argL0 ; # org/junit/platform/engine/support/hierarchical/LockManager$$Lambda+0x00000000821e26d8
instanceKlass  @bci org/junit/platform/engine/support/hierarchical/ExclusiveResource <clinit> ()V 87 <appendix> argL0 ; # org/junit/platform/engine/support/hierarchical/ExclusiveResource$$Lambda+0x00000000821e2490
instanceKlass  @bci java/util/Comparator comparing (Ljava/util/function/Function;Ljava/util/Comparator;)Ljava/util/Comparator; 12 <appendix> member <vmtarget> ; # java/util/Comparator$$Lambda+0x0000000082169df8
instanceKlass  @cpi java/util/Comparator 263 form vmentry <vmtarget> ; # java/lang/invoke/LambdaForm$DMH+0x00000000821e1400
instanceKlass  @bci java/util/Comparator thenComparing (Ljava/util/Comparator;)Ljava/util/Comparator; 7 <appendix> member <vmtarget> ; # java/util/Comparator$$Lambda+0x0000000082169b30
instanceKlass  @bci org/junit/platform/engine/support/hierarchical/ExclusiveResource globalKeyFirst ()Ljava/util/Comparator; 13 <appendix> argL0 ; # org/junit/platform/engine/support/hierarchical/ExclusiveResource$$Lambda+0x00000000821e2248
instanceKlass  @bci org/junit/platform/engine/support/hierarchical/ExclusiveResource <clinit> ()V 60 <appendix> argL0 ; # org/junit/platform/engine/support/hierarchical/ExclusiveResource$$Lambda+0x00000000821e2000
instanceKlass org/junit/platform/engine/support/hierarchical/ExclusiveResource
instanceKlass java/util/concurrent/ForkJoinPool$ManagedBlocker
instanceKlass org/junit/platform/engine/support/hierarchical/SingleLock
instanceKlass org/junit/platform/engine/support/hierarchical/ResourceLock
instanceKlass java/util/concurrent/locks/ReadWriteLock
instanceKlass org/junit/platform/engine/support/hierarchical/LockManager
instanceKlass org/junit/platform/engine/support/hierarchical/NodeTreeWalker
instanceKlass org/junit/platform/engine/support/hierarchical/HierarchicalTestExecutorService$TestTask
instanceKlass org/junit/platform/engine/support/hierarchical/HierarchicalTestExecutor
instanceKlass  @bci org/junit/jupiter/engine/JupiterTestEngine createThrowableCollectorFactory (Lorg/junit/platform/engine/ExecutionRequest;)Lorg/junit/platform/engine/support/hierarchical/ThrowableCollector$Factory; 14 <appendix> argL0 ; # org/junit/jupiter/engine/JupiterTestEngine$$Lambda+0x00000000821e6960
instanceKlass org/junit/jupiter/engine/support/JupiterThrowableCollectorFactory
instanceKlass org/junit/platform/engine/support/hierarchical/ThrowableCollector
instanceKlass org/junit/platform/engine/support/hierarchical/ThrowableCollector$Factory
instanceKlass org/junit/jupiter/engine/execution/JupiterEngineExecutionContext$State
instanceKlass  @bci org/junit/jupiter/engine/execution/LauncherStoreFacade <init> (Lorg/junit/platform/engine/support/store/NamespacedHierarchicalStore;)V 41 <appendix> argL0 ; # org/junit/jupiter/engine/execution/LauncherStoreFacade$$Lambda+0x00000000821e5c78
instanceKlass org/junit/jupiter/api/extension/ExtensionContext$Store
instanceKlass org/junit/jupiter/engine/execution/LauncherStoreFacade
instanceKlass org/junit/jupiter/engine/execution/JupiterEngineExecutionContext
instanceKlass java/util/concurrent/Future
instanceKlass org/junit/platform/engine/support/hierarchical/SameThreadHierarchicalTestExecutorService
instanceKlass  @bci org/junit/jupiter/engine/config/CachingJupiterConfiguration isParallelExecutionEnabled ()Z 21 <appendix> member <vmtarget> ; # org/junit/jupiter/engine/config/CachingJupiterConfiguration$$Lambda+0x00000000821e5100
instanceKlass org/junit/platform/engine/ExecutionRequest
instanceKlass  @bci org/junit/platform/launcher/core/EngineExecutionOrchestrator failOrExecuteEngine (Lorg/junit/platform/launcher/core/LauncherDiscoveryResult;Lorg/junit/platform/engine/EngineExecutionListener;Lorg/junit/platform/engine/TestEngine;Lorg/junit/platform/engine/support/store/NamespacedHierarchicalStore;Lorg/junit/platform/engine/CancellationToken;)V 136 <appendix> member <vmtarget> ; # org/junit/platform/launcher/core/EngineExecutionOrchestrator$$Lambda+0x00000000821e49e0
instanceKlass org/junit/platform/launcher/core/DelegatingEngineExecutionListener
instanceKlass org/junit/platform/launcher/core/ExecutionListenerAdapter
instanceKlass  @bci org/junit/platform/launcher/core/ListenerRegistry forEngineExecutionListeners ()Lorg/junit/platform/launcher/core/ListenerRegistry; 13 <appendix> argL0 ; # org/junit/platform/launcher/core/ListenerRegistry$$Lambda+0x00000000821e4000
instanceKlass org/junit/platform/launcher/core/CompositeEngineExecutionListener
instanceKlass  @bci org/springframework/web/method/HandlerMethod initDescription (Ljava/lang/Class;Ljava/lang/reflect/Method;)Ljava/lang/String; 141 <appendix> form vmentry <vmtarget> ; # java/lang/invoke/LambdaForm$MH+0x00000000821e1000
instanceKlass  @bci com/intellij/junit6/JUnit6TestExecutionListener lambda$getMetaInfo$6 (Lorg/junit/platform/engine/TestSource;)Ljava/lang/String; 124 <appendix> argL0 ; # com/intellij/junit6/JUnit6TestExecutionListener$$Lambda+0x00000000821df988
instanceKlass org/junit/platform/engine/support/descriptor/FilePosition
instanceKlass  @bci com/intellij/junit6/JUnit6TestExecutionListener getMetaInfo (Lorg/junit/platform/launcher/TestIdentifier;)Ljava/lang/String; 19 <appendix> argL0 ; # com/intellij/junit6/JUnit6TestExecutionListener$$Lambda+0x00000000821df528
instanceKlass  @bci com/intellij/junit6/JUnit6TestExecutionListener getLocationHint (Lorg/junit/platform/launcher/TestIdentifier;Lorg/junit/platform/launcher/TestIdentifier;)Ljava/lang/String; 55 <appendix> member <vmtarget> ; # com/intellij/junit6/JUnit6TestExecutionListener$$Lambda+0x00000000821df2d8
instanceKlass  @bci com/intellij/junit6/JUnit6TestExecutionListener getLocationHint (Lorg/junit/platform/launcher/TestIdentifier;Lorg/junit/platform/launcher/TestIdentifier;)Ljava/lang/String; 37 <appendix> argL0 ; # com/intellij/junit6/JUnit6TestExecutionListener$$Lambda+0x00000000821df080
instanceKlass  @bci org/springframework/util/AntPathMatcher$AntPathStringMatcher getGlobPattern (Ljava/lang/String;)Ljava/util/regex/Pattern; 16 <appendix> form vmentry <vmtarget> ; # java/lang/invoke/LambdaForm$MH+0x00000000821e0800
instanceKlass org/junit/platform/engine/support/descriptor/FileSource
instanceKlass org/junit/platform/engine/support/descriptor/FileSystemSource
instanceKlass org/junit/platform/engine/support/descriptor/UriSource
instanceKlass org/junit/platform/engine/support/descriptor/CompositeTestSource
instanceKlass  @bci com/intellij/junit6/JUnit6TestExecutionListener getLocationHint (Lorg/junit/platform/launcher/TestIdentifier;Lorg/junit/platform/launcher/TestIdentifier;)Ljava/lang/String; 20 <appendix> member <vmtarget> ; # com/intellij/junit6/JUnit6TestExecutionListener$$Lambda+0x00000000821de5a0
instanceKlass  @bci com/intellij/junit6/JUnit6TestExecutionListener idAndName (Lorg/junit/platform/launcher/TestIdentifier;)Ljava/lang/String; 73 <appendix> form vmentry <vmtarget> ; # java/lang/invoke/LambdaForm$MH+0x00000000821e0000
instanceKlass java/net/URLDecoder
instanceKlass  @bci org/junit/platform/engine/UniqueIdFormat checkDoesNotContain (Ljava/lang/String;C)V 51 <appendix> form vmentry <vmtarget> ; # java/lang/invoke/LambdaForm$DMH+0x00000000821db800
instanceKlass  @bci org/junit/platform/engine/UniqueIdFormat checkDoesNotContain (Ljava/lang/String;C)V 51 <appendix> member <vmtarget> ; # org/junit/platform/engine/UniqueIdFormat$$Lambda+0x00000000821de370
instanceKlass  @bci org/junit/platform/engine/UniqueIdFormat parse (Ljava/lang/String;)Lorg/junit/platform/engine/UniqueId; 39 <appendix> member <vmtarget> ; # org/junit/platform/engine/UniqueIdFormat$$Lambda+0x00000000821de120
instanceKlass  @bci com/intellij/junit6/JUnit6TestExecutionListener getParentId (Lorg/junit/platform/launcher/TestIdentifier;)Ljava/lang/String; 35 <appendix> member <vmtarget> ; # com/intellij/junit6/JUnit6TestExecutionListener$$Lambda+0x00000000821dded0
instanceKlass  @bci org/junit/platform/launcher/TestPlan getTestIdentifier (Lorg/junit/platform/engine/UniqueId;)Lorg/junit/platform/launcher/TestIdentifier; 46 <appendix> member <vmtarget> ; # org/junit/platform/launcher/TestPlan$$Lambda+0x00000000821ddca0
instanceKlass  @bci org/junit/platform/launcher/TestPlan getTestIdentifier (Lorg/junit/platform/engine/UniqueId;)Lorg/junit/platform/launcher/TestIdentifier; 15 <appendix> argL0 ; # org/junit/platform/launcher/TestPlan$$Lambda+0x00000000821dda78
instanceKlass  @bci org/junit/platform/launcher/TestPlan getParent (Lorg/junit/platform/launcher/TestIdentifier;)Ljava/util/Optional; 34 <appendix> member <vmtarget> ; # org/junit/platform/launcher/TestPlan$$Lambda+0x00000000821dd828
instanceKlass com/intellij/rt/execution/junit/MapSerializerUtil$1
instanceKlass com/intellij/rt/execution/junit/MapSerializerUtil$EscapeInfoProvider
instanceKlass com/intellij/rt/execution/junit/MapSerializerUtil
instanceKlass  @bci org/junit/platform/engine/UniqueIdFormat describe (Lorg/junit/platform/engine/UniqueId$Segment;)Ljava/lang/String; 57 <adapter> ; # java/lang/invoke/LambdaForm$MH+0x00000000821db400
instanceKlass  @bci org/junit/platform/engine/UniqueIdFormat describe (Lorg/junit/platform/engine/UniqueId$Segment;)Ljava/lang/String; 57 <appendix> form vmentry <vmtarget> ; # java/lang/invoke/LambdaForm$MH+0x00000000821db000
# instanceKlass java/lang/invoke/LambdaForm$BMH+0x00000000821dac00
instanceKlass  @bci org/junit/platform/engine/UniqueIdFormat describe (Lorg/junit/platform/engine/UniqueId$Segment;)Ljava/lang/String; 57 <appendix> form names 6 function resolvedHandle form vmentry <vmtarget> ; # java/lang/invoke/LambdaForm$DMH+0x00000000821da800
instanceKlass  @bci org/junit/platform/engine/UniqueIdFormat describe (Lorg/junit/platform/engine/UniqueId$Segment;)Ljava/lang/String; 57 <appendix> argL0 form vmentry <vmtarget> ; # java/lang/invoke/LambdaForm$DMH+0x00000000821da400
instanceKlass  @bci org/junit/platform/engine/UniqueIdFormat describe (Lorg/junit/platform/engine/UniqueId$Segment;)Ljava/lang/String; 34 <adapter> ; # java/lang/invoke/LambdaForm$MH+0x00000000821d9c00
instanceKlass  @bci org/junit/platform/engine/UniqueIdFormat describe (Lorg/junit/platform/engine/UniqueId$Segment;)Ljava/lang/String; 34 <appendix> form vmentry <vmtarget> ; # java/lang/invoke/LambdaForm$MH+0x00000000821d9800
instanceKlass  @bci org/junit/platform/engine/UniqueIdFormat describe (Lorg/junit/platform/engine/UniqueId$Segment;)Ljava/lang/String; 34 <appendix> form names 6 function resolvedHandle form vmentry <vmtarget> ; # java/lang/invoke/LambdaForm$DMH+0x00000000821d9400
instanceKlass java/lang/invoke/StringConcatFactory$InlineHiddenClassStrategy$6
instanceKlass java/lang/invoke/StringConcatFactory$InlineHiddenClassStrategy$3$4
instanceKlass java/lang/invoke/StringConcatFactory$InlineHiddenClassStrategy$4
instanceKlass java/lang/invoke/StringConcatFactory$InlineHiddenClassStrategy$3$1
instanceKlass java/lang/invoke/StringConcatFactory$InlineHiddenClassStrategy$7
instanceKlass java/lang/invoke/StringConcatFactory$InlineHiddenClassStrategy$3$2
instanceKlass java/lang/invoke/StringConcatFactory$InlineHiddenClassStrategy$5
instanceKlass java/lang/invoke/StringConcatFactory$InlineHiddenClassStrategy$3$3
instanceKlass java/lang/invoke/StringConcatFactory$InlineHiddenClassStrategy$3
instanceKlass  @bci org/junit/platform/engine/UniqueIdFormat format (Lorg/junit/platform/engine/UniqueId;)Ljava/lang/String; 24 <appendix> member <vmtarget> ; # org/junit/platform/engine/UniqueIdFormat$$Lambda+0x00000000821dcf80
instanceKlass  @bci org/junit/platform/launcher/core/CompositeTestExecutionListener notifyEach (Ljava/util/List;Lorg/junit/platform/launcher/core/IterationOrder;Ljava/util/function/Consumer;Ljava/util/function/Supplier;)V 20 <appendix> member <vmtarget> ; # org/junit/platform/launcher/core/CompositeTestExecutionListener$$Lambda+0x00000000821dc670
instanceKlass  @bci org/junit/platform/launcher/core/CompositeTestExecutionListener testPlanExecutionStarted (Lorg/junit/platform/launcher/TestPlan;)V 28 <appendix> member <vmtarget> ; # org/junit/platform/launcher/core/CompositeTestExecutionListener$$Lambda+0x00000000821dc440
instanceKlass  @bci org/junit/platform/launcher/core/CompositeTestExecutionListener testPlanExecutionStarted (Lorg/junit/platform/launcher/TestPlan;)V 22 <appendix> member <vmtarget> ; # org/junit/platform/launcher/core/CompositeTestExecutionListener$$Lambda+0x00000000821dc200
instanceKlass org/junit/platform/engine/EngineExecutionListener$1
instanceKlass  @bci org/junit/platform/launcher/core/EngineExecutionOrchestrator withInterceptedStreams (Lorg/junit/platform/engine/ConfigurationParameters;Lorg/junit/platform/launcher/core/ListenerRegistry;Ljava/util/function/Consumer;)V 87 <appendix> member <vmtarget> ; # org/junit/platform/launcher/core/EngineExecutionOrchestrator$$Lambda+0x00000000821d72d8
instanceKlass org/junit/platform/launcher/core/StreamInterceptingTestExecutionListener
instanceKlass  @bci org/junit/platform/launcher/core/EngineExecutionOrchestrator withInterceptedStreams (Lorg/junit/platform/engine/ConfigurationParameters;Lorg/junit/platform/launcher/core/ListenerRegistry;Ljava/util/function/Consumer;)V 51 <appendix> member <vmtarget> ; # org/junit/platform/launcher/core/EngineExecutionOrchestrator$$Lambda+0x00000000821d6db8
instanceKlass  @cpi org/junit/platform/launcher/core/EngineExecutionOrchestrator 258 form vmentry <vmtarget> ; # java/lang/invoke/LambdaForm$DMH+0x00000000821d8c00
instanceKlass org/junit/platform/engine/reporting/ReportEntry
instanceKlass  @bci org/junit/platform/launcher/core/CompositeTestExecutionListener <init> (Ljava/util/List;)V 91 <appendix> member <vmtarget> ; # org/junit/platform/launcher/core/CompositeTestExecutionListener$$Lambda+0x00000000821d6950
instanceKlass  @bci org/junit/platform/launcher/core/CompositeTestExecutionListener <init> (Ljava/util/List;)V 67 <appendix> member <vmtarget> ; # org/junit/platform/launcher/core/CompositeTestExecutionListener$$Lambda+0x00000000821d66f0
instanceKlass org/junit/platform/launcher/core/CompositeTestExecutionListener$EagerTestExecutionListener
instanceKlass  @bci org/junit/platform/launcher/core/EngineExecutionOrchestrator execute (Lorg/junit/platform/launcher/core/InternalTestPlan;Lorg/junit/platform/engine/support/store/NamespacedHierarchicalStore;Ljava/util/Collection;Lorg/junit/platform/engine/CancellationToken;)V 56 <appendix> member <vmtarget> ; # org/junit/platform/launcher/core/EngineExecutionOrchestrator$$Lambda+0x00000000821d62a8
instanceKlass  @cpi org/springframework/web/util/HierarchicalUriComponents 509 form vmentry <vmtarget> ; # java/lang/invoke/LambdaForm$DMH+0x00000000821d8800
instanceKlass  @bci org/junit/jupiter/engine/descriptor/MethodBasedTestDescriptor getLegacyReportingName ()Ljava/lang/String; 32 <appendix> argL0 ; # org/junit/jupiter/engine/descriptor/MethodBasedTestDescriptor$$Lambda+0x00000000821d6060
instanceKlass  @bci org/junit/jupiter/engine/descriptor/MethodBasedTestDescriptor getTags ()Ljava/util/Set; 42 <appendix> member <vmtarget> ; # org/junit/jupiter/engine/descriptor/MethodBasedTestDescriptor$$Lambda+0x00000000821d5e20
instanceKlass  @bci org/junit/platform/launcher/TestPlan addInternal (Lorg/junit/platform/launcher/TestIdentifier;)V 199 <appendix> argL0 ; # org/junit/platform/launcher/TestPlan$$Lambda+0x00000000821d5bd8
instanceKlass  @bci org/junit/platform/launcher/TestPlan from (ZLjava/util/Collection;Lorg/junit/platform/engine/ConfigurationParameters;Lorg/junit/platform/engine/OutputDirectoryCreator;)Lorg/junit/platform/launcher/TestPlan; 85 <appendix> member <vmtarget> ; # org/junit/platform/launcher/TestPlan$$Lambda+0x00000000821d5998
instanceKlass  @bci org/junit/platform/launcher/TestPlan from (ZLjava/util/Collection;Lorg/junit/platform/engine/ConfigurationParameters;Lorg/junit/platform/engine/OutputDirectoryCreator;)Lorg/junit/platform/launcher/TestPlan; 67 <appendix> member <vmtarget> ; # org/junit/platform/launcher/TestPlan$$Lambda+0x00000000821d5768
instanceKlass  @bci org/junit/platform/launcher/core/LauncherDiscoveryResult getEngineTestDescriptors ()Ljava/util/Collection; 28 <appendix> argL0 ; # org/junit/platform/launcher/core/LauncherDiscoveryResult$$Lambda+0x00000000821d5520
instanceKlass  @bci org/junit/platform/launcher/core/LauncherDiscoveryResult containsCriticalIssuesOrContainsTests ()Z 28 <appendix> argL0 ; # org/junit/platform/launcher/core/LauncherDiscoveryResult$$Lambda+0x00000000821d52c8
instanceKlass  @bci org/junit/platform/launcher/core/LauncherPhase getDiscoveryIssueFailurePhase (Lorg/junit/platform/engine/ConfigurationParameters;)Ljava/util/Optional; 13 <appendix> argL0 ; # org/junit/platform/launcher/core/LauncherPhase$$Lambda+0x00000000821d5080
instanceKlass  @bci org/junit/platform/launcher/listeners/discovery/CompositeLauncherDiscoveryListener launcherDiscoveryFinished (Lorg/junit/platform/launcher/LauncherDiscoveryRequest;)V 18 <appendix> member <vmtarget> ; # org/junit/platform/launcher/listeners/discovery/CompositeLauncherDiscoveryListener$$Lambda+0x00000000821d4e40
instanceKlass org/junit/platform/launcher/core/LauncherDiscoveryResult
instanceKlass  @bci org/junit/platform/engine/TestDescriptor containsTests (Lorg/junit/platform/engine/TestDescriptor;)Z 111 <appendix> argL0 ; # org/junit/platform/engine/TestDescriptor$$Lambda+0x00000000821d4988
instanceKlass  @bci org/junit/platform/launcher/core/EngineDiscoveryOrchestrator prune (Ljava/util/Map;)V 16 <appendix> argL0 ; # org/junit/platform/launcher/core/EngineDiscoveryOrchestrator$$Lambda+0x00000000821d4760
instanceKlass  @cpi org/junit/platform/engine/support/hierarchical/NodeTestTask 505 form vmentry <vmtarget> ; # java/lang/invoke/LambdaForm$DMH+0x00000000821d8400
instanceKlass  @bci org/junit/platform/launcher/core/EngineDiscoveryOrchestrator logTestDescriptorExclusionReasons (Ljava/util/Map;)V 15 <appendix> argL0 ; # org/junit/platform/launcher/core/EngineDiscoveryOrchestrator$$Lambda+0x00000000821d4528
instanceKlass  @bci org/junit/platform/launcher/core/EngineDiscoveryOrchestrator acceptInAllTestEngines (Ljava/util/Map;Lorg/junit/platform/engine/TestDescriptor$Visitor;)V 21 <appendix> member <vmtarget> ; # org/junit/platform/launcher/core/EngineDiscoveryOrchestrator$$Lambda+0x00000000821d42e8
instanceKlass  @bci org/junit/platform/launcher/core/EngineDiscoveryOrchestrator applyPostDiscoveryFilters (Ljava/util/Map;Ljava/util/List;)V 50 <appendix> member <vmtarget> ; # org/junit/platform/launcher/core/EngineDiscoveryOrchestrator$$Lambda+0x00000000821d40b8
instanceKlass  @cpi tools/jackson/databind/ser/impl/ReadOnlyClassToSerializerMap 66 form vmentry <vmtarget> ; # java/lang/invoke/LambdaForm$DMH+0x00000000821d8000
instanceKlass  @bci org/junit/platform/launcher/core/EngineFilterer warnIfAllEnginesExcluded ()V 62 <appendix> argL0 ; # org/junit/platform/launcher/core/EngineFilterer$$Lambda+0x00000000821d3e60
instanceKlass  @bci org/junit/platform/launcher/core/EngineFilterer getUnmatchedEngineIdsOfIncludeFilters ()Ljava/util/SortedSet; 156 <appendix> argL0 ; # org/junit/platform/launcher/core/EngineFilterer$$Lambda+0x00000000821d3c38
instanceKlass  @bci org/junit/platform/launcher/core/EngineFilterer getUnmatchedEngineIdsOfIncludeFilters ()Ljava/util/SortedSet; 138 <appendix> member <vmtarget> ; # org/junit/platform/launcher/core/EngineFilterer$$Lambda+0x00000000821d39d8
instanceKlass  @bci org/junit/platform/launcher/core/EngineFilterer getUnmatchedEngineIdsOfIncludeFilters ()Ljava/util/SortedSet; 119 <appendix> argL0 ; # org/junit/platform/launcher/core/EngineFilterer$$Lambda+0x00000000821d3790
instanceKlass  @bci org/junit/platform/launcher/core/EngineFilterer getUnmatchedEngineIdsOfIncludeFilters ()Ljava/util/SortedSet; 101 <appendix> argL0 ; # org/junit/platform/launcher/core/EngineFilterer$$Lambda+0x00000000821d3548
instanceKlass  @bci org/junit/platform/launcher/core/EngineFilterer getUnmatchedEngineIdsOfIncludeFilters ()Ljava/util/SortedSet; 83 <appendix> argL0 ; # org/junit/platform/launcher/core/EngineFilterer$$Lambda+0x00000000821d32f0
instanceKlass  @bci org/junit/platform/launcher/core/EngineFilterer getUnmatchedEngineIdsOfIncludeFilters ()Ljava/util/SortedSet; 28 <appendix> argL0 ; # org/junit/platform/launcher/core/EngineFilterer$$Lambda+0x00000000821d30a8
instanceKlass org/junit/platform/launcher/core/LauncherDiscoveryResult$EngineResultInfo
instanceKlass org/junit/platform/launcher/core/DiscoveryIssueNotifier
instanceKlass  @bci org/junit/platform/launcher/listeners/discovery/AbortOnFailureLauncherDiscoveryListener engineDiscoveryFinished (Lorg/junit/platform/engine/UniqueId;Lorg/junit/platform/launcher/EngineDiscoveryResult;)V 17 <appendix> argL0 ; # org/junit/platform/launcher/listeners/discovery/AbortOnFailureLauncherDiscoveryListener$$Lambda+0x00000000821d29f8
instanceKlass org/junit/platform/commons/util/ExceptionUtils
instanceKlass  @bci org/junit/platform/launcher/listeners/discovery/CompositeLauncherDiscoveryListener engineDiscoveryFinished (Lorg/junit/platform/engine/UniqueId;Lorg/junit/platform/launcher/EngineDiscoveryResult;)V 20 <appendix> member <vmtarget> ; # org/junit/platform/launcher/listeners/discovery/CompositeLauncherDiscoveryListener$$Lambda+0x00000000821d25a8
instanceKlass org/junit/platform/launcher/EngineDiscoveryResult
instanceKlass  @bci org/junit/platform/launcher/core/EngineDiscoveryResultValidator validate (Lorg/junit/platform/engine/TestEngine;Lorg/junit/platform/engine/TestDescriptor;)V 53 <appendix> member <vmtarget> ; # org/junit/platform/launcher/core/EngineDiscoveryResultValidator$$Lambda+0x00000000821d1d00
instanceKlass  @bci org/junit/platform/launcher/core/EngineDiscoveryResultValidator validate (Lorg/junit/platform/engine/TestEngine;Lorg/junit/platform/engine/TestDescriptor;)V 15 <appendix> member <vmtarget> ; # org/junit/platform/launcher/core/EngineDiscoveryResultValidator$$Lambda+0x00000000821d1ad0
instanceKlass  @bci org/junit/jupiter/engine/descriptor/MethodBasedTestDescriptor validate (Lorg/junit/platform/engine/support/discovery/DiscoveryIssueReporter;)V 44 <appendix> member <vmtarget> ; # org/junit/jupiter/engine/descriptor/MethodBasedTestDescriptor$$Lambda+0x00000000821d18a0
instanceKlass  @bci org/junit/jupiter/engine/descriptor/MethodBasedTestDescriptor validate (Lorg/junit/platform/engine/support/discovery/DiscoveryIssueReporter;)V 38 <appendix> member <vmtarget> ; # org/junit/jupiter/engine/descriptor/MethodBasedTestDescriptor$$Lambda+0x00000000821d1670
instanceKlass  @bci org/junit/jupiter/engine/descriptor/DisplayNameUtils validateAnnotation (Ljava/lang/reflect/AnnotatedElement;Ljava/util/function/Supplier;Ljava/util/function/Supplier;Lorg/junit/platform/engine/support/discovery/DiscoveryIssueReporter;)V 59 <appendix> member <vmtarget> ; # org/junit/jupiter/engine/descriptor/DisplayNameUtils$$Lambda+0x00000000821d1430
instanceKlass  @bci org/junit/jupiter/engine/descriptor/DisplayNameUtils validateAnnotation (Ljava/lang/reflect/AnnotatedElement;Ljava/util/function/Supplier;Ljava/util/function/Supplier;Lorg/junit/platform/engine/support/discovery/DiscoveryIssueReporter;)V 39 <appendix> argL0 ; # org/junit/jupiter/engine/descriptor/DisplayNameUtils$$Lambda+0x00000000821d11d8
instanceKlass  @bci org/junit/jupiter/engine/descriptor/DisplayNameUtils validateAnnotation (Ljava/lang/reflect/AnnotatedElement;Ljava/util/function/Supplier;Ljava/util/function/Supplier;Lorg/junit/platform/engine/support/discovery/DiscoveryIssueReporter;)V 22 <appendix> argL0 ; # org/junit/jupiter/engine/descriptor/DisplayNameUtils$$Lambda+0x00000000821d0f90
instanceKlass  @bci org/junit/jupiter/engine/descriptor/ClassBasedTestDescriptor validateDisplayNameAnnotation (Lorg/junit/platform/engine/support/discovery/DiscoveryIssueReporter;)V 25 <appendix> member <vmtarget> ; # org/junit/jupiter/engine/descriptor/ClassBasedTestDescriptor$$Lambda+0x00000000821d0d60
instanceKlass  @bci org/junit/jupiter/engine/descriptor/ClassBasedTestDescriptor validateDisplayNameAnnotation (Lorg/junit/platform/engine/support/discovery/DiscoveryIssueReporter;)V 19 <appendix> member <vmtarget> ; # org/junit/jupiter/engine/descriptor/ClassBasedTestDescriptor$$Lambda+0x00000000821d0b30
instanceKlass  @bci org/junit/jupiter/engine/descriptor/LifecycleMethodUtils validateNoClassTemplateInvocationLifecycleMethodsAreDeclared (Ljava/lang/Class;Lorg/junit/platform/engine/support/discovery/DiscoveryIssueReporter;)V 20 <appendix> member <vmtarget> ; # org/junit/jupiter/engine/descriptor/LifecycleMethodUtils$$Lambda+0x00000000821d08f0
instanceKlass org/junit/jupiter/api/extension/ClassTemplateInvocationLifecycleMethod
instanceKlass  @bci org/junit/jupiter/engine/descriptor/Validatable reportAndClear (Ljava/util/List;Lorg/junit/platform/engine/support/discovery/DiscoveryIssueReporter;)V 20 <appendix> member <vmtarget> ; # org/junit/jupiter/engine/descriptor/Validatable$$Lambda+0x00000000821d04a8
instanceKlass  @bci org/junit/jupiter/engine/discovery/MethodOrderingVisitor orderContainedMethods (Lorg/junit/jupiter/engine/descriptor/ClassBasedTestDescriptor;)V 63 <appendix> argL0 ; # org/junit/jupiter/engine/discovery/MethodOrderingVisitor$$Lambda+0x00000000821d0260
instanceKlass org/junit/jupiter/api/MethodDescriptor
instanceKlass  @bci org/junit/jupiter/engine/discovery/MethodOrderingVisitor toValidationAction (Lorg/junit/jupiter/api/MethodOrderer;)Ljava/util/Optional; 72 <appendix> member <vmtarget> ; # org/junit/jupiter/engine/discovery/MethodOrderingVisitor$$Lambda+0x00000000821ccc80
instanceKlass  @bci org/junit/jupiter/engine/discovery/MethodOrderingVisitor createClassLevelOrderer (Lorg/junit/jupiter/engine/descriptor/ClassBasedTestDescriptor;)Lorg/junit/jupiter/engine/discovery/AbstractOrderingVisitor$DescriptorWrapperOrderer; 59 <appendix> member <vmtarget> ; # org/junit/jupiter/engine/discovery/MethodOrderingVisitor$$Lambda+0x00000000821cca50
instanceKlass  @bci org/junit/jupiter/engine/discovery/MethodOrderingVisitor createClassLevelOrderer (Lorg/junit/jupiter/engine/descriptor/ClassBasedTestDescriptor;)Lorg/junit/jupiter/engine/discovery/AbstractOrderingVisitor$DescriptorWrapperOrderer; 41 <appendix> member <vmtarget> ; # org/junit/jupiter/engine/discovery/MethodOrderingVisitor$$Lambda+0x00000000821cc800
instanceKlass  @bci org/junit/jupiter/engine/discovery/MethodOrderingVisitor createClassLevelOrderer (Lorg/junit/jupiter/engine/descriptor/ClassBasedTestDescriptor;)Lorg/junit/jupiter/engine/discovery/AbstractOrderingVisitor$DescriptorWrapperOrderer; 24 <appendix> argL0 ; # org/junit/jupiter/engine/discovery/MethodOrderingVisitor$$Lambda+0x00000000821cdd20
instanceKlass org/junit/jupiter/api/TestMethodOrder
instanceKlass  @bci org/junit/jupiter/engine/discovery/ClassOrderingVisitor orderNestedClasses (Lorg/junit/jupiter/engine/descriptor/ClassBasedTestDescriptor;)V 51 <appendix> argL0 ; # org/junit/jupiter/engine/discovery/ClassOrderingVisitor$$Lambda+0x00000000821cd8d0
instanceKlass  @bci org/junit/jupiter/engine/discovery/ClassOrderingVisitor createClassLevelOrderer (Lorg/junit/jupiter/engine/descriptor/ClassBasedTestDescriptor;)Lorg/junit/jupiter/engine/discovery/AbstractOrderingVisitor$DescriptorWrapperOrderer; 58 <appendix> member <vmtarget> ; # org/junit/jupiter/engine/discovery/ClassOrderingVisitor$$Lambda+0x00000000821cd6a0
instanceKlass  @bci org/junit/jupiter/engine/discovery/ClassOrderingVisitor createClassLevelOrderer (Lorg/junit/jupiter/engine/descriptor/ClassBasedTestDescriptor;)Lorg/junit/jupiter/engine/discovery/AbstractOrderingVisitor$DescriptorWrapperOrderer; 40 <appendix> member <vmtarget> ; # org/junit/jupiter/engine/discovery/ClassOrderingVisitor$$Lambda+0x00000000821cd450
instanceKlass  @bci org/junit/jupiter/engine/discovery/ClassOrderingVisitor createClassLevelOrderer (Lorg/junit/jupiter/engine/descriptor/ClassBasedTestDescriptor;)Lorg/junit/jupiter/engine/discovery/AbstractOrderingVisitor$DescriptorWrapperOrderer; 23 <appendix> argL0 ; # org/junit/jupiter/engine/discovery/ClassOrderingVisitor$$Lambda+0x00000000821cd208
instanceKlass org/junit/jupiter/api/TestClassOrder
instanceKlass  @bci org/junit/platform/engine/TestDescriptor accept (Lorg/junit/platform/engine/TestDescriptor$Visitor;)V 59 <appendix> member <vmtarget> ; # org/junit/platform/engine/TestDescriptor$$Lambda+0x00000000821cfd20
instanceKlass  @bci org/junit/jupiter/engine/discovery/MethodOrderingVisitor visit (Lorg/junit/platform/engine/TestDescriptor;)V 24 <appendix> argL0 ; # org/junit/jupiter/engine/discovery/MethodOrderingVisitor$$Lambda+0x00000000821cfad8
instanceKlass  @bci org/junit/jupiter/engine/discovery/MethodOrderingVisitor visit (Lorg/junit/platform/engine/TestDescriptor;)V 19 <appendix> member <vmtarget> ; # org/junit/jupiter/engine/discovery/MethodOrderingVisitor$$Lambda+0x00000000821cf898
instanceKlass  @bci org/junit/jupiter/engine/discovery/ClassOrderingVisitor visit (Lorg/junit/platform/engine/TestDescriptor;)V 50 <appendix> argL0 ; # org/junit/jupiter/engine/discovery/ClassOrderingVisitor$$Lambda+0x00000000821cf650
instanceKlass  @bci org/junit/jupiter/engine/discovery/ClassOrderingVisitor visit (Lorg/junit/platform/engine/TestDescriptor;)V 45 <appendix> member <vmtarget> ; # org/junit/jupiter/engine/discovery/ClassOrderingVisitor$$Lambda+0x00000000821cf410
instanceKlass org/junit/jupiter/api/Order
instanceKlass  @bci org/junit/jupiter/engine/discovery/AbstractOrderingVisitor orderChildrenTestDescriptors (Lorg/junit/platform/engine/TestDescriptor;Ljava/lang/Class;Ljava/util/Optional;Ljava/util/function/Function;Lorg/junit/jupiter/engine/discovery/AbstractOrderingVisitor$DescriptorWrapperOrderer;)V 146 <appendix> member <vmtarget> ; # org/junit/jupiter/engine/discovery/AbstractOrderingVisitor$$Lambda+0x00000000821cefc8
instanceKlass  @bci org/junit/jupiter/engine/discovery/AbstractOrderingVisitor orderChildrenTestDescriptors (Lorg/junit/platform/engine/TestDescriptor;Ljava/lang/Class;Ljava/util/Optional;Ljava/util/function/Function;Lorg/junit/jupiter/engine/discovery/AbstractOrderingVisitor$DescriptorWrapperOrderer;)V 76 <appendix> member <vmtarget> ; # org/junit/jupiter/engine/discovery/AbstractOrderingVisitor$$Lambda+0x00000000821ced78
instanceKlass  @bci org/junit/jupiter/engine/discovery/AbstractOrderingVisitor orderChildrenTestDescriptors (Lorg/junit/platform/engine/TestDescriptor;Ljava/lang/Class;Ljava/util/Optional;Ljava/util/function/Function;Lorg/junit/jupiter/engine/discovery/AbstractOrderingVisitor$DescriptorWrapperOrderer;)V 51 <appendix> member <vmtarget> ; # org/junit/jupiter/engine/discovery/AbstractOrderingVisitor$$Lambda+0x00000000821ceb18
instanceKlass  @bci org/junit/jupiter/engine/discovery/ClassOrderingVisitor orderTopLevelClasses (Lorg/junit/jupiter/engine/descriptor/JupiterEngineDescriptor;)V 40 <appendix> argL0 ; # org/junit/jupiter/engine/discovery/ClassOrderingVisitor$$Lambda+0x00000000821ce8d0
instanceKlass org/junit/jupiter/engine/discovery/AbstractAnnotatedDescriptorWrapper
instanceKlass org/junit/jupiter/api/ClassDescriptor
instanceKlass  @bci org/junit/jupiter/engine/discovery/ClassOrderingVisitor toValidationAction (Lorg/junit/jupiter/api/ClassOrderer;)Ljava/util/Optional; 72 <appendix> member <vmtarget> ; # org/junit/jupiter/engine/discovery/ClassOrderingVisitor$$Lambda+0x00000000821ce000
instanceKlass  @bci org/junit/jupiter/engine/discovery/ClassOrderingVisitor visit (Lorg/junit/platform/engine/TestDescriptor;)V 24 <appendix> argL0 ; # org/junit/jupiter/engine/discovery/ClassOrderingVisitor$$Lambda+0x00000000821cbd98
instanceKlass  @bci org/junit/jupiter/engine/discovery/ClassOrderingVisitor visit (Lorg/junit/platform/engine/TestDescriptor;)V 19 <appendix> member <vmtarget> ; # org/junit/jupiter/engine/discovery/ClassOrderingVisitor$$Lambda+0x00000000821cbb58
instanceKlass  @bci org/junit/platform/engine/support/discovery/EngineDiscoveryRequestResolution run ()V 125 <appendix> member <vmtarget> ; # org/junit/platform/engine/support/discovery/EngineDiscoveryRequestResolution$$Lambda+0x00000000821cb918
instanceKlass java/util/HashMap$HashMapSpliterator
instanceKlass  @bci org/junit/jupiter/engine/discovery/MethodSelectorResolver expansionCallback (Lorg/junit/platform/engine/TestDescriptor;)Ljava/util/function/Supplier; 15 <appendix> member <vmtarget> ; # org/junit/jupiter/engine/discovery/MethodSelectorResolver$$Lambda+0x00000000821cb6e8
instanceKlass  @bci org/junit/jupiter/engine/descriptor/MethodBasedTestDescriptor$MethodInfo <init> (Ljava/lang/Class;Ljava/lang/reflect/Method;)V 104 <appendix> member <vmtarget> ; # org/junit/jupiter/engine/descriptor/MethodBasedTestDescriptor$MethodInfo$$Lambda+0x00000000821cb4a8
instanceKlass  @bci org/junit/jupiter/engine/descriptor/MethodBasedTestDescriptor$MethodInfo <init> (Ljava/lang/Class;Ljava/lang/reflect/Method;)V 83 <appendix> member <vmtarget> ; # org/junit/jupiter/engine/descriptor/MethodBasedTestDescriptor$MethodInfo$$Lambda+0x00000000821cb278
instanceKlass  @bci org/junit/jupiter/engine/descriptor/MethodBasedTestDescriptor$MethodInfo <init> (Ljava/lang/Class;Ljava/lang/reflect/Method;)V 77 <appendix> member <vmtarget> ; # org/junit/jupiter/engine/descriptor/MethodBasedTestDescriptor$MethodInfo$$Lambda+0x00000000821cb048
instanceKlass org/junit/jupiter/engine/descriptor/MethodBasedTestDescriptor$MethodInfo
instanceKlass org/junit/platform/engine/support/descriptor/MethodSource
instanceKlass java/lang/StringConcatHelper$StringConcatBase
instanceKlass java/lang/invoke/StringConcatFactory$InlineHiddenClassStrategy$2
instanceKlass java/lang/invoke/StringConcatFactory$InlineHiddenClassStrategy$1
instanceKlass java/lang/invoke/StringConcatFactory$InlineHiddenClassStrategy
instanceKlass  @bci org/junit/jupiter/api/DisplayNameGenerator parameterTypesAsString (Ljava/lang/reflect/Method;)Ljava/lang/String; 100 <appendix> argL0 ; # org/junit/jupiter/api/DisplayNameGenerator$$Lambda+0x00000000821ca9c0
instanceKlass  @bci org/junit/jupiter/engine/descriptor/DisplayNameUtils createDisplayNameSupplierForMethod (Ljava/util/function/Supplier;Ljava/lang/Class;Ljava/lang/reflect/Method;Lorg/junit/jupiter/engine/config/JupiterConfiguration;)Ljava/util/function/Supplier; 21 <appendix> member <vmtarget> ; # org/junit/jupiter/engine/descriptor/DisplayNameUtils$$Lambda+0x00000000821ca780
instanceKlass  @bci org/junit/jupiter/engine/descriptor/TestMethodTestDescriptor <clinit> ()V 32 <appendix> argL0 ; # org/junit/jupiter/engine/descriptor/TestMethodTestDescriptor$$Lambda+0x00000000821ca558
instanceKlass  @cpi org/junit/jupiter/engine/descriptor/TestMethodTestDescriptor 623 form vmentry <vmtarget> ; # java/lang/invoke/LambdaForm$DMH+0x00000000821cc000
instanceKlass org/junit/jupiter/api/extension/InvocationInterceptor
instanceKlass org/junit/jupiter/engine/execution/InterceptingExecutableInvoker$ReflectiveInterceptorCall$VoidMethodInterceptorCall
instanceKlass  @bci org/junit/jupiter/engine/discovery/MethodSelectorResolver$MethodType createTestDescriptor (Lorg/junit/platform/engine/TestDescriptor;Ljava/lang/Class;Ljava/lang/reflect/Method;Lorg/junit/jupiter/engine/config/JupiterConfiguration;)Lorg/junit/platform/engine/TestDescriptor; 60 <appendix> member <vmtarget> ; # org/junit/jupiter/engine/discovery/MethodSelectorResolver$MethodType$$Lambda+0x00000000821c9f18
instanceKlass  @bci org/junit/platform/commons/util/ClassUtils nullSafeToString ([Ljava/lang/Class;)Ljava/lang/String; 13 <appendix> argL0 ; # org/junit/platform/commons/util/ClassUtils$$Lambda+0x00000000821c9cd0
instanceKlass org/junit/platform/commons/util/ClassUtils
instanceKlass  @bci org/junit/jupiter/engine/discovery/MethodSelectorResolver$MethodType resolve (Ljava/util/List;Ljava/lang/Class;Ljava/lang/reflect/Method;Lorg/junit/platform/engine/support/discovery/SelectorResolver$Context;Lorg/junit/jupiter/engine/config/JupiterConfiguration;)Ljava/util/Optional; 90 <appendix> member <vmtarget> ; # org/junit/jupiter/engine/discovery/MethodSelectorResolver$MethodType$$Lambda+0x00000000821c9870
instanceKlass  @bci org/junit/jupiter/engine/discovery/MethodSelectorResolver$MethodType resolve (Ljava/util/List;Ljava/lang/Class;Ljava/lang/reflect/Method;Lorg/junit/platform/engine/support/discovery/SelectorResolver$Context;Lorg/junit/jupiter/engine/config/JupiterConfiguration;)Ljava/util/Optional; 80 <appendix> member <vmtarget> ; # org/junit/jupiter/engine/discovery/MethodSelectorResolver$MethodType$$Lambda+0x00000000821c9640
instanceKlass  @bci org/junit/jupiter/engine/discovery/MethodSelectorResolver resolve (Lorg/junit/platform/engine/support/discovery/SelectorResolver$Context;Ljava/util/List;Ljava/lang/Class;Ljava/util/function/Supplier;Ljava/util/function/BiFunction;)Lorg/junit/platform/engine/support/discovery/SelectorResolver$Resolution; 152 <appendix> member <vmtarget> ; # org/junit/jupiter/engine/discovery/MethodSelectorResolver$$Lambda+0x00000000821c93f0
instanceKlass  @bci org/junit/jupiter/engine/discovery/MethodSelectorResolver resolve (Lorg/junit/platform/engine/support/discovery/SelectorResolver$Context;Ljava/util/List;Ljava/lang/Class;Ljava/util/function/Supplier;Ljava/util/function/BiFunction;)Lorg/junit/platform/engine/support/discovery/SelectorResolver$Resolution; 130 <appendix> argL0 ; # org/junit/jupiter/engine/discovery/MethodSelectorResolver$$Lambda+0x00000000821c91a8
instanceKlass  @bci org/junit/jupiter/engine/discovery/MethodSelectorResolver resolve (Lorg/junit/platform/engine/support/discovery/SelectorResolver$Context;Ljava/util/List;Ljava/lang/Class;Ljava/util/function/Supplier;Ljava/util/function/BiFunction;)Lorg/junit/platform/engine/support/discovery/SelectorResolver$Resolution; 111 <appendix> member <vmtarget> ; # org/junit/jupiter/engine/discovery/MethodSelectorResolver$$Lambda+0x00000000821c8f58
instanceKlass  @bci org/junit/jupiter/engine/discovery/MethodSelectorResolver resolve (Lorg/junit/platform/engine/DiscoverySelector;Lorg/junit/platform/engine/support/discovery/SelectorResolver$Context;)Lorg/junit/platform/engine/support/discovery/SelectorResolver$Resolution; 141 <appendix> argL0 ; # org/junit/jupiter/engine/discovery/MethodSelectorResolver$$Lambda+0x00000000821c8d20
instanceKlass  @bci org/junit/jupiter/engine/discovery/MethodSelectorResolver resolve (Lorg/junit/platform/engine/DiscoverySelector;Lorg/junit/platform/engine/support/discovery/SelectorResolver$Context;)Lorg/junit/platform/engine/support/discovery/SelectorResolver$Resolution; 136 <appendix> member <vmtarget> ; # org/junit/jupiter/engine/discovery/MethodSelectorResolver$$Lambda+0x00000000821c8af0
instanceKlass org/junit/platform/engine/discovery/UriSelector
instanceKlass org/junit/platform/engine/discovery/PackageSelector
instanceKlass org/junit/platform/engine/discovery/ModuleSelector
instanceKlass org/junit/platform/engine/discovery/NestedMethodSelector
instanceKlass org/junit/platform/engine/discovery/FileSelector
instanceKlass org/junit/platform/engine/discovery/DirectorySelector
instanceKlass org/junit/platform/engine/discovery/IterationSelector
# instanceKlass java/lang/invoke/LambdaForm$MH+0x00000000821c7c00
instanceKlass  @bci org/junit/platform/commons/util/AnnotationUtils lambda$isRepeatableAnnotationContainer$0 (Ljava/lang/Class;)Ljava/lang/Boolean; 55 <appendix> argL0 ; # org/junit/platform/commons/util/AnnotationUtils$$Lambda+0x00000000821c3878
instanceKlass  @bci org/junit/platform/commons/util/AnnotationUtils lambda$isRepeatableAnnotationContainer$0 (Ljava/lang/Class;)Ljava/lang/Boolean; 22 <appendix> argL0 ; # org/junit/platform/commons/util/AnnotationUtils$$Lambda+0x00000000821c3620
instanceKlass  @bci org/junit/platform/commons/util/AnnotationUtils isRepeatableAnnotationContainer (Ljava/lang/Class;)Z 19 <appendix> argL0 ; # org/junit/platform/commons/util/AnnotationUtils$$Lambda+0x00000000821c33d8
instanceKlass java/lang/invoke/MethodHandleImpl$CountingWrapper$1
instanceKlass  @bci org/junit/platform/engine/support/discovery/EngineDiscoveryRequestResolution lambda$enqueueAdditionalSelectors$0 (Lorg/junit/platform/engine/support/discovery/SelectorResolver$Match;)V 111 <appendix> member <vmtarget> ; # org/junit/platform/engine/support/discovery/EngineDiscoveryRequestResolution$$Lambda+0x00000000821c2f40
instanceKlass  @bci org/springframework/web/method/annotation/ExceptionHandlerMethodResolver$ExceptionMapping hashCode ()I 14 <appendix> argL2 argL1 form vmentry <vmtarget> ; # java/lang/invoke/LambdaForm$MH+0x00000000821c7800
instanceKlass  @bci org/springframework/web/method/annotation/ExceptionHandlerMethodResolver$ExceptionMapping hashCode ()I 14 <appendix> form vmentry <vmtarget> ; # java/lang/invoke/LambdaForm$MH+0x00000000821c7400
# instanceKlass java/lang/invoke/LambdaForm$MH+0x00000000821c7000
# instanceKlass java/lang/invoke/LambdaForm$MH+0x00000000821c6c00
instanceKlass  @bci org/junit/jupiter/engine/discovery/DeclaredMethodSelector hashCode ()I 14 <appendix> argL2 argL1 argL0 member <vmtarget> ; # org/junit/jupiter/engine/discovery/DeclaredMethodSelector$$HasherSpecializer+0x00000000821c2d30
instanceKlass java/lang/classfile/CodeModel
instanceKlass java/lang/classfile/MethodModel
instanceKlass java/lang/classfile/FieldModel
instanceKlass  @bci jdk/internal/classfile/impl/ClassFileImpl attributeMapper ()Ljava/util/function/Function; 7 <appendix> argL0 ; # jdk/internal/classfile/impl/ClassFileImpl$$Lambda+0x800000051
instanceKlass java/lang/classfile/AccessFlags
instanceKlass java/lang/classfile/ClassModel
instanceKlass java/lang/classfile/AttributedElement
instanceKlass  @bci java/lang/runtime/ObjectMethods lambda$makeHashCode$0 (I[Ljava/lang/invoke/MethodHandle;[Ljava/lang/String;Ljava/util/List;Ljava/lang/classfile/ClassBuilder;)V 99 <appendix> form vmentry <vmtarget> ; # java/lang/invoke/LambdaForm$DMH+0x00000000821c6800
instanceKlass  @bci java/lang/runtime/ObjectMethods lambda$makeHashCode$0 (I[Ljava/lang/invoke/MethodHandle;[Ljava/lang/String;Ljava/util/List;Ljava/lang/classfile/ClassBuilder;)V 99 <appendix> member <vmtarget> ; # java/lang/runtime/ObjectMethods$$Lambda+0x0000000082162238
instanceKlass  @cpi java/lang/runtime/ObjectMethods 683 form vmentry <vmtarget> ; # java/lang/invoke/LambdaForm$DMH+0x00000000821c6400
instanceKlass  @bci java/lang/runtime/ObjectMethods makeEquals (Ljava/lang/invoke/MethodHandles$Lookup;Ljava/lang/Class;Ljava/util/List;)Ljava/lang/invoke/MethodHandle; 264 <adapter> ; # java/lang/invoke/LambdaForm$MH+0x00000000821c6000
# instanceKlass java/lang/invoke/LambdaForm$DMH+0x00000000821c5c00
instanceKlass  @bci java/lang/runtime/ObjectMethods makeEquals (Ljava/lang/invoke/MethodHandles$Lookup;Ljava/lang/Class;Ljava/util/List;)Ljava/lang/invoke/MethodHandle; 264 <appendix> form vmentry <vmtarget> ; # java/lang/invoke/LambdaForm$DMH+0x00000000821c5800
instanceKlass  @bci java/lang/runtime/ObjectMethods makeHashCode (Ljava/lang/invoke/MethodHandles$Lookup;Ljava/lang/Class;Ljava/util/List;)Ljava/lang/invoke/MethodHandle; 150 <appendix> member <vmtarget> ; # java/lang/runtime/ObjectMethods$$Lambda+0x0000000082161ff8
instanceKlass  @cpi java/lang/runtime/ObjectMethods 673 form vmentry <vmtarget> ; # java/lang/invoke/LambdaForm$DMH+0x00000000821c5400
instanceKlass java/lang/classfile/ClassFile$ClassHierarchyResolverOption
instanceKlass java/lang/classfile/ClassHierarchyResolver$4
# instanceKlass java/lang/invoke/LambdaForm$MH+0x00000000821c5000
instanceKlass java/lang/classfile/CodeBuilder$1
instanceKlass  @bci org/springframework/web/method/annotation/ExceptionHandlerMethodResolver$ExceptionMapping hashCode ()I 14 <appendix> argL2 argL1 argL1 form vmentry <vmtarget> ; # java/lang/invoke/LambdaForm$MH+0x00000000821c4c00
instanceKlass java/lang/invoke/MethodHandleImpl$Makers$2
instanceKlass java/lang/invoke/MethodHandleImpl$Makers$1
instanceKlass java/lang/invoke/MethodHandleImpl$Makers
instanceKlass java/lang/invoke/MethodHandleImpl$CasesHolder
instanceKlass java/lang/invoke/MethodHandleImpl$LoopClauses
instanceKlass  @bci org/springframework/web/method/annotation/ExceptionHandlerMethodResolver$ExceptionMapping hashCode ()I 14 <appendix> argL2 argL2 form vmentry <vmtarget> ; # java/lang/invoke/LambdaForm$MH+0x00000000821c4800
instanceKlass  @bci java/lang/runtime/ObjectMethods bootstrap (Ljava/lang/invoke/MethodHandles$Lookup;Ljava/lang/String;Ljava/lang/invoke/TypeDescriptor;Ljava/lang/Class;Ljava/lang/String;[Ljava/lang/invoke/MethodHandle;)Ljava/lang/Object; 37 <appendix> argL0 ; # java/lang/runtime/ObjectMethods$$Lambda+0x000000008215ff38
# instanceKlass java/lang/invoke/LambdaForm$MH+0x00000000821c4400
# instanceKlass java/lang/invoke/LambdaForm$MH+0x00000000821c4000
instanceKlass java/lang/invoke/MethodHandleImpl$2
instanceKlass java/lang/runtime/ObjectMethods
instanceKlass  @bci java/util/stream/StreamSpliterators$WrappingSpliterator forEachRemaining (Ljava/util/function/Consumer;)V 33 <appendix> member <vmtarget> ; # java/util/stream/StreamSpliterators$WrappingSpliterator$$Lambda+0x000000008215f478
instanceKlass java/util/stream/StreamSpliterators
instanceKlass  @bci org/junit/jupiter/engine/discovery/ClassSelectorResolver lambda$expansionCallback$1 (Lorg/junit/platform/engine/TestDescriptor;Ljava/util/function/Supplier;)Ljava/util/Set; 320 <appendix> argL0 ; # org/junit/jupiter/engine/discovery/ClassSelectorResolver$$Lambda+0x00000000821c2b08
instanceKlass java/util/stream/StreamSpliterators$AbstractWrappingSpliterator
instanceKlass  @bci java/util/stream/AbstractPipeline spliterator ()Ljava/util/Spliterator; 103 <appendix> member <vmtarget> ; # java/util/stream/AbstractPipeline$$Lambda+0x000000008215eaf8
instanceKlass  @bci org/junit/jupiter/engine/discovery/ClassSelectorResolver lambda$expansionCallback$1 (Lorg/junit/platform/engine/TestDescriptor;Ljava/util/function/Supplier;)Ljava/util/Set; 283 <appendix> member <vmtarget> ; # org/junit/jupiter/engine/discovery/ClassSelectorResolver$$Lambda+0x00000000821c28b8
instanceKlass org/junit/platform/engine/discovery/NestedClassSelector
instanceKlass java/util/stream/Streams$2
instanceKlass java/util/stream/Streams$ConcatSpliterator
instanceKlass  @bci org/junit/jupiter/engine/discovery/ClassSelectorResolver lambda$expansionCallback$1 (Lorg/junit/platform/engine/TestDescriptor;Ljava/util/function/Supplier;)Ljava/util/Set; 238 <appendix> argL0 ; # org/junit/jupiter/engine/discovery/ClassSelectorResolver$$Lambda+0x00000000821c2430
instanceKlass  @bci org/junit/platform/commons/util/ReflectionUtils findNestedClasses (Ljava/lang/Class;Ljava/util/function/Predicate;Lorg/junit/platform/commons/util/ReflectionUtils$CycleErrorHandling;)Ljava/util/List; 75 <appendix> member <vmtarget> ; # org/junit/platform/commons/util/ReflectionUtils$$Lambda+0x00000000821c21f0
instanceKlass  @bci org/junit/jupiter/engine/discovery/ClassSelectorResolver lambda$expansionCallback$1 (Lorg/junit/platform/engine/TestDescriptor;Ljava/util/function/Supplier;)Ljava/util/Set; 162 <appendix> member <vmtarget> ; # org/junit/jupiter/engine/discovery/ClassSelectorResolver$$Lambda+0x00000000821c1fa0
instanceKlass  @bci org/junit/jupiter/engine/discovery/ClassSelectorResolver expansionCallback (Lorg/junit/platform/engine/TestDescriptor;Ljava/util/function/Supplier;)Ljava/util/function/Supplier; 18 <appendix> member <vmtarget> ; # org/junit/jupiter/engine/discovery/ClassSelectorResolver$$Lambda+0x00000000821c1d70
instanceKlass  @bci org/junit/jupiter/engine/discovery/ClassSelectorResolver expansionCallback (Lorg/junit/jupiter/engine/descriptor/ClassBasedTestDescriptor;)Ljava/util/function/Supplier; 18 <appendix> member <vmtarget> ; # org/junit/jupiter/engine/discovery/ClassSelectorResolver$$Lambda+0x00000000821c1b40
instanceKlass  @bci org/junit/jupiter/engine/discovery/ClassSelectorResolver toResolution (Ljava/util/Optional;)Lorg/junit/platform/engine/support/discovery/SelectorResolver$Resolution; 17 <appendix> member <vmtarget> ; # org/junit/jupiter/engine/discovery/ClassSelectorResolver$$Lambda+0x00000000821c18f0
instanceKlass org/junit/jupiter/api/AfterEach
instanceKlass  @bci org/junit/jupiter/engine/descriptor/LifecycleMethodUtils isNotStatic (Lorg/junit/platform/engine/support/discovery/DiscoveryIssueReporter;Ljava/util/function/Function;)Lorg/junit/platform/engine/support/discovery/DiscoveryIssueReporter$Condition; 21 <appendix> member <vmtarget> ; # org/junit/jupiter/engine/descriptor/LifecycleMethodUtils$$Lambda+0x00000000821c1498
instanceKlass  @bci org/junit/jupiter/engine/descriptor/LifecycleMethodUtils isNotStatic (Lorg/junit/platform/engine/support/discovery/DiscoveryIssueReporter;Ljava/util/function/Function;)Lorg/junit/platform/engine/support/discovery/DiscoveryIssueReporter$Condition; 15 <appendix> argL0 ; # org/junit/jupiter/engine/descriptor/LifecycleMethodUtils$$Lambda+0x00000000821c1240
instanceKlass  @bci org/junit/jupiter/engine/descriptor/LifecycleMethodUtils findMethodsAndCheckNonStatic (Ljava/lang/Class;Ljava/lang/Class;Lorg/junit/platform/commons/support/HierarchyTraversalMode;Lorg/junit/platform/engine/support/discovery/DiscoveryIssueReporter;)Ljava/util/List; 22 <appendix> member <vmtarget> ; # org/junit/jupiter/engine/descriptor/LifecycleMethodUtils$$Lambda+0x00000000821c0ff0
instanceKlass org/junit/jupiter/api/BeforeEach
instanceKlass  @bci org/junit/platform/engine/support/discovery/DiscoveryIssueReporter$Condition toPredicate ()Ljava/util/function/Predicate; 14 <appendix> member <vmtarget> ; # org/junit/platform/engine/support/discovery/DiscoveryIssueReporter$Condition$$Lambda+0x00000000821c0b88
instanceKlass  @bci org/junit/jupiter/engine/descriptor/LifecycleMethodUtils returnsPrimitiveVoid (Lorg/junit/platform/engine/support/discovery/DiscoveryIssueReporter;Ljava/util/function/Function;)Lorg/junit/platform/engine/support/discovery/DiscoveryIssueReporter$Condition; 21 <appendix> member <vmtarget> ; # org/junit/jupiter/engine/descriptor/LifecycleMethodUtils$$Lambda+0x00000000821c0938
instanceKlass  @bci org/junit/jupiter/engine/descriptor/LifecycleMethodUtils returnsPrimitiveVoid (Lorg/junit/platform/engine/support/discovery/DiscoveryIssueReporter;Ljava/util/function/Function;)Lorg/junit/platform/engine/support/discovery/DiscoveryIssueReporter$Condition; 15 <appendix> argL0 ; # org/junit/jupiter/engine/descriptor/LifecycleMethodUtils$$Lambda+0x00000000821c06e0
instanceKlass  @bci org/junit/jupiter/engine/descriptor/LifecycleMethodUtils findMethodsAndCheckVoidReturnType (Ljava/lang/Class;Ljava/lang/Class;Lorg/junit/platform/commons/support/HierarchyTraversalMode;Lorg/junit/platform/engine/support/discovery/DiscoveryIssueReporter;Lorg/junit/platform/engine/support/discovery/DiscoveryIssueReporter$Condition;)Ljava/util/List; 63 <appendix> member <vmtarget> ; # org/junit/jupiter/engine/descriptor/LifecycleMethodUtils$$Lambda+0x00000000821c0490
instanceKlass  @bci org/junit/platform/engine/support/discovery/DiscoveryIssueReporter$Condition toConsumer ()Ljava/util/function/Consumer; 14 <appendix> member <vmtarget> ; # org/junit/platform/engine/support/discovery/DiscoveryIssueReporter$Condition$$Lambda+0x00000000821c0250
instanceKlass  @bci org/junit/jupiter/engine/descriptor/LifecycleMethodUtils isNotPrivateWarning (Lorg/junit/platform/engine/support/discovery/DiscoveryIssueReporter;Ljava/util/function/Supplier;)Lorg/junit/platform/engine/support/discovery/DiscoveryIssueReporter$Condition; 21 <appendix> member <vmtarget> ; # org/junit/jupiter/engine/descriptor/LifecycleMethodUtils$$Lambda+0x00000000821c0000
instanceKlass  @bci org/junit/jupiter/engine/descriptor/LifecycleMethodUtils isNotPrivateWarning (Lorg/junit/platform/engine/support/discovery/DiscoveryIssueReporter;Ljava/util/function/Supplier;)Lorg/junit/platform/engine/support/discovery/DiscoveryIssueReporter$Condition; 15 <appendix> argL0 ; # org/junit/jupiter/engine/descriptor/LifecycleMethodUtils$$Lambda+0x00000000821bcc00
instanceKlass  @bci org/junit/jupiter/engine/descriptor/LifecycleMethodUtils findMethodsAndCheckVoidReturnType (Ljava/lang/Class;Ljava/lang/Class;Lorg/junit/platform/commons/support/HierarchyTraversalMode;Lorg/junit/platform/engine/support/discovery/DiscoveryIssueReporter;Lorg/junit/platform/engine/support/discovery/DiscoveryIssueReporter$Condition;)Ljava/util/List; 43 <appendix> member <vmtarget> ; # org/junit/jupiter/engine/descriptor/LifecycleMethodUtils$$Lambda+0x00000000821bdd90
instanceKlass  @bci org/junit/platform/commons/util/ReflectionUtils findAllMethodsInHierarchy (Ljava/lang/Class;Lorg/junit/platform/commons/util/ReflectionUtils$HierarchyTraversalMode;)Ljava/util/List; 202 <appendix> argL0 ; # org/junit/platform/commons/util/ReflectionUtils$$Lambda+0x00000000821bdb68
instanceKlass  @bci org/junit/platform/commons/util/ReflectionUtils findAllMethodsInHierarchy (Ljava/lang/Class;Lorg/junit/platform/commons/util/ReflectionUtils$HierarchyTraversalMode;)Ljava/util/List; 183 <appendix> member <vmtarget> ; # org/junit/platform/commons/util/ReflectionUtils$$Lambda+0x00000000821bd908
instanceKlass  @bci org/junit/platform/commons/util/ReflectionUtils findAllMethodsInHierarchy (Ljava/lang/Class;Lorg/junit/platform/commons/util/ReflectionUtils$HierarchyTraversalMode;)Ljava/util/List; 139 <appendix> argL0 ; # org/junit/platform/commons/util/ReflectionUtils$$Lambda+0x00000000821bd6e0
instanceKlass  @bci org/junit/platform/commons/util/ReflectionUtils findAllMethodsInHierarchy (Ljava/lang/Class;Lorg/junit/platform/commons/util/ReflectionUtils$HierarchyTraversalMode;)Ljava/util/List; 120 <appendix> member <vmtarget> ; # org/junit/platform/commons/util/ReflectionUtils$$Lambda+0x00000000821bd480
instanceKlass  @bci org/junit/platform/commons/util/ReflectionUtils findAllMethodsInHierarchy (Ljava/lang/Class;Lorg/junit/platform/commons/util/ReflectionUtils$HierarchyTraversalMode;)Ljava/util/List; 77 <appendix> argL0 ; # org/junit/platform/commons/util/ReflectionUtils$$Lambda+0x00000000821bd258
instanceKlass  @bci org/junit/platform/commons/util/ReflectionUtils findAllMethodsInHierarchy (Ljava/lang/Class;Lorg/junit/platform/commons/util/ReflectionUtils$HierarchyTraversalMode;)Ljava/util/List; 58 <appendix> argL0 ; # org/junit/platform/commons/util/ReflectionUtils$$Lambda+0x00000000821bd000
instanceKlass  @bci org/junit/platform/commons/util/AnnotationUtils findAnnotatedMethods (Ljava/lang/Class;Ljava/lang/Class;Lorg/junit/platform/commons/util/ReflectionUtils$HierarchyTraversalMode;)Ljava/util/List; 50 <appendix> member <vmtarget> ; # org/junit/platform/commons/util/AnnotationUtils$$Lambda+0x00000000821bfc90
instanceKlass  @bci org/junit/jupiter/engine/descriptor/LifecycleMethodUtils isStatic (Lorg/junit/platform/engine/support/discovery/DiscoveryIssueReporter;Ljava/util/function/Function;)Lorg/junit/platform/engine/support/discovery/DiscoveryIssueReporter$Condition; 21 <appendix> member <vmtarget> ; # org/junit/jupiter/engine/descriptor/LifecycleMethodUtils$$Lambda+0x00000000821bfa40
instanceKlass  @bci org/junit/jupiter/engine/descriptor/LifecycleMethodUtils isStatic (Lorg/junit/platform/engine/support/discovery/DiscoveryIssueReporter;Ljava/util/function/Function;)Lorg/junit/platform/engine/support/discovery/DiscoveryIssueReporter$Condition; 15 <appendix> argL0 ; # org/junit/jupiter/engine/descriptor/LifecycleMethodUtils$$Lambda+0x00000000821bf7e8
instanceKlass  @bci org/junit/jupiter/engine/descriptor/LifecycleMethodUtils findMethodsAndCheckStatic (Ljava/lang/Class;ZLjava/lang/Class;Lorg/junit/platform/commons/support/HierarchyTraversalMode;Lorg/junit/platform/engine/support/discovery/DiscoveryIssueReporter;)Ljava/util/List; 56 <appendix> member <vmtarget> ; # org/junit/jupiter/engine/descriptor/LifecycleMethodUtils$$Lambda+0x00000000821bf598
instanceKlass org/junit/jupiter/engine/descriptor/LifecycleMethodUtils
instanceKlass  @bci org/junit/platform/engine/support/discovery/DiscoveryIssueReporter consuming (Ljava/util/function/Consumer;)Lorg/junit/platform/engine/support/discovery/DiscoveryIssueReporter; 34 <appendix> member <vmtarget> ; # org/junit/platform/engine/support/discovery/DiscoveryIssueReporter$$Lambda+0x00000000821bece8
instanceKlass  @cpi org/junit/jupiter/engine/descriptor/ExtensionUtils 267 form vmentry <vmtarget> ; # java/lang/invoke/LambdaForm$DMH+0x00000000821bc800
instanceKlass  @bci org/junit/platform/engine/support/discovery/DiscoveryIssueReporter collecting (Ljava/util/Collection;)Lorg/junit/platform/engine/support/discovery/DiscoveryIssueReporter; 33 <appendix> member <vmtarget> ; # org/junit/platform/engine/support/discovery/DiscoveryIssueReporter$$Lambda+0x00000000821beaa8
instanceKlass org/junit/jupiter/engine/descriptor/ClassBasedTestDescriptor$LifecycleMethods
instanceKlass org/junit/jupiter/api/parallel/ResourceLocks
instanceKlass org/junit/jupiter/api/parallel/ResourceLock
instanceKlass org/junit/jupiter/engine/descriptor/ExclusiveResourceCollector
instanceKlass  @bci org/junit/jupiter/engine/config/EnumConfigurationParameterConverter get (Lorg/junit/platform/engine/ConfigurationParameters;Ljava/lang/String;)Ljava/util/Optional; 22 <appendix> member <vmtarget> ; # org/junit/jupiter/engine/config/EnumConfigurationParameterConverter$$Lambda+0x00000000821bbb60
instanceKlass  @bci org/junit/jupiter/engine/config/CachingJupiterConfiguration getDefaultTestInstanceLifecycle ()Lorg/junit/jupiter/api/TestInstance$Lifecycle; 21 <appendix> member <vmtarget> ; # org/junit/jupiter/engine/config/CachingJupiterConfiguration$$Lambda+0x00000000821bb710
instanceKlass  @bci org/junit/jupiter/engine/descriptor/TestInstanceLifecycleUtils getTestInstanceLifecycle (Ljava/lang/Class;Lorg/junit/jupiter/engine/config/JupiterConfiguration;)Lorg/junit/jupiter/api/TestInstance$Lifecycle; 76 <appendix> member <vmtarget> ; # org/junit/jupiter/engine/descriptor/TestInstanceLifecycleUtils$$Lambda+0x00000000821bb4e0
instanceKlass  @bci org/junit/jupiter/engine/descriptor/TestInstanceLifecycleUtils getTestInstanceLifecycle (Ljava/lang/Class;Lorg/junit/jupiter/engine/config/JupiterConfiguration;)Lorg/junit/jupiter/api/TestInstance$Lifecycle; 47 <appendix> argL0 ; # org/junit/jupiter/engine/descriptor/TestInstanceLifecycleUtils$$Lambda+0x00000000821bb298
instanceKlass org/junit/jupiter/api/TestInstance
instanceKlass org/junit/jupiter/engine/descriptor/TestInstanceLifecycleUtils
instanceKlass  @bci java/util/function/Function andThen (Ljava/util/function/Function;)Ljava/util/function/Function; 7 <appendix> member <vmtarget> ; # java/util/function/Function$$Lambda+0x000000008215d938
instanceKlass  @cpi java/util/function/Function 58 form vmentry <vmtarget> ; # java/lang/invoke/LambdaForm$DMH+0x00000000821bc400
instanceKlass  @bci org/junit/jupiter/engine/descriptor/JupiterTestDescriptor getTags (Ljava/lang/reflect/AnnotatedElement;Ljava/util/function/Supplier;Ljava/util/function/Supplier;Ljava/util/function/Consumer;)Ljava/util/Set; 123 <appendix> argL0 ; # org/junit/jupiter/engine/descriptor/JupiterTestDescriptor$$Lambda+0x00000000821bac38
instanceKlass  @bci org/junit/jupiter/engine/descriptor/JupiterTestDescriptor getTags (Ljava/lang/reflect/AnnotatedElement;Ljava/util/function/Supplier;Ljava/util/function/Supplier;Ljava/util/function/Consumer;)Ljava/util/Set; 106 <appendix> argL0 ; # org/junit/jupiter/engine/descriptor/JupiterTestDescriptor$$Lambda+0x00000000821baa10
instanceKlass  @bci org/junit/jupiter/engine/descriptor/JupiterTestDescriptor getTags (Ljava/lang/reflect/AnnotatedElement;Ljava/util/function/Supplier;Ljava/util/function/Supplier;Ljava/util/function/Consumer;)Ljava/util/Set; 87 <appendix> argL0 ; # org/junit/jupiter/engine/descriptor/JupiterTestDescriptor$$Lambda+0x00000000821ba7c8
instanceKlass org/junit/platform/engine/TestTag
instanceKlass  @bci org/junit/jupiter/engine/descriptor/JupiterTestDescriptor getTags (Ljava/lang/reflect/AnnotatedElement;Ljava/util/function/Supplier;Ljava/util/function/Supplier;Ljava/util/function/Consumer;)Ljava/util/Set; 68 <appendix> member <vmtarget> ; # org/junit/jupiter/engine/descriptor/JupiterTestDescriptor$$Lambda+0x00000000821ba350
instanceKlass  @cpi org/junit/jupiter/engine/descriptor/JupiterTestDescriptor 152 form vmentry <vmtarget> ; # java/lang/invoke/LambdaForm$DMH+0x00000000821bc000
instanceKlass  @bci org/junit/jupiter/engine/descriptor/JupiterTestDescriptor getTags (Ljava/lang/reflect/AnnotatedElement;Ljava/util/function/Supplier;Ljava/util/function/Supplier;Ljava/util/function/Consumer;)Ljava/util/Set; 44 <appendix> argL0 ; # org/junit/jupiter/engine/descriptor/JupiterTestDescriptor$$Lambda+0x00000000821ba108
instanceKlass  @bci org/junit/platform/commons/util/AnnotationUtils findRepeatableAnnotations (Ljava/lang/reflect/AnnotatedElement;Ljava/lang/Class;)Ljava/util/List; 49 <appendix> member <vmtarget> ; # org/junit/platform/commons/util/AnnotationUtils$$Lambda+0x00000000821b9ed8
instanceKlass org/junit/jupiter/api/Tags
instanceKlass org/junit/jupiter/api/Tag
instanceKlass java/util/concurrent/atomic/AtomicReference
instanceKlass  @bci org/junit/jupiter/engine/descriptor/ClassBasedTestDescriptor$ClassInfo <init> (Ljava/lang/Class;Lorg/junit/jupiter/engine/config/JupiterConfiguration;)V 84 <appendix> member <vmtarget> ; # org/junit/jupiter/engine/descriptor/ClassBasedTestDescriptor$ClassInfo$$Lambda+0x00000000821b9888
instanceKlass  @bci org/junit/jupiter/engine/descriptor/ClassBasedTestDescriptor$ClassInfo <init> (Ljava/lang/Class;Lorg/junit/jupiter/engine/config/JupiterConfiguration;)V 63 <appendix> member <vmtarget> ; # org/junit/jupiter/engine/descriptor/ClassBasedTestDescriptor$ClassInfo$$Lambda+0x00000000821b9658
instanceKlass  @bci org/junit/jupiter/engine/descriptor/ClassBasedTestDescriptor$ClassInfo <init> (Ljava/lang/Class;Lorg/junit/jupiter/engine/config/JupiterConfiguration;)V 57 <appendix> member <vmtarget> ; # org/junit/jupiter/engine/descriptor/ClassBasedTestDescriptor$ClassInfo$$Lambda+0x00000000821b9428
instanceKlass org/junit/jupiter/engine/descriptor/ClassBasedTestDescriptor$ClassInfo
instanceKlass  @bci org/junit/jupiter/engine/config/DefaultJupiterConfiguration getDefaultDisplayNameGenerator ()Lorg/junit/jupiter/api/DisplayNameGenerator; 29 <appendix> argL0 ; # org/junit/jupiter/engine/config/DefaultJupiterConfiguration$$Lambda+0x00000000821b8fe8
instanceKlass  @bci org/junit/jupiter/engine/config/InstantiatingConfigurationParameterConverter supply (Lorg/junit/platform/engine/ConfigurationParameters;Ljava/lang/String;)Ljava/util/function/Supplier; 70 <appendix> argL0 ; # org/junit/jupiter/engine/config/InstantiatingConfigurationParameterConverter$$Lambda+0x00000000821b8dc0
instanceKlass  @bci org/junit/jupiter/engine/config/InstantiatingConfigurationParameterConverter supply (Lorg/junit/platform/engine/ConfigurationParameters;Ljava/lang/String;)Ljava/util/function/Supplier; 54 <appendix> member <vmtarget> ; # org/junit/jupiter/engine/config/InstantiatingConfigurationParameterConverter$$Lambda+0x00000000821b8b70
instanceKlass  @bci org/junit/jupiter/engine/config/InstantiatingConfigurationParameterConverter supply (Lorg/junit/platform/engine/ConfigurationParameters;Ljava/lang/String;)Ljava/util/function/Supplier; 36 <appendix> argL0 ; # org/junit/jupiter/engine/config/InstantiatingConfigurationParameterConverter$$Lambda+0x00000000821b8918
instanceKlass  @bci org/junit/jupiter/engine/config/InstantiatingConfigurationParameterConverter supply (Lorg/junit/platform/engine/ConfigurationParameters;Ljava/lang/String;)Ljava/util/function/Supplier; 20 <appendix> argL0 ; # org/junit/jupiter/engine/config/InstantiatingConfigurationParameterConverter$$Lambda+0x00000000821b86d0
instanceKlass  @bci org/junit/jupiter/engine/config/CachingJupiterConfiguration getDefaultDisplayNameGenerator ()Lorg/junit/jupiter/api/DisplayNameGenerator; 21 <appendix> member <vmtarget> ; # org/junit/jupiter/engine/config/CachingJupiterConfiguration$$Lambda+0x00000000821b8480
instanceKlass  @bci org/junit/jupiter/engine/descriptor/DisplayNameUtils lambda$createDisplayNameSupplier$0 (Ljava/util/function/Supplier;Ljava/lang/Class;Ljava/util/function/BiFunction;Lorg/junit/jupiter/engine/config/JupiterConfiguration;)Ljava/lang/String; 69 <appendix> member <vmtarget> ; # org/junit/jupiter/engine/descriptor/DisplayNameUtils$$Lambda+0x00000000821b8250
instanceKlass  @bci org/junit/jupiter/engine/descriptor/DisplayNameUtils lambda$createDisplayNameSupplier$0 (Ljava/util/function/Supplier;Ljava/lang/Class;Ljava/util/function/BiFunction;Lorg/junit/jupiter/engine/config/JupiterConfiguration;)Ljava/lang/String; 48 <appendix> member <vmtarget> ; # org/junit/jupiter/engine/descriptor/DisplayNameUtils$$Lambda+0x00000000821b8000
instanceKlass  @bci org/junit/jupiter/engine/descriptor/DisplayNameUtils findDisplayNameGenerator (Ljava/util/List;Ljava/lang/Class;)Ljava/util/Optional; 52 <appendix> argL0 ; # org/junit/jupiter/engine/descriptor/DisplayNameUtils$$Lambda+0x00000000821b7bc8
instanceKlass  @bci org/junit/jupiter/engine/descriptor/DisplayNameUtils findDisplayNameGenerator (Ljava/util/List;Ljava/lang/Class;)Ljava/util/Optional; 36 <appendix> argL0 ; # org/junit/jupiter/engine/descriptor/DisplayNameUtils$$Lambda+0x00000000821b7980
instanceKlass org/junit/jupiter/api/DisplayNameGeneration
instanceKlass  @bci org/junit/jupiter/engine/descriptor/DisplayNameUtils determineDisplayName (Ljava/lang/reflect/AnnotatedElement;Ljava/util/function/Supplier;)Ljava/lang/String; 63 <appendix> argL0 ; # org/junit/jupiter/engine/descriptor/DisplayNameUtils$$Lambda+0x00000000821b7530
instanceKlass  @bci org/junit/jupiter/engine/descriptor/DisplayNameUtils determineDisplayName (Ljava/lang/reflect/AnnotatedElement;Ljava/util/function/Supplier;)Ljava/lang/String; 48 <appendix> argL0 ; # org/junit/jupiter/engine/descriptor/DisplayNameUtils$$Lambda+0x00000000821b72d8
instanceKlass  @bci org/junit/jupiter/engine/descriptor/DisplayNameUtils determineDisplayName (Ljava/lang/reflect/AnnotatedElement;Ljava/util/function/Supplier;)Ljava/lang/String; 33 <appendix> argL0 ; # org/junit/jupiter/engine/descriptor/DisplayNameUtils$$Lambda+0x00000000821b7090
instanceKlass org/junit/jupiter/api/DisplayName
instanceKlass org/junit/platform/engine/support/descriptor/ClassSource
instanceKlass  @bci org/junit/jupiter/engine/descriptor/DisplayNameUtils createDisplayNameSupplier (Ljava/util/function/Supplier;Ljava/lang/Class;Lorg/junit/jupiter/engine/config/JupiterConfiguration;Ljava/util/function/BiFunction;)Ljava/util/function/Supplier; 20 <appendix> member <vmtarget> ; # org/junit/jupiter/engine/descriptor/DisplayNameUtils$$Lambda+0x00000000821b6a30
instanceKlass  @bci org/junit/jupiter/engine/descriptor/DisplayNameUtils createDisplayNameSupplierForClass (Ljava/lang/Class;Lorg/junit/jupiter/engine/config/JupiterConfiguration;)Ljava/util/function/Supplier; 22 <appendix> member <vmtarget> ; # org/junit/jupiter/engine/descriptor/DisplayNameUtils$$Lambda+0x00000000821b67f0
instanceKlass  @bci org/junit/jupiter/engine/descriptor/DisplayNameUtils createDisplayNameSupplierForClass (Ljava/lang/Class;Lorg/junit/jupiter/engine/config/JupiterConfiguration;)Ljava/util/function/Supplier; 14 <appendix> argL0 ; # org/junit/jupiter/engine/descriptor/DisplayNameUtils$$Lambda+0x00000000821b65c8
instanceKlass  @bci org/junit/jupiter/api/DisplayNameGenerator$IndicativeSentences <clinit> ()V 32 <appendix> argL0 ; # org/junit/jupiter/api/DisplayNameGenerator$IndicativeSentences$$Lambda+0x00000000821b6370
instanceKlass org/junit/jupiter/api/DisplayNameGenerator$IndicativeSentences
instanceKlass org/junit/jupiter/api/DisplayNameGenerator$Standard
instanceKlass org/junit/jupiter/engine/descriptor/DisplayNameUtils
instanceKlass org/junit/jupiter/engine/execution/InvocationInterceptorChain
instanceKlass org/junit/jupiter/api/extension/InvocationInterceptor$Invocation
instanceKlass org/junit/jupiter/api/extension/ReflectiveInvocationContext
instanceKlass org/junit/jupiter/engine/execution/InterceptingExecutableInvoker
instanceKlass org/junit/jupiter/api/extension/ConditionEvaluationResult
instanceKlass org/junit/jupiter/engine/execution/ConditionEvaluator
instanceKlass org/junit/jupiter/api/extension/TestInstanceFactoryContext
instanceKlass  @bci org/junit/jupiter/engine/discovery/ClassSelectorResolver resolveStandaloneTestClass (Lorg/junit/platform/engine/support/discovery/SelectorResolver$Context;Ljava/lang/Class;)Lorg/junit/platform/engine/support/discovery/SelectorResolver$Resolution; 56 <appendix> member <vmtarget> ; # org/junit/jupiter/engine/discovery/ClassSelectorResolver$$Lambda+0x00000000821b3f80
instanceKlass fr/natsystem/projet/services/TarifCommuneService
instanceKlass fr/natsystem/projet/services/FileDownloadService
instanceKlass fr/natsystem/projet/services/DvfCacheService
instanceKlass fr/natsystem/projet/services/ContourCommuneService
instanceKlass fr/natsystem/projet/services/ChecksumUtils
instanceKlass fr/natsystem/projet/services/ChecksumExtractor
instanceKlass fr/natsystem/projet/services/AdresseService
instanceKlass org/springframework/jdbc/support/JdbcAccessor
instanceKlass org/springframework/jdbc/core/JdbcOperations
instanceKlass org/springframework/stereotype/Service
instanceKlass fr/natsystem/projet/services/AdresseCacheService
instanceKlass fr/natsystem/projet/repository/TarifCommuneRepository
instanceKlass fr/natsystem/projet/repository/ContourRepository
instanceKlass fr/natsystem/projet/repository/AdresseRepositorySqlite
instanceKlass fr/natsystem/projet/repository/AdresseRepositoryPostgres
instanceKlass org/springframework/stereotype/Repository
instanceKlass fr/natsystem/projet/repository/AdresseRepository
instanceKlass org/springframework/context/annotation/ComponentScans
instanceKlass org/springframework/boot/autoconfigure/AutoConfigurationPackages$Registrar
instanceKlass org/springframework/boot/context/annotation/DeterminableImports
instanceKlass org/springframework/boot/autoconfigure/AutoConfigurationImportSelector
instanceKlass org/springframework/core/Ordered
instanceKlass org/springframework/context/EnvironmentAware
instanceKlass org/springframework/context/ResourceLoaderAware
instanceKlass org/springframework/context/annotation/DeferredImportSelector
instanceKlass org/springframework/context/annotation/ImportSelector
instanceKlass org/springframework/boot/autoconfigure/AutoConfigurationExcludeFilter
instanceKlass org/springframework/beans/factory/BeanClassLoaderAware
instanceKlass org/springframework/boot/context/TypeExcludeFilter
instanceKlass org/springframework/beans/factory/BeanFactoryAware
instanceKlass org/springframework/core/type/filter/TypeFilter
instanceKlass org/springframework/context/annotation/AnnotationScopeMetadataResolver
instanceKlass org/springframework/context/annotation/ScopeMetadataResolver
instanceKlass org/springframework/context/annotation/ComponentScan$Filter
instanceKlass org/springframework/boot/autoconfigure/AutoConfigurationPackage
instanceKlass org/springframework/context/annotation/ComponentScan
instanceKlass org/springframework/boot/autoconfigure/EnableAutoConfiguration
instanceKlass org/springframework/boot/SpringBootConfiguration
instanceKlass org/springframework/beans/factory/support/BeanNameGenerator
instanceKlass org/springframework/boot/autoconfigure/SpringBootApplication
instanceKlass fr/natsystem/projet/ProjetApplication
instanceKlass jakarta/persistence/CheckConstraint
instanceKlass jakarta/persistence/Column
instanceKlass jakarta/validation/constraints/NotNull$List
instanceKlass jakarta/validation/constraints/NotNull
instanceKlass jakarta/validation/constraints/NotBlank$List
# instanceKlass java/lang/invoke/LambdaForm$MH+0x00000000821ac000
instanceKlass jakarta/validation/Constraint
instanceKlass jakarta/validation/constraints/NotBlank
instanceKlass fr/natsystem/projet/metric/MetricWriteListener
instanceKlass org/springframework/batch/core/listener/ItemWriteListener
instanceKlass fr/natsystem/projet/metric/MetricReadListener
instanceKlass org/springframework/batch/core/listener/ItemReadListener
instanceKlass fr/natsystem/projet/metric/BatchMetrics
instanceKlass org/springframework/web/bind/annotation/PostMapping
instanceKlass org/springframework/http/HttpEntity
instanceKlass fr/natsystem/projet/controller/BatchController
instanceKlass org/springframework/http/HttpMethod
instanceKlass io/swagger/v3/oas/annotations/responses/ApiResponses
instanceKlass org/springframework/web/bind/annotation/GetMapping
instanceKlass io/swagger/v3/oas/annotations/media/DiscriminatorMapping
instanceKlass io/swagger/v3/oas/annotations/media/DependentRequired
instanceKlass io/swagger/v3/oas/annotations/StringToClassMapItem
instanceKlass io/swagger/v3/oas/annotations/media/ExampleObject
instanceKlass io/swagger/v3/oas/annotations/media/SchemaProperty
instanceKlass io/swagger/v3/oas/annotations/media/DependentSchema
instanceKlass io/swagger/v3/oas/annotations/media/Schema
instanceKlass io/swagger/v3/oas/annotations/media/Encoding
instanceKlass io/swagger/v3/oas/annotations/media/ArraySchema
instanceKlass io/swagger/v3/oas/annotations/links/Link
instanceKlass io/swagger/v3/oas/annotations/headers/Header
instanceKlass io/swagger/v3/oas/annotations/media/Content
instanceKlass io/swagger/v3/oas/annotations/servers/Server
instanceKlass io/swagger/v3/oas/annotations/responses/ApiResponse
instanceKlass io/swagger/v3/oas/annotations/parameters/RequestBody
instanceKlass io/swagger/v3/oas/annotations/security/SecurityRequirement
instanceKlass io/swagger/v3/oas/annotations/Parameter
instanceKlass io/swagger/v3/oas/annotations/Operation
instanceKlass org/springframework/web/bind/annotation/ControllerMappingReflectiveProcessor
instanceKlass org/springframework/aot/hint/annotation/SimpleReflectiveProcessor
instanceKlass org/springframework/aot/hint/annotation/ReflectiveProcessor
instanceKlass io/swagger/v3/oas/annotations/tags/Tags
instanceKlass org/springframework/aot/hint/annotation/Reflective
instanceKlass org/springframework/web/bind/annotation/Mapping
instanceKlass org/springframework/web/bind/annotation/RequestMapping
instanceKlass org/springframework/web/bind/annotation/ResponseBody
instanceKlass org/springframework/stereotype/Controller
instanceKlass org/springframework/web/bind/annotation/RestController
instanceKlass org/springframework/web/bind/annotation/CrossOrigin
instanceKlass  @bci sun/reflect/annotation/AnnotationParser parseAnnotationArray (ILjava/lang/Class;Ljava/nio/ByteBuffer;Ljdk/internal/reflect/ConstantPool;Ljava/lang/Class;)Ljava/lang/Object; 15 <appendix> member <vmtarget> ; # sun/reflect/annotation/AnnotationParser$$Lambda+0x000000008215d4f0
instanceKlass io/swagger/v3/oas/annotations/ExternalDocumentation
instanceKlass io/swagger/v3/oas/annotations/extensions/Extension
instanceKlass io/swagger/v3/oas/annotations/tags/Tag
instanceKlass fr/natsystem/projet/controller/AdresseController
instanceKlass fr/natsystem/projet/batch/writer/WriterConfig
instanceKlass org/springframework/context/annotation/Primary
instanceKlass org/springframework/batch/core/launch/support/JobOperatorFactoryBean
instanceKlass org/springframework/context/ApplicationContextAware
instanceKlass org/springframework/beans/factory/FactoryBean
instanceKlass fr/natsystem/projet/batch/TaskExecutor/TaskExecutorConfig
instanceKlass org/springframework/batch/infrastructure/item/database/JdbcBatchItemWriter
instanceKlass fr/natsystem/projet/batch/step/SuppressionObsoleteTasklet
instanceKlass org/springframework/batch/core/launch/JobOperator
instanceKlass org/springframework/batch/core/launch/JobLauncher
instanceKlass org/springframework/core/task/TaskExecutor
instanceKlass org/springframework/transaction/PlatformTransactionManager
instanceKlass org/springframework/transaction/TransactionManager
instanceKlass org/springframework/batch/infrastructure/item/ItemWriter
instanceKlass org/springframework/batch/core/step/job/JobParametersExtractor
instanceKlass fr/natsystem/projet/batch/step/StepConfig
instanceKlass fr/natsystem/projet/batch/step/DvfSqlRequestTasklet
instanceKlass fr/natsystem/projet/batch/step/DownloadTasklet
instanceKlass fr/natsystem/projet/batch/step/CsvToStagingTasklet
instanceKlass fr/natsystem/projet/batch/step/CreateStagingIndexTasklet
instanceKlass fr/natsystem/projet/batch/step/CreateAdresseIndexSqliteTasklet
instanceKlass org/springframework/context/annotation/ProfileCondition
instanceKlass org/springframework/context/annotation/Condition
instanceKlass org/springframework/context/annotation/Conditional
instanceKlass org/springframework/context/annotation/Profile
instanceKlass fr/natsystem/projet/batch/step/CreateAdresseIndexPostgresTasklet
instanceKlass fr/natsystem/projet/batch/step/CreateIndexInterface
instanceKlass fr/natsystem/projet/batch/step/ChecksumTasklet
instanceKlass org/springframework/batch/core/step/tasklet/Tasklet
instanceKlass javax/sql/DataSource
instanceKlass javax/sql/CommonDataSource
instanceKlass fr/natsystem/projet/batch/reader/ReaderConfig
instanceKlass org/springframework/batch/infrastructure/item/support/CompositeItemProcessor
instanceKlass fr/natsystem/projet/model/AdresseValidator
instanceKlass fr/natsystem/projet/model/DvfValidator
instanceKlass org/springframework/batch/infrastructure/item/validator/ValidatingItemProcessor
instanceKlass org/springframework/batch/infrastructure/item/validator/Validator
instanceKlass fr/natsystem/projet/batch/processor/ProcessorConfig
instanceKlass org/springframework/context/annotation/Scope
instanceKlass org/springframework/batch/core/configuration/annotation/StepScope
instanceKlass fr/natsystem/projet/batch/processor/DuplicateRulesProcessor
instanceKlass org/springframework/batch/infrastructure/item/ItemProcessor
instanceKlass fr/natsystem/projet/batch/Partitioner/DvfPartitioner
instanceKlass fr/natsystem/projet/batch/Partitioner/CodeInseePartitioner
instanceKlass org/springframework/batch/core/partition/Partitioner
instanceKlass fr/natsystem/projet/batch/mapper/DvfRowMapper
instanceKlass fr/natsystem/projet/batch/mapper/DvfFieldSetMapper
instanceKlass java/sql/ResultSet
instanceKlass java/sql/Wrapper
instanceKlass fr/natsystem/projet/batch/mapper/AdresseRowMapper
instanceKlass  @bci java/lang/reflect/Executable sharedToString (IZ[Ljava/lang/Class;[Ljava/lang/Class;)Ljava/lang/String; 73 <appendix> argL0 ; # java/lang/reflect/Executable$$Lambda+0x000000008215d2a8
instanceKlass org/springframework/validation/BindingResult
instanceKlass org/springframework/validation/Errors
instanceKlass fr/natsystem/projet/batch/mapper/AdresseFieldSetMapper
instanceKlass org/springframework/batch/infrastructure/item/file/mapping/FieldSetMapper
instanceKlass fr/natsystem/projet/batch/listener/StepProgressListener
instanceKlass org/springframework/batch/core/ExitStatus
instanceKlass fr/natsystem/projet/batch/listener/NestedJobStepListener
instanceKlass org/springframework/batch/core/listener/StepExecutionListener
instanceKlass java/lang/Deprecated
instanceKlass org/springframework/batch/infrastructure/item/Chunk
instanceKlass fr/natsystem/projet/batch/listener/MetricChunkListener
instanceKlass org/springframework/batch/core/listener/ChunkListener
instanceKlass  @bci org/junit/platform/commons/util/ReflectionUtils getDefaultMethods (Ljava/lang/Class;)Ljava/util/List; 199 <appendix> argL0 ; # org/junit/platform/commons/util/ReflectionUtils$$Lambda+0x00000000821927e8
instanceKlass  @bci org/junit/platform/commons/util/ReflectionUtils getDefaultMethods (Ljava/lang/Class;)Ljava/util/List; 189 <appendix> member <vmtarget> ; # org/junit/platform/commons/util/ReflectionUtils$$Lambda+0x0000000082192588
instanceKlass  @bci org/junit/platform/commons/util/ReflectionUtils getDefaultMethods (Ljava/lang/Class;)Ljava/util/List; 155 <appendix> argL0 ; # org/junit/platform/commons/util/ReflectionUtils$$Lambda+0x0000000082192340
instanceKlass  @bci org/junit/platform/commons/util/ReflectionUtils getDefaultMethods (Ljava/lang/Class;)Ljava/util/List; 136 <appendix> argL0 ; # org/junit/platform/commons/util/ReflectionUtils$$Lambda+0x00000000821920f8
instanceKlass java/time/Duration
instanceKlass java/time/temporal/TemporalAmount
instanceKlass fr/natsystem/projet/batch/listener/DvfSkipListener
instanceKlass fr/natsystem/projet/batch/listener/AdresseSkipListener
instanceKlass org/springframework/batch/core/listener/SkipListener
instanceKlass org/springframework/batch/core/listener/StepListener
instanceKlass org/springframework/context/annotation/Bean
instanceKlass fr/natsystem/projet/batch/listener/BilanJobListener
instanceKlass org/springframework/batch/core/job/Job
instanceKlass org/springframework/batch/core/step/Step
instanceKlass fr/natsystem/projet/batch/listener/CheckFileListener
instanceKlass org/springframework/batch/core/repository/JobRepository
instanceKlass org/springframework/batch/core/repository/explore/JobExplorer
instanceKlass org/springframework/batch/core/listener/JobExecutionListener
instanceKlass org/springframework/batch/core/configuration/annotation/BatchObservabilityBeanPostProcessor
instanceKlass org/springframework/batch/core/configuration/annotation/AutomaticJobRegistrarBeanPostProcessor
instanceKlass org/springframework/beans/factory/config/BeanPostProcessor
instanceKlass org/springframework/beans/factory/config/BeanFactoryPostProcessor
instanceKlass org/springframework/batch/core/configuration/support/ScopeConfiguration
instanceKlass org/springframework/batch/core/configuration/annotation/BatchRegistrar
instanceKlass org/springframework/context/annotation/ImportBeanDefinitionRegistrar
instanceKlass org/springframework/batch/core/configuration/annotation/EnableJdbcJobRepository
instanceKlass org/springframework/context/annotation/Import
instanceKlass org/springframework/batch/core/configuration/annotation/EnableBatchProcessing
instanceKlass org/springframework/context/annotation/Configuration
instanceKlass fr/natsystem/projet/batch/job/JobConfig
instanceKlass fr/natsystem/projet/batch/Decider/InnerJobDecider
instanceKlass fr/natsystem/projet/batch/Decider/FileCountDecider
instanceKlass org/springframework/batch/core/job/flow/FlowExecutionStatus
instanceKlass java/lang/FunctionalInterface
instanceKlass org/springframework/stereotype/Indexed
instanceKlass org/springframework/stereotype/Component
instanceKlass java/util/stream/ForEachOps$ForEachOp
instanceKlass java/util/stream/ForEachOps
instanceKlass  @bci org/junit/platform/engine/support/discovery/EngineDiscoveryRequestResolution enqueueAdditionalSelectors (Lorg/junit/platform/engine/support/discovery/SelectorResolver$Resolution;)V 56 <appendix> member <vmtarget> ; # org/junit/platform/engine/support/discovery/EngineDiscoveryRequestResolution$$Lambda+0x000000008218c590
instanceKlass  @bci org/junit/platform/engine/support/discovery/EngineDiscoveryRequestResolution enqueueAdditionalSelectors (Lorg/junit/platform/engine/support/discovery/SelectorResolver$Resolution;)V 45 <appendix> argL0 ; # org/junit/platform/engine/support/discovery/EngineDiscoveryRequestResolution$$Lambda+0x000000008218c338
instanceKlass java/util/Spliterators$EmptySpliterator
instanceKlass  @bci org/junit/platform/launcher/listeners/discovery/CompositeLauncherDiscoveryListener selectorProcessed (Lorg/junit/platform/engine/UniqueId;Lorg/junit/platform/engine/DiscoverySelector;Lorg/junit/platform/engine/SelectorResolutionResult;)V 23 <appendix> member <vmtarget> ; # org/junit/platform/launcher/listeners/discovery/CompositeLauncherDiscoveryListener$$Lambda+0x000000008218c0f8
instanceKlass org/junit/platform/engine/SelectorResolutionResult
instanceKlass  @bci org/junit/platform/engine/support/discovery/EngineDiscoveryRequestResolution lambda$resolve$1 (Lorg/junit/platform/engine/DiscoverySelector;Lorg/junit/platform/engine/support/discovery/SelectorResolver$Resolution;)Lorg/junit/platform/engine/support/discovery/SelectorResolver$Resolution; 58 <appendix> member <vmtarget> ; # org/junit/platform/engine/support/discovery/EngineDiscoveryRequestResolution$$Lambda+0x000000008218b840
instanceKlass  @bci org/junit/platform/engine/support/discovery/EngineDiscoveryRequestResolution resolve (Lorg/junit/platform/engine/DiscoverySelector;Ljava/util/function/Function;)Ljava/util/Optional; 70 <appendix> member <vmtarget> ; # org/junit/platform/engine/support/discovery/EngineDiscoveryRequestResolution$$Lambda+0x000000008218b5f0
instanceKlass  @bci org/junit/platform/engine/support/discovery/ClassContainerSelectorResolver classSelectors (Ljava/util/List;)Lorg/junit/platform/engine/support/discovery/SelectorResolver$Resolution; 71 <appendix> argL0 ; # org/junit/platform/engine/support/discovery/ClassContainerSelectorResolver$$Lambda+0x000000008218b3a8
instanceKlass org/junit/platform/engine/discovery/ClassSelector
instanceKlass fr/natsystem/projet/Step/DownloadTaskletTest
instanceKlass  @bci org/junit/jupiter/engine/discovery/predicates/TestClassPredicates hasNestedTests (Ljava/lang/Class;Ljava/util/Set;)Z 83 <appendix> member <vmtarget> ; # org/junit/jupiter/engine/discovery/predicates/TestClassPredicates$$Lambda+0x000000008218acc8
instanceKlass  @bci org/junit/platform/commons/util/ReflectionUtils toSortedMutableList ([Ljava/lang/Class;)Ljava/util/List; 16 <appendix> argL0 ; # org/junit/platform/commons/util/ReflectionUtils$$Lambda+0x000000008218aa08
instanceKlass  @bci org/junit/platform/commons/util/ReflectionUtils isNestedClassPresent (Ljava/lang/Class;Ljava/util/function/Predicate;Lorg/junit/platform/commons/util/ReflectionUtils$CycleErrorHandling;)Z 88 <appendix> member <vmtarget> ; # org/junit/platform/commons/util/ReflectionUtils$$Lambda+0x000000008218a7c8
instanceKlass org/springframework/core/AttributeAccessorSupport
instanceKlass org/springframework/core/AttributeAccessor
instanceKlass org/springframework/batch/core/step/StepContribution
instanceKlass org/springframework/batch/infrastructure/item/ExecutionContext
instanceKlass fr/natsystem/projet/Step/CsvToStagingTaskletTest
instanceKlass fr/natsystem/projet/Step/ChecksumTaskletTest
instanceKlass fr/natsystem/projet/Service/AdresseCacheServiceTest
instanceKlass org/mockito/invocation/InvocationOnMock
instanceKlass java/time/OffsetDateTime
instanceKlass java/time/LocalDate
instanceKlass java/time/chrono/ChronoLocalDate
instanceKlass fr/natsystem/projet/Repository/TarifCommuneRepositoryTest
instanceKlass org/mockito/ArgumentCaptor
instanceKlass fr/natsystem/projet/Repository/AdresseRepositorySqliteTest
instanceKlass org/springframework/data/domain/Page
instanceKlass org/springframework/data/domain/Slice
instanceKlass org/springframework/data/util/Streamable
instanceKlass fr/natsystem/projet/Repository/AdresseRepositoryPostgresTest
instanceKlass org/springframework/batch/infrastructure/item/database/support/AbstractSqlPagingQueryProvider
instanceKlass org/springframework/batch/infrastructure/item/database/PagingQueryProvider
instanceKlass org/springframework/batch/infrastructure/item/ItemStreamSupport
instanceKlass org/springframework/beans/factory/BeanNameAware
instanceKlass org/springframework/beans/factory/Aware
instanceKlass org/springframework/batch/infrastructure/item/ItemStreamReader
instanceKlass org/springframework/batch/infrastructure/item/ItemReader
instanceKlass org/springframework/batch/infrastructure/item/ItemStream
instanceKlass org/springframework/beans/factory/InitializingBean
instanceKlass org/springframework/jdbc/core/RowMapper
instanceKlass fr/natsystem/projet/Reader/ReaderConfigTest
instanceKlass org/junit/jupiter/api/Disabled
instanceKlass org/springframework/test/context/junit/jupiter/SpringExtension
instanceKlass org/junit/jupiter/api/extension/AfterTestExecutionCallback
instanceKlass org/junit/jupiter/api/extension/BeforeTestExecutionCallback
instanceKlass org/junit/jupiter/api/extension/TestInstancePostProcessor
instanceKlass org/junit/jupiter/api/extension/AfterAllCallback
instanceKlass org/junit/jupiter/api/extension/BeforeAllCallback
instanceKlass org/springframework/test/context/support/AbstractTestContextBootstrapper
instanceKlass org/springframework/test/context/TestContextBootstrapper
instanceKlass org/springframework/test/context/TestConstructor
instanceKlass org/springframework/test/context/BootstrapWith
instanceKlass org/springframework/boot/test/context/SpringBootTest
instanceKlass fr/natsystem/projet/ProjetApplicationTests
instanceKlass fr/natsystem/projet/Model/AdresseValidatorTest
instanceKlass org/junit/jupiter/api/AfterAll
instanceKlass org/junit/jupiter/api/BeforeAll
instanceKlass  @bci java/lang/reflect/Executable sharedToString (IZ[Ljava/lang/Class;[Ljava/lang/Class;)Ljava/lang/String; 29 <appendix> argL0 ; # java/lang/reflect/Executable$$Lambda+0x000000008215ac98
instanceKlass jakarta/validation/ConstraintViolation
instanceKlass fr/natsystem/projet/Model/AdresseTest
instanceKlass fr/natsystem/projet/Mapper/DvfRowMapperTest
instanceKlass org/springframework/batch/infrastructure/item/file/transform/FieldSet
instanceKlass fr/natsystem/projet/Mapper/DvfFieldSetMapperTest
instanceKlass fr/natsystem/projet/Mapper/AdresseRowMapperTest
instanceKlass fr/natsystem/projet/Mapper/AdresseFieldSetMapperTest
instanceKlass fr/natsystem/projet/Listener/StepProgressListenerTest
instanceKlass java/time/LocalDateTime
instanceKlass java/time/chrono/ChronoLocalDateTime
instanceKlass java/time/temporal/Temporal
instanceKlass fr/natsystem/projet/Listener/CheckFileListenerTest
instanceKlass fr/natsystem/projet/Listener/BilanJobListenerTest
instanceKlass fr/natsystem/projet/Listener/AdresseSkipListenerTest
instanceKlass fr/natsystem/projet/Decider/InnerJobDeciderTest
instanceKlass fr/natsystem/projet/Decider/FileCountDeciderTest
instanceKlass fr/natsystem/projet/batch/Decider/CheckArgDecider
instanceKlass org/springframework/batch/core/job/flow/JobExecutionDecider
instanceKlass org/springframework/batch/core/Entity
instanceKlass fr/natsystem/projet/Decider/CheckArgDeciderTest
instanceKlass org/junit/jupiter/api/extension/Extensions
instanceKlass org/mockito/junit/jupiter/MockitoExtension
instanceKlass org/junit/jupiter/api/extension/ParameterResolver
instanceKlass org/junit/jupiter/api/extension/TestInstantiationAwareExtension
instanceKlass org/junit/jupiter/api/extension/AfterEachCallback
instanceKlass org/junit/jupiter/api/extension/BeforeEachCallback
instanceKlass org/junit/jupiter/api/extension/Extension
instanceKlass  @bci sun/reflect/annotation/AnnotationParser parseClassArray (ILjava/nio/ByteBuffer;Ljdk/internal/reflect/ConstantPool;Ljava/lang/Class;)Ljava/lang/Object; 10 <appendix> member <vmtarget> ; # sun/reflect/annotation/AnnotationParser$$Lambda+0x0000000082159fe8
instanceKlass org/junit/jupiter/api/extension/ExtendWith
instanceKlass fr/natsystem/projet/Controller/BatchControllerTest
instanceKlass org/junit/jupiter/engine/support/MethodReflectionUtils
instanceKlass  @bci org/junit/platform/commons/util/ReflectionUtils toSortedMutableList ([Ljava/lang/reflect/Method;)Ljava/util/List; 16 <appendix> argL0 ; # org/junit/platform/commons/util/ReflectionUtils$$Lambda+0x0000000082139e50
instanceKlass  @bci org/junit/platform/commons/util/ReflectionUtils getDefaultMethods (Ljava/lang/Class;)Ljava/util/List; 41 <appendix> argL0 ; # org/junit/platform/commons/util/ReflectionUtils$$Lambda+0x0000000082139c28
instanceKlass  @bci org/junit/platform/commons/util/ReflectionUtils getDefaultMethods (Ljava/lang/Class;)Ljava/util/List; 22 <appendix> argL0 ; # org/junit/platform/commons/util/ReflectionUtils$$Lambda+0x00000000821399d0
instanceKlass org/springframework/data/domain/Pageable
instanceKlass org/springframework/test/web/servlet/RequestBuilder
instanceKlass org/junit/platform/commons/annotation/Testable
instanceKlass org/junit/jupiter/api/ClassTemplate
instanceKlass  @bci org/junit/platform/commons/util/KotlinReflectionUtils <clinit> ()V 145 <appendix> argL0 ; # org/junit/platform/commons/util/KotlinReflectionUtils$$Lambda+0x00000000821388c0
instanceKlass  @bci org/junit/platform/commons/util/KotlinReflectionUtils <clinit> ()V 103 <appendix> argL0 ; # org/junit/platform/commons/util/KotlinReflectionUtils$$Lambda+0x0000000082138678
instanceKlass  @bci org/junit/platform/commons/util/KotlinReflectionUtils <clinit> ()V 49 <appendix> argL0 ; # org/junit/platform/commons/util/KotlinReflectionUtils$$Lambda+0x0000000082138430
instanceKlass  @bci org/junit/platform/commons/util/KotlinReflectionUtils tryToLoadKotlinMetadataClass ()Lorg/junit/platform/commons/function/Try; 18 <appendix> argL0 ; # org/junit/platform/commons/util/KotlinReflectionUtils$$Lambda+0x0000000082138208
instanceKlass org/junit/platform/commons/function/Try$Transformer
instanceKlass org/junit/platform/commons/util/KotlinReflectionUtils
instanceKlass org/apiguardian/api/API
instanceKlass org/junit/platform/commons/util/AnnotationUtils
instanceKlass org/junit/platform/commons/support/AnnotationSupport
instanceKlass org/junit/jupiter/api/Nested
instanceKlass  @bci org/junit/platform/commons/util/DefaultClasspathScanner processClassFileSafely (Ljava/nio/file/Path;Ljava/lang/String;Lorg/junit/platform/commons/support/scanning/ClassFilter;Ljava/nio/file/Path;Ljava/util/function/Consumer;)V 122 <appendix> member <vmtarget> ; # org/junit/platform/commons/util/DefaultClasspathScanner$$Lambda+0x0000000082137b98
instanceKlass  @cpi org/springframework/util/MimeTypeUtils 359 form vmentry <vmtarget> ; # java/lang/invoke/LambdaForm$DMH+0x0000000082134c00
instanceKlass fr/natsystem/projet/Controller/AdresseControllerTest
instanceKlass  @bci org/junit/platform/engine/discovery/IncludePackageNameFilter findMatchingName (Ljava/lang/String;)Ljava/util/Optional; 24 <appendix> member <vmtarget> ; # org/junit/platform/engine/discovery/IncludePackageNameFilter$$Lambda+0x00000000821376a0
instanceKlass  @bci org/junit/platform/engine/discovery/AbstractClassNameFilter findMatchingPattern (Ljava/lang/String;)Ljava/util/Optional; 24 <appendix> member <vmtarget> ; # org/junit/platform/engine/discovery/AbstractClassNameFilter$$Lambda+0x0000000082137440
instanceKlass  @bci org/junit/platform/commons/util/DefaultClasspathScanner determineFullyQualifiedClassName (Ljava/nio/file/Path;Ljava/lang/String;Ljava/nio/file/Path;)Ljava/lang/String; 71 <appendix> argL0 ; # org/junit/platform/commons/util/DefaultClasspathScanner$$Lambda+0x00000000821371e8
instanceKlass  @bci org/junit/platform/commons/util/DefaultClasspathScanner lambda$findClassesForUri$0 (Ljava/lang/String;Lorg/junit/platform/commons/support/scanning/ClassFilter;Ljava/util/List;Ljava/nio/file/Path;Ljava/nio/file/Path;)V 30 <appendix> member <vmtarget> ; # org/junit/platform/commons/util/DefaultClasspathScanner$$Lambda+0x0000000082136fa8
instanceKlass java/nio/file/Files$3
instanceKlass java/nio/file/FileTreeWalker$Event
instanceKlass sun/nio/fs/WindowsDirectoryStream$WindowsDirectoryIterator
instanceKlass java/nio/file/FileTreeWalker$DirectoryNode
instanceKlass sun/nio/fs/WindowsDirectoryStream
instanceKlass java/nio/file/Files$AcceptAllFilter
instanceKlass java/util/RegularEnumSet$EnumSetIterator
instanceKlass java/nio/file/FileTreeWalker
instanceKlass java/nio/file/SimpleFileVisitor
instanceKlass  @bci org/junit/platform/commons/util/DefaultClasspathScanner walkFilesForUri (Ljava/net/URI;Ljava/util/function/Predicate;Ljava/util/function/BiConsumer;)V 54 <appendix> member <vmtarget> ; # org/junit/platform/commons/util/DefaultClasspathScanner$$Lambda+0x0000000082136af8
instanceKlass java/util/concurrent/atomic/AtomicBoolean
instanceKlass  @bci org/junit/platform/commons/util/CloseablePath create (Ljava/net/URI;)Lorg/junit/platform/commons/util/CloseablePath; 14 <appendix> argL0 ; # org/junit/platform/commons/util/CloseablePath$$Lambda+0x00000000821368d0
instanceKlass org/junit/platform/commons/util/CloseablePath$FileSystemProvider
instanceKlass  @bci org/junit/platform/commons/util/CloseablePath <clinit> ()V 14 <appendix> argL0 ; # org/junit/platform/commons/util/CloseablePath$$Lambda+0x0000000082136488
instanceKlass  @cpi org/junit/platform/engine/support/hierarchical/NodeTestTask 539 form vmentry <vmtarget> ; # java/lang/invoke/LambdaForm$DMH+0x0000000082134800
instanceKlass org/junit/platform/commons/util/CloseablePath
instanceKlass  @bci org/junit/platform/commons/util/DefaultClasspathScanner findClassesForUri (Ljava/net/URI;Ljava/lang/String;Lorg/junit/platform/commons/support/scanning/ClassFilter;)Ljava/util/List; 43 <appendix> member <vmtarget> ; # org/junit/platform/commons/util/DefaultClasspathScanner$$Lambda+0x0000000082136000
instanceKlass  @cpi org/springframework/web/servlet/mvc/method/annotation/RequestMappingHandlerAdapter 986 form vmentry <vmtarget> ; # java/lang/invoke/LambdaForm$DMH+0x0000000082134400
instanceKlass  @bci org/junit/platform/commons/util/ClasspathFilters classFiles ()Ljava/util/function/Predicate; 13 <appendix> argL0 ; # org/junit/platform/commons/util/ClasspathFilters$$Lambda+0x0000000082133c48
instanceKlass org/junit/platform/commons/util/ClasspathFilters
instanceKlass org/junit/platform/commons/support/scanning/ClassFilter
instanceKlass org/junit/platform/engine/discovery/ClasspathResourceSelector
instanceKlass  @bci org/junit/platform/engine/support/discovery/EngineDiscoveryRequestResolution resolve (Lorg/junit/platform/engine/DiscoverySelector;Ljava/util/function/Function;)Ljava/util/Optional; 37 <appendix> argL0 ; # org/junit/platform/engine/support/discovery/EngineDiscoveryRequestResolution$$Lambda+0x0000000082133388
instanceKlass  @bci org/junit/platform/engine/support/discovery/EngineDiscoveryRequestResolution resolve (Lorg/junit/platform/engine/DiscoverySelector;)Ljava/util/Optional; 142 <appendix> member <vmtarget> ; # org/junit/platform/engine/support/discovery/EngineDiscoveryRequestResolution$$Lambda+0x0000000082133138
instanceKlass org/junit/platform/engine/support/discovery/SelectorResolver$Resolution
instanceKlass org/junit/platform/engine/discovery/UniqueIdSelector
instanceKlass  @bci org/junit/platform/launcher/core/DefaultDiscoveryRequest getSelectorsByType (Ljava/lang/Class;)Ljava/util/List; 60 <appendix> member <vmtarget> ; # org/junit/platform/launcher/core/DefaultDiscoveryRequest$$Lambda+0x0000000082132a88
instanceKlass  @bci org/junit/platform/launcher/core/DefaultDiscoveryRequest getSelectorsByType (Ljava/lang/Class;)Ljava/util/List; 44 <appendix> member <vmtarget> ; # org/junit/platform/launcher/core/DefaultDiscoveryRequest$$Lambda+0x0000000082132828
# instanceKlass java/lang/invoke/LambdaForm$MH+0x0000000082134000
instanceKlass java/lang/invoke/MethodHandle$1
instanceKlass  @bci org/junit/platform/engine/support/discovery/SelectorResolver$Match exact (Lorg/junit/platform/engine/TestDescriptor;)Lorg/junit/platform/engine/support/discovery/SelectorResolver$Match; 14 <appendix> argL0 ; # org/junit/platform/engine/support/discovery/SelectorResolver$Match$$Lambda+0x00000000821321b0
instanceKlass org/junit/platform/engine/support/discovery/SelectorResolver$Match
instanceKlass org/junit/platform/engine/support/discovery/EngineDiscoveryRequestResolution$DefaultContext
instanceKlass org/junit/platform/engine/support/discovery/SelectorResolver$Context
instanceKlass org/junit/platform/engine/support/discovery/EngineDiscoveryRequestResolution
instanceKlass org/junit/platform/engine/CompositeTestDescriptorVisitor
instanceKlass  @bci org/junit/jupiter/engine/discovery/DiscoverySelectorResolver lambda$static$3 (Lorg/junit/platform/engine/support/discovery/EngineDiscoveryRequestResolver$InitializationContext;)Lorg/junit/platform/engine/TestDescriptor$Visitor; 76 <appendix> member <vmtarget> ; # org/junit/jupiter/engine/discovery/DiscoverySelectorResolver$$Lambda+0x00000000821314a0
instanceKlass  @bci org/junit/jupiter/engine/discovery/MethodOrderingVisitor createMethodsBeforeNestedClassesOrderer ()Ljava/util/function/UnaryOperator; 44 <appendix> member <vmtarget> ; # org/junit/jupiter/engine/discovery/MethodOrderingVisitor$$Lambda+0x0000000082131238
instanceKlass java/util/function/UnaryOperator
instanceKlass java/util/Collections$ReverseComparator2
instanceKlass java/util/Collections$ReverseComparator
instanceKlass  @bci java/util/Comparator comparing (Ljava/util/function/Function;)Ljava/util/Comparator; 6 <appendix> member <vmtarget> ; # java/util/Comparator$$Lambda+0x0000000082155720
instanceKlass  @bci org/junit/jupiter/engine/discovery/MethodOrderingVisitor createMethodsBeforeNestedClassesOrderer ()Ljava/util/function/UnaryOperator; 21 <appendix> member <vmtarget> ; # org/junit/jupiter/engine/discovery/MethodOrderingVisitor$$Lambda+0x0000000082130fe8
instanceKlass  @bci org/junit/jupiter/engine/discovery/MethodOrderingVisitor <init> (Lorg/junit/jupiter/engine/config/JupiterConfiguration;Lorg/junit/platform/engine/support/discovery/DiscoveryIssueReporter;)V 80 <appendix> argL0 ; # org/junit/jupiter/engine/discovery/MethodOrderingVisitor$$Lambda+0x0000000082130da0
instanceKlass  @bci org/junit/jupiter/engine/discovery/MethodOrderingVisitor <init> (Lorg/junit/jupiter/engine/config/JupiterConfiguration;Lorg/junit/platform/engine/support/discovery/DiscoveryIssueReporter;)V 75 <appendix> argL0 ; # org/junit/jupiter/engine/discovery/MethodOrderingVisitor$$Lambda+0x0000000082130b48
instanceKlass  @bci org/junit/jupiter/engine/config/CachingJupiterConfiguration getDefaultTestMethodOrderer ()Ljava/util/Optional; 21 <appendix> member <vmtarget> ; # org/junit/jupiter/engine/config/CachingJupiterConfiguration$$Lambda+0x00000000821308f8
instanceKlass org/junit/jupiter/api/MethodOrdererContext
instanceKlass  @bci org/junit/jupiter/engine/discovery/ClassOrderingVisitor <init> (Lorg/junit/jupiter/engine/config/JupiterConfiguration;Lorg/junit/platform/engine/support/discovery/DiscoveryIssueReporter;)V 80 <appendix> argL0 ; # org/junit/jupiter/engine/discovery/ClassOrderingVisitor$$Lambda+0x0000000082130258
instanceKlass  @bci org/junit/jupiter/engine/discovery/ClassOrderingVisitor <init> (Lorg/junit/jupiter/engine/config/JupiterConfiguration;Lorg/junit/platform/engine/support/discovery/DiscoveryIssueReporter;)V 75 <appendix> argL0 ; # org/junit/jupiter/engine/discovery/ClassOrderingVisitor$$Lambda+0x0000000082130000
instanceKlass  @bci org/junit/jupiter/engine/discovery/AbstractOrderingVisitor$DescriptorWrapperOrderer <clinit> ()V 25 <appendix> argL0 ; # org/junit/jupiter/engine/discovery/AbstractOrderingVisitor$DescriptorWrapperOrderer$$Lambda+0x000000008212cc00
instanceKlass  @bci org/junit/jupiter/engine/discovery/AbstractOrderingVisitor$DescriptorWrapperOrderer <clinit> ()V 20 <appendix> argL0 ; # org/junit/jupiter/engine/discovery/AbstractOrderingVisitor$DescriptorWrapperOrderer$$Lambda+0x000000008212dd18
instanceKlass  @cpi org/junit/jupiter/engine/discovery/AbstractOrderingVisitor$DescriptorWrapperOrderer 217 form vmentry <vmtarget> ; # java/lang/invoke/LambdaForm$DMH+0x000000008212c800
instanceKlass  @cpi fr/natsystem/projet/repository/TarifCommuneRepository 43 form vmentry <vmtarget> ; # java/lang/invoke/LambdaForm$DMH+0x000000008212c400
instanceKlass org/junit/jupiter/engine/discovery/AbstractOrderingVisitor$MessageGenerator
instanceKlass org/junit/jupiter/engine/discovery/AbstractOrderingVisitor$DescriptorWrapperOrderer
instanceKlass  @bci org/junit/jupiter/engine/config/FilteringConfigurationParameterConverter get (Lorg/junit/platform/engine/ConfigurationParameters;Ljava/lang/String;)Ljava/util/Optional; 54 <appendix> member <vmtarget> ; # org/junit/jupiter/engine/config/FilteringConfigurationParameterConverter$$Lambda+0x000000008212d6a0
instanceKlass  @bci org/junit/jupiter/engine/config/FilteringConfigurationParameterConverter get (Lorg/junit/platform/engine/ConfigurationParameters;Ljava/lang/String;)Ljava/util/Optional; 20 <appendix> argL0 ; # org/junit/jupiter/engine/config/FilteringConfigurationParameterConverter$$Lambda+0x000000008212d458
instanceKlass  @bci org/junit/jupiter/engine/config/CachingJupiterConfiguration getDefaultTestClassOrderer ()Ljava/util/Optional; 21 <appendix> member <vmtarget> ; # org/junit/jupiter/engine/config/CachingJupiterConfiguration$$Lambda+0x000000008212d208
instanceKlass org/junit/jupiter/api/ClassOrdererContext
instanceKlass org/junit/jupiter/engine/discovery/AbstractOrderingVisitor
instanceKlass  @bci org/junit/jupiter/engine/discovery/MethodSelectorResolver$MethodType allPossibilities (Lorg/junit/platform/engine/support/discovery/DiscoveryIssueReporter;)Ljava/util/List; 99 <appendix> argL0 ; # org/junit/jupiter/engine/discovery/MethodSelectorResolver$MethodType$$Lambda+0x000000008212f538
instanceKlass  @bci org/junit/jupiter/engine/discovery/MethodSelectorResolver$MethodType allPossibilities (Lorg/junit/platform/engine/support/discovery/DiscoveryIssueReporter;)Ljava/util/List; 60 <appendix> argL0 ; # org/junit/jupiter/engine/discovery/MethodSelectorResolver$MethodType$$Lambda+0x000000008212ed70
instanceKlass java/util/Arrays$ArrayItr
instanceKlass  @bci org/junit/jupiter/engine/discovery/MethodSelectorResolver$MethodType allPossibilities (Lorg/junit/platform/engine/support/discovery/DiscoveryIssueReporter;)Ljava/util/List; 31 <appendix> argL0 ; # org/junit/jupiter/engine/discovery/MethodSelectorResolver$MethodType$$Lambda+0x000000008212b6c8
instanceKlass  @bci org/junit/jupiter/engine/extension/TempDirectory getPathOrFile (Ljava/lang/Class;Lorg/junit/jupiter/api/extension/AnnotatedElementContext;Lorg/junit/jupiter/api/io/TempDirFactory;Lorg/junit/jupiter/api/io/CleanupMode;Lorg/junit/jupiter/api/extension/ExtensionContext;)Ljava/lang/Object; 45 <appendix> form vmentry <vmtarget> ; # java/lang/invoke/LambdaForm$DMH+0x000000008212c000
instanceKlass org/junit/jupiter/engine/extension/ExtensionRegistrar
instanceKlass org/junit/jupiter/engine/discovery/MethodSelectorResolver$MethodType$TestDescriptorFactory
instanceKlass org/junit/jupiter/engine/discovery/MethodSelectorResolver$MethodType
instanceKlass org/junit/jupiter/engine/discovery/MethodSegmentResolver
instanceKlass org/junit/jupiter/engine/discovery/MethodSelectorResolver
instanceKlass org/junit/jupiter/api/extension/ClassTemplateInvocationContext
instanceKlass org/junit/jupiter/engine/descriptor/Filterable
instanceKlass org/junit/jupiter/engine/descriptor/Validatable
instanceKlass org/junit/jupiter/engine/descriptor/TestClassAware
instanceKlass org/junit/jupiter/engine/descriptor/ResourceLockAware
instanceKlass org/junit/jupiter/engine/discovery/ClassSelectorResolver
instanceKlass  @bci org/junit/jupiter/engine/discovery/predicates/TestClassPredicates isNotAnonymous (Lorg/junit/platform/engine/support/discovery/DiscoveryIssueReporter;)Lorg/junit/platform/engine/support/discovery/DiscoveryIssueReporter$Condition; 20 <appendix> argL0 ; # org/junit/jupiter/engine/discovery/predicates/TestClassPredicates$$Lambda+0x00000000821254a0
instanceKlass  @bci org/junit/jupiter/engine/discovery/predicates/TestClassPredicates isNotAnonymous (Lorg/junit/platform/engine/support/discovery/DiscoveryIssueReporter;)Lorg/junit/platform/engine/support/discovery/DiscoveryIssueReporter$Condition; 15 <appendix> argL0 ; # org/junit/jupiter/engine/discovery/predicates/TestClassPredicates$$Lambda+0x0000000082125248
instanceKlass  @bci org/junit/jupiter/engine/discovery/predicates/TestClassPredicates isNotInnerUnlessAbstract (Lorg/junit/platform/engine/support/discovery/DiscoveryIssueReporter;)Lorg/junit/platform/engine/support/discovery/DiscoveryIssueReporter$Condition; 20 <appendix> argL0 ; # org/junit/jupiter/engine/discovery/predicates/TestClassPredicates$$Lambda+0x0000000082125000
instanceKlass  @bci org/junit/jupiter/engine/discovery/predicates/TestClassPredicates isNotInnerUnlessAbstract (Lorg/junit/platform/engine/support/discovery/DiscoveryIssueReporter;)Lorg/junit/platform/engine/support/discovery/DiscoveryIssueReporter$Condition; 15 <appendix> argL0 ; # org/junit/jupiter/engine/discovery/predicates/TestClassPredicates$$Lambda+0x0000000082127b80
instanceKlass  @bci org/junit/jupiter/engine/discovery/predicates/TestClassPredicates isNotLocal (Lorg/junit/platform/engine/support/discovery/DiscoveryIssueReporter;)Lorg/junit/platform/engine/support/discovery/DiscoveryIssueReporter$Condition; 20 <appendix> argL0 ; # org/junit/jupiter/engine/discovery/predicates/TestClassPredicates$$Lambda+0x0000000082127938
instanceKlass  @bci org/junit/jupiter/engine/discovery/predicates/TestClassPredicates isNotLocal (Lorg/junit/platform/engine/support/discovery/DiscoveryIssueReporter;)Lorg/junit/platform/engine/support/discovery/DiscoveryIssueReporter$Condition; 15 <appendix> argL0 ; # org/junit/jupiter/engine/discovery/predicates/TestClassPredicates$$Lambda+0x00000000821276e0
instanceKlass  @bci org/junit/jupiter/engine/discovery/predicates/TestClassPredicates isInner (Lorg/junit/platform/engine/support/discovery/DiscoveryIssueReporter;)Lorg/junit/platform/engine/support/discovery/DiscoveryIssueReporter$Condition; 20 <appendix> argL0 ; # org/junit/jupiter/engine/discovery/predicates/TestClassPredicates$$Lambda+0x0000000082127498
instanceKlass  @bci org/junit/jupiter/engine/discovery/predicates/TestClassPredicates isInner (Lorg/junit/platform/engine/support/discovery/DiscoveryIssueReporter;)Lorg/junit/platform/engine/support/discovery/DiscoveryIssueReporter$Condition; 15 <appendix> argL0 ; # org/junit/jupiter/engine/discovery/predicates/TestClassPredicates$$Lambda+0x0000000082127240
instanceKlass  @bci org/junit/jupiter/engine/discovery/predicates/TestClassPredicates isNotPrivateUnlessAbstract (Ljava/lang/String;Lorg/junit/platform/engine/support/discovery/DiscoveryIssueReporter;)Lorg/junit/platform/engine/support/discovery/DiscoveryIssueReporter$Condition; 21 <appendix> member <vmtarget> ; # org/junit/jupiter/engine/discovery/predicates/TestClassPredicates$$Lambda+0x0000000082126ff0
instanceKlass  @bci org/junit/jupiter/engine/discovery/predicates/TestClassPredicates isNotPrivateUnlessAbstract (Ljava/lang/String;Lorg/junit/platform/engine/support/discovery/DiscoveryIssueReporter;)Lorg/junit/platform/engine/support/discovery/DiscoveryIssueReporter$Condition; 15 <appendix> argL0 ; # org/junit/jupiter/engine/discovery/predicates/TestClassPredicates$$Lambda+0x0000000082126d98
instanceKlass  @bci org/junit/jupiter/engine/discovery/predicates/IsTestTemplateMethod <init> (Lorg/junit/platform/engine/support/discovery/DiscoveryIssueReporter;)V 16 <appendix> argL0 ; # org/junit/jupiter/engine/discovery/predicates/IsTestTemplateMethod$$Lambda+0x0000000082126b60
instanceKlass org/junit/jupiter/api/TestTemplate
instanceKlass  @bci java/util/function/Predicate or (Ljava/util/function/Predicate;)Ljava/util/function/Predicate; 7 <appendix> member <vmtarget> ; # java/util/function/Predicate$$Lambda+0x0000000082155058
instanceKlass  @bci org/junit/jupiter/engine/discovery/predicates/IsTestFactoryMethod hasCompatibleReturnType (Ljava/lang/Class;Lorg/junit/platform/engine/support/discovery/DiscoveryIssueReporter;)Lorg/junit/platform/engine/support/discovery/DiscoveryIssueReporter$Condition; 21 <appendix> member <vmtarget> ; # org/junit/jupiter/engine/discovery/predicates/IsTestFactoryMethod$$Lambda+0x0000000082126498
instanceKlass  @bci org/junit/jupiter/engine/discovery/predicates/IsTestFactoryMethod hasCompatibleReturnType (Ljava/lang/Class;Lorg/junit/platform/engine/support/discovery/DiscoveryIssueReporter;)Lorg/junit/platform/engine/support/discovery/DiscoveryIssueReporter$Condition; 15 <appendix> member <vmtarget> ; # org/junit/jupiter/engine/discovery/predicates/IsTestFactoryMethod$$Lambda+0x0000000082126238
instanceKlass  @bci org/junit/jupiter/engine/discovery/predicates/IsTestFactoryMethod <init> (Lorg/junit/platform/engine/support/discovery/DiscoveryIssueReporter;)V 16 <appendix> argL0 ; # org/junit/jupiter/engine/discovery/predicates/IsTestFactoryMethod$$Lambda+0x0000000082126000
instanceKlass org/junit/jupiter/api/TestFactory
instanceKlass java/util/Formatter$FormatSpecifierParser
instanceKlass org/junit/jupiter/api/DynamicNode
instanceKlass  @bci org/junit/jupiter/engine/discovery/predicates/IsTestableMethod hasVoidReturnType (Ljava/lang/Class;Lorg/junit/platform/engine/support/discovery/DiscoveryIssueReporter;)Lorg/junit/platform/engine/support/discovery/DiscoveryIssueReporter$Condition; 21 <appendix> member <vmtarget> ; # org/junit/jupiter/engine/discovery/predicates/IsTestableMethod$$Lambda+0x0000000082123558
instanceKlass  @bci org/junit/jupiter/engine/discovery/predicates/IsTestableMethod hasVoidReturnType (Ljava/lang/Class;Lorg/junit/platform/engine/support/discovery/DiscoveryIssueReporter;)Lorg/junit/platform/engine/support/discovery/DiscoveryIssueReporter$Condition; 15 <appendix> argL0 ; # org/junit/jupiter/engine/discovery/predicates/IsTestableMethod$$Lambda+0x0000000082123300
instanceKlass  @bci org/junit/platform/engine/support/discovery/DiscoveryIssueReporter$Condition and (Lorg/junit/platform/engine/support/discovery/DiscoveryIssueReporter$Condition;)Lorg/junit/platform/engine/support/discovery/DiscoveryIssueReporter$Condition; 29 <appendix> member <vmtarget> ; # org/junit/platform/engine/support/discovery/DiscoveryIssueReporter$Condition$$Lambda+0x00000000821230a0
instanceKlass  @bci org/junit/jupiter/engine/discovery/predicates/IsTestableMethod isNotPrivate (Ljava/lang/Class;Lorg/junit/platform/engine/support/discovery/DiscoveryIssueReporter;)Lorg/junit/platform/engine/support/discovery/DiscoveryIssueReporter$Condition; 21 <appendix> member <vmtarget> ; # org/junit/jupiter/engine/discovery/predicates/IsTestableMethod$$Lambda+0x0000000082122e50
instanceKlass  @bci org/junit/jupiter/engine/discovery/predicates/IsTestableMethod isNotPrivate (Ljava/lang/Class;Lorg/junit/platform/engine/support/discovery/DiscoveryIssueReporter;)Lorg/junit/platform/engine/support/discovery/DiscoveryIssueReporter$Condition; 15 <appendix> argL0 ; # org/junit/jupiter/engine/discovery/predicates/IsTestableMethod$$Lambda+0x0000000082122bf8
instanceKlass  @bci org/junit/platform/engine/support/discovery/DiscoveryIssueReporter createReportingCondition (Ljava/util/function/Predicate;Ljava/util/function/Function;)Lorg/junit/platform/engine/support/discovery/DiscoveryIssueReporter$Condition; 47 <appendix> member <vmtarget> ; # org/junit/platform/engine/support/discovery/DiscoveryIssueReporter$$Lambda+0x0000000082122998
instanceKlass  @cpi org/junit/platform/engine/support/discovery/DiscoveryIssueReporter 171 form vmentry <vmtarget> ; # java/lang/invoke/LambdaForm$DMH+0x0000000082124800
instanceKlass  @bci org/junit/jupiter/engine/discovery/predicates/IsTestableMethod isNotStatic (Ljava/lang/Class;Lorg/junit/platform/engine/support/discovery/DiscoveryIssueReporter;)Lorg/junit/platform/engine/support/discovery/DiscoveryIssueReporter$Condition; 21 <appendix> member <vmtarget> ; # org/junit/jupiter/engine/discovery/predicates/IsTestableMethod$$Lambda+0x0000000082122748
instanceKlass  @bci org/junit/jupiter/engine/discovery/predicates/IsTestableMethod isNotStatic (Ljava/lang/Class;Lorg/junit/platform/engine/support/discovery/DiscoveryIssueReporter;)Lorg/junit/platform/engine/support/discovery/DiscoveryIssueReporter$Condition; 15 <appendix> argL0 ; # org/junit/jupiter/engine/discovery/predicates/IsTestableMethod$$Lambda+0x00000000821224f0
instanceKlass  @cpi org/springframework/web/method/annotation/ExceptionHandlerMethodResolver 382 form vmentry <vmtarget> ; # java/lang/invoke/LambdaForm$DMH+0x0000000082124400
instanceKlass org/junit/platform/commons/support/ModifierSupport
instanceKlass  @bci org/junit/jupiter/engine/discovery/predicates/IsTestMethod <init> (Lorg/junit/platform/engine/support/discovery/DiscoveryIssueReporter;)V 16 <appendix> argL0 ; # org/junit/jupiter/engine/discovery/predicates/IsTestMethod$$Lambda+0x00000000821220a8
instanceKlass org/junit/platform/engine/support/discovery/DiscoveryIssueReporter$Condition
instanceKlass org/junit/jupiter/api/Test
instanceKlass org/junit/jupiter/engine/discovery/predicates/IsTestableMethod
instanceKlass  @bci org/junit/jupiter/engine/discovery/predicates/TestClassPredicates <init> (Lorg/junit/platform/engine/support/discovery/DiscoveryIssueReporter;)V 75 <appendix> member <vmtarget> ; # org/junit/jupiter/engine/discovery/predicates/TestClassPredicates$$Lambda+0x0000000082121558
instanceKlass  @bci org/junit/jupiter/engine/discovery/predicates/TestClassPredicates <init> (Lorg/junit/platform/engine/support/discovery/DiscoveryIssueReporter;)V 58 <appendix> member <vmtarget> ; # org/junit/jupiter/engine/discovery/predicates/TestClassPredicates$$Lambda+0x00000000821212f8
instanceKlass  @bci org/junit/jupiter/engine/discovery/predicates/TestClassPredicates <init> (Lorg/junit/platform/engine/support/discovery/DiscoveryIssueReporter;)V 41 <appendix> argL0 ; # org/junit/jupiter/engine/discovery/predicates/TestClassPredicates$$Lambda+0x00000000821210a0
instanceKlass  @bci org/junit/jupiter/engine/discovery/predicates/TestClassPredicates <init> (Lorg/junit/platform/engine/support/discovery/DiscoveryIssueReporter;)V 25 <appendix> argL0 ; # org/junit/jupiter/engine/discovery/predicates/TestClassPredicates$$Lambda+0x0000000082120e48
instanceKlass org/junit/jupiter/engine/discovery/predicates/TestClassPredicates
instanceKlass org/junit/platform/engine/support/discovery/ClassContainerSelectorResolver
instanceKlass  @bci java/util/stream/Collectors toCollection (Ljava/util/function/Supplier;)Ljava/util/stream/Collector; 10 <appendix> argL0 ; # java/util/stream/Collectors$$Lambda+0x0000000082154bf0
instanceKlass  @bci java/util/stream/Collectors toCollection (Ljava/util/function/Supplier;)Ljava/util/stream/Collector; 5 <appendix> argL0 ; # java/util/stream/Collectors$$Lambda+0x00000000821549b8
instanceKlass  @bci org/junit/platform/engine/support/discovery/EngineDiscoveryRequestResolver instantiate (Ljava/util/List;Lorg/junit/platform/engine/support/discovery/EngineDiscoveryRequestResolver$InitializationContext;)Ljava/util/List; 31 <appendix> argL0 ; # org/junit/platform/engine/support/discovery/EngineDiscoveryRequestResolver$$Lambda+0x00000000821206e0
instanceKlass  @bci org/junit/platform/engine/support/discovery/EngineDiscoveryRequestResolver instantiate (Ljava/util/List;Lorg/junit/platform/engine/support/discovery/EngineDiscoveryRequestResolver$InitializationContext;)Ljava/util/List; 21 <appendix> member <vmtarget> ; # org/junit/platform/engine/support/discovery/EngineDiscoveryRequestResolver$$Lambda+0x0000000082120490
instanceKlass  @bci org/junit/platform/commons/util/CollectionUtils getOnlyElement (Ljava/util/Collection;)Ljava/lang/Object; 63 <appendix> member <vmtarget> ; # org/junit/platform/commons/util/CollectionUtils$$Lambda+0x0000000082120260
instanceKlass  @bci java/util/function/Predicate and (Ljava/util/function/Predicate;)Ljava/util/function/Predicate; 7 <appendix> member <vmtarget> ; # java/util/function/Predicate$$Lambda+0x0000000082154758
instanceKlass  @cpi org/springframework/util/ReflectionUtils$MethodFilter 49 form vmentry <vmtarget> ; # java/lang/invoke/LambdaForm$DMH+0x0000000082124000
instanceKlass  @bci org/junit/platform/engine/discovery/IncludePackageNameFilter toPredicate ()Ljava/util/function/Predicate; 15 <appendix> member <vmtarget> ; # org/junit/platform/engine/discovery/IncludePackageNameFilter$$Lambda+0x0000000082120000
instanceKlass  @bci org/junit/platform/engine/discovery/ExcludeClassNameFilter toPredicate ()Ljava/util/function/Predicate; 15 <appendix> member <vmtarget> ; # org/junit/platform/engine/discovery/ExcludeClassNameFilter$$Lambda+0x000000008211cc98
instanceKlass java/util/stream/ReduceOps$2ReducingSink
instanceKlass  @bci org/junit/platform/engine/CompositeFilter toPredicate ()Ljava/util/function/Predicate; 41 <appendix> argL0 ; # org/junit/platform/engine/CompositeFilter$$Lambda+0x000000008211ca48
instanceKlass  @cpi org/springframework/test/web/servlet/setup/StandaloneMockMvcBuilder$StaticStringValueResolver 71 form vmentry <vmtarget> ; # java/lang/invoke/LambdaForm$DMH+0x000000008211c400
instanceKlass  @bci org/junit/platform/engine/CompositeFilter toPredicate ()Ljava/util/function/Predicate; 23 <appendix> argL0 ; # org/junit/platform/engine/CompositeFilter$$Lambda+0x000000008211c800
instanceKlass org/junit/platform/engine/CompositeFilter$1
instanceKlass org/junit/platform/engine/CompositeFilter
instanceKlass  @bci org/junit/platform/launcher/core/DefaultDiscoveryRequest getFiltersByType (Ljava/lang/Class;)Ljava/util/List; 60 <appendix> member <vmtarget> ; # org/junit/platform/launcher/core/DefaultDiscoveryRequest$$Lambda+0x000000008211d720
instanceKlass  @bci org/junit/platform/launcher/core/DefaultDiscoveryRequest getFiltersByType (Ljava/lang/Class;)Ljava/util/List; 44 <appendix> member <vmtarget> ; # org/junit/platform/launcher/core/DefaultDiscoveryRequest$$Lambda+0x000000008211d4c0
instanceKlass org/junit/platform/engine/support/discovery/EngineDiscoveryRequestResolver$DefaultInitializationContext
instanceKlass  @bci org/junit/jupiter/engine/discovery/DiscoverySelectorResolver <clinit> ()V 65 <appendix> argL0 ; # org/junit/jupiter/engine/discovery/DiscoverySelectorResolver$$Lambda+0x000000008211d000
instanceKlass org/junit/platform/engine/TestDescriptor$Visitor
instanceKlass  @bci org/junit/jupiter/engine/discovery/DiscoverySelectorResolver <clinit> ()V 49 <appendix> argL0 ; # org/junit/jupiter/engine/discovery/DiscoverySelectorResolver$$Lambda+0x000000008211f9c8
instanceKlass  @bci org/junit/jupiter/engine/discovery/DiscoverySelectorResolver <clinit> ()V 33 <appendix> argL0 ; # org/junit/jupiter/engine/discovery/DiscoverySelectorResolver$$Lambda+0x000000008211f780
instanceKlass  @bci org/junit/platform/engine/support/discovery/EngineDiscoveryRequestResolver$Builder addClassContainerSelectorResolverWithContext (Ljava/util/function/Function;)Lorg/junit/platform/engine/support/discovery/EngineDiscoveryRequestResolver$Builder; 31 <appendix> member <vmtarget> ; # org/junit/platform/engine/support/discovery/EngineDiscoveryRequestResolver$Builder$$Lambda+0x000000008211f530
instanceKlass  @bci org/junit/jupiter/engine/discovery/DiscoverySelectorResolver <clinit> ()V 17 <appendix> argL0 ; # org/junit/jupiter/engine/discovery/DiscoverySelectorResolver$$Lambda+0x000000008211f2e8
instanceKlass org/junit/platform/engine/support/discovery/EngineDiscoveryRequestResolver$Builder
instanceKlass org/junit/platform/engine/support/discovery/EngineDiscoveryRequestResolver$InitializationContext
instanceKlass org/junit/platform/engine/support/discovery/EngineDiscoveryRequestResolver
instanceKlass org/junit/platform/engine/support/discovery/SelectorResolver
instanceKlass org/junit/jupiter/engine/discovery/DiscoverySelectorResolver
instanceKlass org/junit/jupiter/api/extension/ExtensionContext
instanceKlass org/junit/jupiter/engine/extension/ExtensionRegistry
instanceKlass org/junit/platform/engine/support/hierarchical/Node
instanceKlass  @bci org/junit/jupiter/engine/config/DefaultJupiterConfiguration lambda$validateConfigurationParameters$0 (Lorg/junit/platform/engine/support/discovery/DiscoveryIssueReporter;Ljava/lang/String;)V 25 <appendix> member <vmtarget> ; # org/junit/jupiter/engine/config/DefaultJupiterConfiguration$$Lambda+0x000000008211b928
instanceKlass  @bci org/junit/jupiter/engine/config/DefaultJupiterConfiguration validateConfigurationParameters (Lorg/junit/platform/engine/support/discovery/DiscoveryIssueReporter;)V 18 <appendix> member <vmtarget> ; # org/junit/jupiter/engine/config/DefaultJupiterConfiguration$$Lambda+0x000000008211b6e8
instanceKlass org/junit/jupiter/api/io/TempDirFactory
instanceKlass org/junit/jupiter/api/ClassOrderer$Default
instanceKlass org/junit/jupiter/api/ClassOrderer
instanceKlass  @bci java/util/function/Predicate negate ()Ljava/util/function/Predicate; 1 <appendix> member <vmtarget> ; # java/util/function/Predicate$$Lambda+0x0000000082153f40
instanceKlass  @cpi java/util/function/Predicate 75 form vmentry <vmtarget> ; # java/lang/invoke/LambdaForm$DMH+0x000000008211c000
instanceKlass org/junit/jupiter/engine/config/FilteringConfigurationParameterConverter
instanceKlass  @bci java/util/function/Predicate isEqual (Ljava/lang/Object;)Ljava/util/function/Predicate; 14 <appendix> member <vmtarget> ; # java/util/function/Predicate$$Lambda+0x0000000082153ce0
instanceKlass org/junit/jupiter/api/MethodOrderer$Default
instanceKlass org/junit/jupiter/api/MethodOrderer
instanceKlass org/junit/jupiter/api/DisplayNameGenerator
instanceKlass org/junit/jupiter/engine/config/InstantiatingConfigurationParameterConverter
instanceKlass org/junit/jupiter/engine/config/EnumConfigurationParameterConverter
instanceKlass org/junit/jupiter/engine/config/ConfigurationParameterConverter
instanceKlass org/junit/jupiter/engine/config/DefaultJupiterConfiguration
instanceKlass org/junit/jupiter/engine/config/CachingJupiterConfiguration
instanceKlass  @bci org/junit/platform/engine/support/discovery/DiscoveryIssueReporter deduplicating (Lorg/junit/platform/engine/support/discovery/DiscoveryIssueReporter;)Lorg/junit/platform/engine/support/discovery/DiscoveryIssueReporter; 47 <appendix> member <vmtarget> ; # org/junit/platform/engine/support/discovery/DiscoveryIssueReporter$$Lambda+0x0000000082118f58
instanceKlass  @bci org/junit/platform/engine/support/discovery/DiscoveryIssueReporter forwarding (Lorg/junit/platform/engine/EngineDiscoveryListener;Lorg/junit/platform/engine/UniqueId;)Lorg/junit/platform/engine/support/discovery/DiscoveryIssueReporter; 43 <appendix> member <vmtarget> ; # org/junit/platform/engine/support/discovery/DiscoveryIssueReporter$$Lambda+0x0000000082118d08
instanceKlass org/junit/platform/engine/DiscoveryIssue
instanceKlass org/junit/platform/engine/support/discovery/DiscoveryIssueReporter
instanceKlass org/junit/platform/launcher/jfr/UniqueId
instanceKlass  @bci org/junit/platform/launcher/listeners/discovery/CompositeLauncherDiscoveryListener engineDiscoveryStarted (Lorg/junit/platform/engine/UniqueId;)V 19 <appendix> member <vmtarget> ; # org/junit/platform/launcher/listeners/discovery/CompositeLauncherDiscoveryListener$$Lambda+0x0000000082115c88
instanceKlass  @bci org/junit/platform/launcher/core/EngineDiscoveryOrchestrator discoverSafely (Lorg/junit/platform/launcher/LauncherDiscoveryRequest;Ljava/util/Optional;Lorg/junit/platform/launcher/core/DiscoveryIssueCollector;Ljava/util/function/Function;)Ljava/util/Map; 214 <appendix> member <vmtarget> ; # org/junit/platform/launcher/core/EngineDiscoveryOrchestrator$$Lambda+0x0000000082115a58
instanceKlass  @bci org/junit/platform/launcher/core/EngineFilterer isExcluded (Lorg/junit/platform/engine/TestEngine;)Z 40 <appendix> argL0 ; # org/junit/platform/launcher/core/EngineFilterer$$Lambda+0x0000000082115800
instanceKlass  @cpi org/springframework/web/util/pattern/PathPattern 443 form vmentry <vmtarget> ; # java/lang/invoke/LambdaForm$DMH+0x0000000082115400
instanceKlass  @bci org/junit/platform/launcher/core/EngineFilterer isExcluded (Lorg/junit/platform/engine/TestEngine;)Z 23 <appendix> member <vmtarget> ; # org/junit/platform/launcher/core/EngineFilterer$$Lambda+0x0000000082117c58
instanceKlass org/junit/platform/engine/FilterResult
instanceKlass java/util/AbstractList$RandomAccessSpliterator
instanceKlass org/junit/platform/launcher/core/EngineFilterer
instanceKlass  @bci jdk/jfr/internal/TypeLibrary addTypes (Ljava/util/List;)V 15 <appendix> argL0 ; # jdk/jfr/internal/TypeLibrary$$Lambda+0x00000000821535d0
instanceKlass  @bci jdk/jfr/internal/TypeLibrary addTypes (Ljava/util/List;)V 10 <appendix> argL0 ; # jdk/jfr/internal/TypeLibrary$$Lambda+0x0000000082153378
instanceKlass jdk/jfr/SettingDefinition
# instanceKlass java/lang/invoke/LambdaForm$MH+0x0000000082115000
instanceKlass  @bci org/springframework/web/method/annotation/ExceptionHandlerMethodResolver$ExceptionMapping hashCode ()I 14 <appendix> argL1 form vmentry <vmtarget> ; # java/lang/invoke/LambdaForm$MH+0x0000000082114c00
instanceKlass java/lang/annotation/Repeatable
instanceKlass jdk/jfr/internal/RemoveFields
instanceKlass java/lang/classfile/CompoundElement
instanceKlass jdk/jfr/internal/util/Bytecode
instanceKlass jdk/jfr/internal/util/ImplicitFields
instanceKlass jdk/jfr/internal/MirrorEvents
instanceKlass jdk/jfr/internal/settings/ThrottlerWindow
instanceKlass java/util/Random
instanceKlass java/util/random/RandomGenerator
instanceKlass jdk/jfr/internal/settings/ThrottlerParameters
instanceKlass jdk/jfr/internal/settings/Throttler
instanceKlass jdk/jfr/internal/Control
instanceKlass jdk/jfr/SettingDescriptor
instanceKlass jdk/jfr/events/StackFilter
instanceKlass jdk/jfr/BooleanFlag
instanceKlass jdk/jfr/internal/MirrorEvent
instanceKlass jdk/jfr/internal/EventControl
instanceKlass jdk/jfr/internal/Logger
instanceKlass jdk/jfr/EventType
instanceKlass  @bci java/util/ArrayDeque copyElements (Ljava/util/Collection;)V 2 <appendix> member <vmtarget> ; # java/util/ArrayDeque$$Lambda+0x0000000082149120
instanceKlass  @bci jdk/jfr/internal/TypeLibrary initialize ()V 45 <appendix> argL0 ; # jdk/jfr/internal/TypeLibrary$$Lambda+0x0000000082148ee8
instanceKlass  @bci jdk/jfr/internal/TypeLibrary initialize ()V 40 <appendix> argL0 ; # jdk/jfr/internal/TypeLibrary$$Lambda+0x0000000082148c90
instanceKlass  @bci java/util/Comparator comparingLong (Ljava/util/function/ToLongFunction;)Ljava/util/Comparator; 6 <appendix> member <vmtarget> ; # java/util/Comparator$$Lambda+0x00000000821489c8
instanceKlass java/lang/classfile/constantpool/IntegerEntry
instanceKlass java/lang/invoke/InnerClassLambdaMetafactory$4
instanceKlass java/lang/invoke/InnerClassLambdaMetafactory$SerializationSupport
instanceKlass  @bci jdk/jfr/internal/TypeLibrary initialize ()V 12 <appendix> argL0 ; # jdk/jfr/internal/TypeLibrary$$Lambda+0x0000000082147de0
instanceKlass  @cpi jdk/jfr/internal/TypeLibrary 846 form vmentry <vmtarget> ; # java/lang/invoke/LambdaForm$DMH+0x0000000082114800
instanceKlass java/util/function/ToLongFunction
instanceKlass jdk/jfr/Frequency
instanceKlass jdk/jfr/Percentage
instanceKlass jdk/jfr/MemoryAddress
instanceKlass jdk/jfr/DataAmount
instanceKlass jdk/jfr/internal/Level
instanceKlass jdk/jfr/internal/Cutoff
instanceKlass jdk/jfr/Throttle
instanceKlass jdk/jfr/internal/periodic/LookupKey
instanceKlass jdk/jfr/internal/periodic/BatchManager
instanceKlass jdk/jfr/internal/periodic/TaskRepository
instanceKlass jdk/jfr/internal/periodic/PeriodicTask
instanceKlass jdk/jfr/internal/periodic/PeriodicEvents
instanceKlass jdk/jfr/internal/MetadataLoader$FieldElement
instanceKlass jdk/jfr/internal/MetadataLoader$TypeElement
instanceKlass jdk/jfr/Category
instanceKlass jdk/jfr/Unsigned
instanceKlass jdk/jfr/Experimental
instanceKlass jdk/jfr/TransitionFrom
instanceKlass jdk/jfr/TransitionTo
instanceKlass jdk/jfr/Relational
instanceKlass  @bci jdk/internal/module/SystemModuleFinders$SystemModuleReader open (Ljava/lang/String;)Ljava/util/Optional; 6 <appendix> member <vmtarget> ; # jdk/internal/module/SystemModuleFinders$SystemModuleReader$$Lambda+0x0000000082143c60
instanceKlass jdk/jfr/internal/MetadataLoader
instanceKlass jdk/jfr/Timestamp
instanceKlass jdk/jfr/Description
instanceKlass jdk/jfr/ContentType
instanceKlass jdk/jfr/Timespan
instanceKlass jdk/jfr/ValueDescriptor
instanceKlass jdk/jfr/EventSettings
instanceKlass jdk/jfr/internal/PrivateAccess
instanceKlass  @bci java/lang/ClassLoader definePackage (Ljava/lang/String;Ljava/lang/Module;)Ljava/lang/Package; 73 <appendix> member <vmtarget> ; # java/lang/ClassLoader$$Lambda+0x0000000082141ae0
instanceKlass  @bci jdk/internal/loader/BootLoader$PackageHelper findModule (Ljava/lang/String;)Ljava/lang/Module; 90 <appendix> member <vmtarget> ; # jdk/internal/loader/BootLoader$PackageHelper$$Lambda+0x00000000821418b0
instanceKlass jdk/internal/loader/BootLoader$PackageHelper
instanceKlass jdk/jfr/internal/SecuritySupport
instanceKlass jdk/jfr/Name
instanceKlass jdk/jfr/internal/AnnotationConstruct
instanceKlass jdk/jfr/SettingControl
instanceKlass java/lang/Class$AnnotationData
instanceKlass  @bci org/springframework/test/context/bean/override/BeanOverrideHandler processField (Ljava/lang/reflect/Field;Ljava/lang/Class;Ljava/util/List;)V 38 <appendix> form vmentry <vmtarget> ; # java/lang/invoke/LambdaForm$DMH+0x0000000082114400
instanceKlass  @bci sun/reflect/annotation/AnnotationParser parseEnumArray (ILjava/lang/Class;Ljava/nio/ByteBuffer;Ljdk/internal/reflect/ConstantPool;Ljava/lang/Class;)Ljava/lang/Object; 16 <appendix> member <vmtarget> ; # sun/reflect/annotation/AnnotationParser$$Lambda+0x0000000082140000
instanceKlass java/lang/annotation/Documented
instanceKlass java/lang/annotation/Target
instanceKlass sun/reflect/annotation/AnnotationInvocationHandler
instanceKlass sun/reflect/annotation/ExceptionProxy
instanceKlass java/lang/annotation/Inherited
instanceKlass java/lang/annotation/Retention
instanceKlass sun/reflect/annotation/AnnotationType
instanceKlass sun/invoke/util/BytecodeDescriptor
instanceKlass jdk/jfr/MetadataDefinition
instanceKlass jdk/jfr/Enabled
instanceKlass jdk/jfr/Period
instanceKlass jdk/jfr/StackTrace
instanceKlass jdk/jfr/Threshold
instanceKlass jdk/jfr/Registered
instanceKlass java/util/AbstractMap$SimpleImmutableEntry
instanceKlass jdk/jfr/Label
instanceKlass jdk/jfr/AnnotationElement
instanceKlass jdk/jfr/internal/TypeLibrary
instanceKlass jdk/jfr/internal/SettingsManager
instanceKlass jdk/jfr/internal/Type
instanceKlass jdk/jfr/internal/MetadataRepository
instanceKlass jdk/jfr/internal/util/Utils
instanceKlass jdk/jfr/internal/Options
instanceKlass jdk/jfr/internal/management/HiddenWait
instanceKlass jdk/jfr/internal/JVM
instanceKlass jdk/jfr/internal/JVMSupport
instanceKlass  @bci org/junit/platform/launcher/listeners/discovery/CompositeLauncherDiscoveryListener launcherDiscoveryStarted (Lorg/junit/platform/launcher/LauncherDiscoveryRequest;)V 18 <appendix> member <vmtarget> ; # org/junit/platform/launcher/listeners/discovery/CompositeLauncherDiscoveryListener$$Lambda+0x0000000082116f00
instanceKlass org/junit/platform/launcher/core/DelegatingLauncherDiscoveryRequest
instanceKlass org/junit/platform/launcher/listeners/discovery/CompositeLauncherDiscoveryListener
instanceKlass  @bci org/junit/platform/engine/ConfigurationParameters get (Ljava/lang/String;Ljava/util/function/Function;)Ljava/util/Optional; 36 <appendix> member <vmtarget> ; # org/junit/platform/engine/ConfigurationParameters$$Lambda+0x0000000082116248
instanceKlass  @bci org/junit/platform/launcher/core/DiscoveryIssueCollector getCriticalSeverity (Lorg/junit/platform/engine/ConfigurationParameters;)Lorg/junit/platform/engine/DiscoveryIssue$Severity; 18 <appendix> argL0 ; # org/junit/platform/launcher/core/DiscoveryIssueCollector$$Lambda+0x0000000082116000
instanceKlass org/junit/platform/engine/TestSource
instanceKlass org/junit/platform/launcher/core/DiscoveryIssueCollector
instanceKlass  @bci org/junit/platform/launcher/core/EngineDiscoveryOrchestrator discover (Lorg/junit/platform/launcher/LauncherDiscoveryRequest;Lorg/junit/platform/launcher/core/LauncherPhase;)Lorg/junit/platform/launcher/core/LauncherDiscoveryResult; 20 <appendix> argL0 ; # org/junit/platform/launcher/core/EngineDiscoveryOrchestrator$$Lambda+0x00000000821135f0
instanceKlass  @bci org/junit/platform/launcher/core/DefaultLauncher execute (Lorg/junit/platform/launcher/LauncherExecutionRequest;)V 30 <appendix> member <vmtarget> ; # org/junit/platform/launcher/core/DefaultLauncher$$Lambda+0x0000000082112f70
instanceKlass  @bci org/junit/platform/launcher/core/DefaultLauncher execute (Lorg/junit/platform/launcher/LauncherExecutionRequest;)V 20 <appendix> argL0 ; # org/junit/platform/launcher/core/DefaultLauncher$$Lambda+0x0000000082112d28
instanceKlass org/junit/platform/engine/DisabledCancellationToken
instanceKlass  @bci org/junit/platform/launcher/core/LauncherExecutionRequestBuilder build ()Lorg/junit/platform/launcher/LauncherExecutionRequest; 34 <appendix> argL0 ; # org/junit/platform/launcher/core/LauncherExecutionRequestBuilder$$Lambda+0x00000000821128d0
instanceKlass org/junit/platform/engine/CancellationToken
instanceKlass org/junit/platform/launcher/core/DefaultLauncherExecutionRequest
instanceKlass org/junit/platform/launcher/LauncherExecutionRequest
instanceKlass org/junit/platform/launcher/core/LauncherExecutionRequestBuilder
instanceKlass  @bci org/junit/platform/launcher/core/InterceptingLauncher execute (Lorg/junit/platform/launcher/LauncherDiscoveryRequest;[Lorg/junit/platform/launcher/TestExecutionListener;)V 20 <appendix> member <vmtarget> ; # org/junit/platform/launcher/core/InterceptingLauncher$$Lambda+0x0000000082111e30
instanceKlass  @bci org/junit/platform/launcher/core/SessionPerRequestLauncher createSession ()Lorg/junit/platform/launcher/LauncherSession; 139 <appendix> member <vmtarget> ; # org/junit/platform/launcher/core/SessionPerRequestLauncher$$Lambda+0x0000000082111bf0
instanceKlass  @bci org/junit/platform/launcher/core/SessionPerRequestLauncher createSession ()Lorg/junit/platform/launcher/LauncherSession; 93 <appendix> member <vmtarget> ; # org/junit/platform/launcher/core/SessionPerRequestLauncher$$Lambda+0x00000000821119b0
instanceKlass  @bci org/junit/platform/launcher/core/LauncherFactory registerTestExecutionListeners (Lorg/junit/platform/launcher/core/LauncherConfig;Lorg/junit/platform/launcher/Launcher;Lorg/junit/platform/launcher/core/LauncherConfigurationParameters;)V 117 <appendix> member <vmtarget> ; # org/junit/platform/launcher/core/LauncherFactory$$Lambda+0x0000000082111770
instanceKlass  @bci org/junit/platform/launcher/core/LauncherFactory registerTestExecutionListeners (Lorg/junit/platform/launcher/core/LauncherConfig;Lorg/junit/platform/launcher/Launcher;Lorg/junit/platform/launcher/core/LauncherConfigurationParameters;)V 75 <appendix> member <vmtarget> ; # org/junit/platform/launcher/core/LauncherFactory$$Lambda+0x0000000082111530
instanceKlass org/junit/platform/launcher/listeners/UniqueIdTrackingListener
instanceKlass  @bci org/junit/platform/launcher/core/ServiceLoaderRegistry load (Ljava/lang/Class;Ljava/util/function/Predicate;)Ljava/lang/Iterable; 49 <appendix> member <vmtarget> ; # org/junit/platform/launcher/core/ServiceLoaderRegistry$$Lambda+0x0000000082111038
instanceKlass  @bci org/junit/platform/launcher/core/ServiceLoaderRegistry load (Ljava/lang/Class;Ljava/util/function/Predicate;)Ljava/lang/Iterable; 30 <appendix> member <vmtarget> ; # org/junit/platform/launcher/core/ServiceLoaderRegistry$$Lambda+0x0000000082110dd8
instanceKlass  @cpi org/springframework/web/servlet/mvc/method/annotation/RequestMappingHandlerAdapter 711 form vmentry <vmtarget> ; # java/lang/invoke/LambdaForm$DMH+0x0000000082114000
instanceKlass  @bci org/junit/platform/launcher/core/LauncherFactory loadAndFilterTestExecutionListeners (Lorg/junit/platform/engine/ConfigurationParameters;)Ljava/lang/Iterable; 39 <appendix> argL0 ; # org/junit/platform/launcher/core/LauncherFactory$$Lambda+0x0000000082110b80
instanceKlass  @bci org/junit/platform/launcher/core/LauncherFactory loadAndFilterTestExecutionListeners (Lorg/junit/platform/engine/ConfigurationParameters;)Ljava/lang/Iterable; 23 <appendix> argL0 ; # org/junit/platform/launcher/core/LauncherFactory$$Lambda+0x0000000082110938
instanceKlass org/junit/platform/commons/util/ClassNamePatternFilterUtils
instanceKlass  @bci org/junit/platform/launcher/core/LauncherFactory registerLauncherDiscoveryListeners (Lorg/junit/platform/launcher/core/LauncherConfig;Lorg/junit/platform/launcher/Launcher;)V 115 <appendix> member <vmtarget> ; # org/junit/platform/launcher/core/LauncherFactory$$Lambda+0x00000000821104e8
instanceKlass  @bci org/junit/platform/launcher/core/LauncherFactory registerLauncherDiscoveryListeners (Lorg/junit/platform/launcher/core/LauncherConfig;Lorg/junit/platform/launcher/Launcher;)V 75 <appendix> member <vmtarget> ; # org/junit/platform/launcher/core/LauncherFactory$$Lambda+0x00000000821102a8
instanceKlass org/junit/platform/launcher/jfr/FlightRecordingExecutionListener
instanceKlass org/junit/platform/launcher/jfr/FlightRecordingDiscoveryListener
instanceKlass jdk/jfr/FlightRecorder
instanceKlass  @bci org/junit/platform/commons/function/Try call (Ljava/util/concurrent/Callable;)Lorg/junit/platform/commons/function/Try; 28 <appendix> member <vmtarget> ; # org/junit/platform/commons/function/Try$$Lambda+0x00000000821096f0
instanceKlass  @bci org/junit/platform/commons/util/ReflectionUtils tryToLoadClass (Ljava/lang/String;Ljava/lang/ClassLoader;)Lorg/junit/platform/commons/function/Try; 135 <appendix> member <vmtarget> ; # org/junit/platform/commons/util/ReflectionUtils$$Lambda+0x0000000082109000
instanceKlass java/util/concurrent/Callable
instanceKlass  @bci org/junit/platform/commons/util/ReflectionUtils <clinit> ()V 515 <appendix> member <vmtarget> ; # org/junit/platform/commons/util/ReflectionUtils$$Lambda+0x000000008210bd30
instanceKlass  @cpi org/junit/platform/commons/util/ReflectionUtils 1867 form vmentry <vmtarget> ; # java/lang/invoke/LambdaForm$DMH+0x0000000082108c00
instanceKlass  @bci org/junit/platform/commons/util/ClasspathScannerLoader getInstance ()Lorg/junit/platform/commons/support/scanning/ClasspathScanner; 269 <appendix> argL0 ; # org/junit/platform/commons/util/ClasspathScannerLoader$$Lambda+0x000000008210b590
instanceKlass  @cpi com/fasterxml/jackson/datatype/jsr310/deser/InstantDeserializer 143 form vmentry <vmtarget> ; # java/lang/invoke/LambdaForm$DMH+0x0000000082108800
instanceKlass org/junit/platform/commons/function/Try
instanceKlass  @bci org/junit/platform/commons/util/ClasspathScannerLoader getInstance ()Lorg/junit/platform/commons/support/scanning/ClasspathScanner; 264 <appendix> argL0 ; # org/junit/platform/commons/util/ClasspathScannerLoader$$Lambda+0x000000008210b110
instanceKlass java/nio/file/FileVisitor
instanceKlass org/junit/platform/commons/util/DefaultClasspathScanner
instanceKlass org/junit/platform/commons/support/scanning/ClasspathScanner
instanceKlass org/junit/platform/commons/util/ClasspathScannerLoader
instanceKlass org/junit/platform/commons/util/ReflectionUtils
instanceKlass org/junit/platform/commons/support/ReflectionSupport
instanceKlass org/junit/platform/launcher/jfr/JfrUtils
instanceKlass  @bci org/junit/platform/launcher/core/EngineIdValidator validateReservedIds (Lorg/junit/platform/engine/TestEngine;)Z 21 <appendix> member <vmtarget> ; # org/junit/platform/launcher/core/EngineIdValidator$$Lambda+0x000000008210a210
instanceKlass org/junit/platform/launcher/core/EngineIdValidator
instanceKlass org/junit/platform/launcher/core/EngineDiscoveryResultValidator
instanceKlass org/junit/platform/launcher/core/EngineDiscoveryOrchestrator
instanceKlass  @bci org/junit/platform/launcher/core/DefaultLauncher <init> (Ljava/lang/Iterable;Ljava/util/Collection;Lorg/junit/platform/engine/support/store/NamespacedHierarchicalStore;)V 83 <appendix> argL0 ; # org/junit/platform/launcher/core/DefaultLauncher$$Lambda+0x000000008210f8d0
instanceKlass org/junit/platform/launcher/TestPlan$Visitor
instanceKlass org/junit/platform/engine/EngineExecutionListener
instanceKlass org/junit/platform/launcher/core/EngineExecutionOrchestrator
instanceKlass org/junit/platform/launcher/TestPlan
instanceKlass org/junit/platform/launcher/core/DefaultLauncher
instanceKlass  @bci org/junit/platform/launcher/core/LauncherFactory collectPostDiscoveryFilters (Lorg/junit/platform/launcher/core/LauncherConfig;)Ljava/util/List; 81 <appendix> member <vmtarget> ; # org/junit/platform/launcher/core/LauncherFactory$$Lambda+0x000000008210e638
instanceKlass org/junit/platform/engine/support/hierarchical/EngineExecutionContext
instanceKlass org/junit/jupiter/engine/config/JupiterConfiguration
instanceKlass org/junit/platform/engine/support/hierarchical/HierarchicalTestExecutorService
instanceKlass org/junit/platform/engine/support/hierarchical/HierarchicalTestEngine
instanceKlass  @bci org/junit/platform/launcher/core/LauncherFactory collectTestEngines (Lorg/junit/platform/launcher/core/LauncherConfig;)Ljava/util/Set; 85 <appendix> member <vmtarget> ; # org/junit/platform/launcher/core/LauncherFactory$$Lambda+0x000000008210d8c0
instanceKlass  @bci org/junit/platform/launcher/core/ServiceLoaderTestEngineRegistry loadTestEngines ()Ljava/lang/Iterable; 47 <appendix> member <vmtarget> ; # org/junit/platform/launcher/core/ServiceLoaderTestEngineRegistry$$Lambda+0x000000008210d690
instanceKlass org/junit/platform/engine/TestEngine
instanceKlass org/junit/platform/launcher/core/ServiceLoaderTestEngineRegistry
instanceKlass  @bci org/junit/platform/launcher/core/DefaultLauncherSession <init> (Ljava/util/List;Ljava/util/function/Supplier;Ljava/util/function/Function;)V 211 <appendix> member <vmtarget> ; # org/junit/platform/launcher/core/DefaultLauncherSession$$Lambda+0x000000008210d048
instanceKlass org/junit/platform/launcher/core/DelegatingLauncher
instanceKlass org/junit/platform/launcher/LauncherSessionListener$1
instanceKlass  @bci org/junit/platform/launcher/core/LauncherFactory createLauncherSessionListener (Lorg/junit/platform/launcher/core/LauncherConfig;)Lorg/junit/platform/launcher/LauncherSessionListener; 107 <appendix> member <vmtarget> ; # org/junit/platform/launcher/core/LauncherFactory$$Lambda+0x000000008210c6b8
instanceKlass  @bci org/junit/platform/launcher/core/LauncherFactory createLauncherSessionListener (Lorg/junit/platform/launcher/core/LauncherConfig;)Lorg/junit/platform/launcher/LauncherSessionListener; 77 <appendix> member <vmtarget> ; # org/junit/platform/launcher/core/LauncherFactory$$Lambda+0x000000008210c478
instanceKlass  @cpi org/springframework/core/env/AbstractPropertyResolver 247 form vmentry <vmtarget> ; # java/lang/invoke/LambdaForm$DMH+0x0000000082108400
instanceKlass  @bci org/junit/platform/launcher/core/ServiceLoaderRegistry load (Ljava/lang/Class;Ljava/util/function/Predicate;Ljava/util/function/Function;)Ljava/util/List; 75 <appendix> member <vmtarget> ; # org/junit/platform/launcher/core/ServiceLoaderRegistry$$Lambda+0x000000008210c248
instanceKlass jdk/internal/foreign/MemorySessionImpl
instanceKlass java/lang/foreign/MemorySegment$Scope
instanceKlass  @bci org/junit/platform/commons/util/ServiceLoaderUtils filter (Ljava/util/ServiceLoader;Ljava/util/function/Predicate;)Ljava/util/stream/Stream; 71 <appendix> argL0 ; # org/junit/platform/commons/util/ServiceLoaderUtils$$Lambda+0x000000008210c000
instanceKlass  @bci org/junit/platform/commons/util/ServiceLoaderUtils filter (Ljava/util/ServiceLoader;Ljava/util/function/Predicate;)Ljava/util/stream/Stream; 53 <appendix> member <vmtarget> ; # org/junit/platform/commons/util/ServiceLoaderUtils$$Lambda+0x0000000082107d00
instanceKlass java/util/ServiceLoader$ProviderSpliterator
instanceKlass org/junit/platform/commons/util/ServiceLoaderUtils
instanceKlass  @bci org/junit/platform/launcher/core/ServiceLoaderRegistry load (Ljava/lang/Class;Ljava/util/function/Predicate;Ljava/util/function/Function;)Ljava/util/List; 32 <appendix> member <vmtarget> ; # org/junit/platform/launcher/core/ServiceLoaderRegistry$$Lambda+0x0000000082107890
instanceKlass  @bci org/junit/platform/launcher/core/ServiceLoaderRegistry load (Ljava/lang/Class;)Ljava/lang/Iterable; 20 <appendix> member <vmtarget> ; # org/junit/platform/launcher/core/ServiceLoaderRegistry$$Lambda+0x0000000082107640
instanceKlass  @bci org/junit/platform/launcher/core/ServiceLoaderRegistry load (Ljava/lang/Class;)Ljava/lang/Iterable; 14 <appendix> argL0 ; # org/junit/platform/launcher/core/ServiceLoaderRegistry$$Lambda+0x00000000821073e8
instanceKlass org/junit/platform/launcher/core/ServiceLoaderRegistry
instanceKlass  @bci org/junit/platform/launcher/core/ListenerRegistry forLauncherSessionListeners ()Lorg/junit/platform/launcher/core/ListenerRegistry; 13 <appendix> argL0 ; # org/junit/platform/launcher/core/ListenerRegistry$$Lambda+0x0000000082106f90
instanceKlass org/junit/platform/launcher/listeners/session/LauncherSessionListeners
instanceKlass  @bci org/junit/platform/launcher/core/DefaultLauncherSession <init> (Ljava/util/List;Ljava/util/function/Supplier;Ljava/util/function/Function;)V 176 <appendix> member <vmtarget> ; # org/junit/platform/launcher/core/DefaultLauncherSession$$Lambda+0x0000000082106b50
instanceKlass org/junit/platform/launcher/LauncherInterceptor$Invocation
instanceKlass  @bci org/junit/platform/launcher/core/DefaultLauncherSession composite (Ljava/util/List;)Lorg/junit/platform/launcher/LauncherInterceptor; 103 <appendix> argL0 ; # org/junit/platform/launcher/core/DefaultLauncherSession$$Lambda+0x00000000821066f8
instanceKlass java/util/Spliterator$OfDouble
instanceKlass java/util/Spliterator$OfLong
instanceKlass java/util/stream/StreamSpliterators$SliceSpliterator
instanceKlass java/util/stream/DoubleStream
instanceKlass java/util/stream/IntStream
instanceKlass java/util/stream/LongStream
instanceKlass java/util/stream/SliceOps
instanceKlass  @bci org/junit/platform/engine/support/store/NamespacedHierarchicalStore$CloseAction closeAutoCloseables ()Lorg/junit/platform/engine/support/store/NamespacedHierarchicalStore$CloseAction; 13 <appendix> argL0 ; # org/junit/platform/engine/support/store/NamespacedHierarchicalStore$CloseAction$$Lambda+0x00000000821064d0
instanceKlass  @cpi org/springframework/test/context/support/TestPropertySourceUtils 507 form vmentry <vmtarget> ; # java/lang/invoke/LambdaForm$DMH+0x0000000082108000
instanceKlass org/junit/platform/engine/support/store/NamespacedHierarchicalStore$CloseAction
instanceKlass org/junit/platform/engine/support/store/NamespacedHierarchicalStore$StoredValue
instanceKlass org/junit/platform/launcher/core/ClasspathAlignmentCheckingLauncherInterceptor
instanceKlass  @bci org/junit/platform/launcher/core/LauncherConfigurationParameters getBoolean (Ljava/lang/String;)Ljava/util/Optional; 18 <appendix> argL0 ; # org/junit/platform/launcher/core/LauncherConfigurationParameters$$Lambda+0x00000000821059d0
instanceKlass org/junit/platform/launcher/core/DefaultLauncherSession$1
instanceKlass org/junit/platform/launcher/LauncherInterceptor
instanceKlass org/junit/platform/launcher/core/DefaultLauncherSession
instanceKlass org/junit/platform/launcher/core/DefaultDiscoveryRequest
instanceKlass  @bci org/junit/platform/launcher/core/LauncherDiscoveryRequestBuilder getOutputDirectoryCreator (Lorg/junit/platform/launcher/core/LauncherConfigurationParameters;)Lorg/junit/platform/engine/OutputDirectoryCreator; 69 <appendix> member <vmtarget> ; # org/junit/platform/launcher/core/LauncherDiscoveryRequestBuilder$$Lambda+0x0000000082104c38
instanceKlass  @bci java/util/regex/Pattern union (Ljava/util/regex/Pattern$CharPredicate;Ljava/util/regex/Pattern$CharPredicate;Z)Ljava/util/regex/Pattern$CharPredicate; 14 <appendix> member <vmtarget> ; # java/util/regex/Pattern$$Lambda+0x00000000820d3528
instanceKlass  @bci java/util/regex/Pattern CIRange (II)Ljava/util/regex/Pattern$CharPredicate; 2 <appendix> member <vmtarget> ; # java/util/regex/Pattern$$Lambda+0x00000000820d32c0
instanceKlass org/junit/platform/launcher/core/HierarchicalOutputDirectoryCreator
instanceKlass  @bci org/junit/platform/launcher/listeners/discovery/LauncherDiscoveryListeners fromConfigurationParameter (Ljava/lang/String;Ljava/lang/String;)Lorg/junit/platform/launcher/LauncherDiscoveryListener; 70 <appendix> member <vmtarget> ; # org/junit/platform/launcher/listeners/discovery/LauncherDiscoveryListeners$$Lambda+0x00000000821047c0
instanceKlass org/junit/platform/launcher/LauncherDiscoveryListener$1
instanceKlass org/junit/platform/engine/EngineDiscoveryListener$1
instanceKlass org/junit/platform/launcher/listeners/discovery/AbortOnFailureLauncherDiscoveryListener
instanceKlass  @bci org/junit/platform/launcher/listeners/discovery/LauncherDiscoveryListeners fromConfigurationParameter (Ljava/lang/String;Ljava/lang/String;)Lorg/junit/platform/launcher/LauncherDiscoveryListener; 52 <appendix> argL0 ; # org/junit/platform/launcher/listeners/discovery/LauncherDiscoveryListeners$$Lambda+0x0000000082103e20
instanceKlass  @bci org/junit/platform/launcher/listeners/discovery/LauncherDiscoveryListeners fromConfigurationParameter (Ljava/lang/String;Ljava/lang/String;)Lorg/junit/platform/launcher/LauncherDiscoveryListener; 21 <appendix> member <vmtarget> ; # org/junit/platform/launcher/listeners/discovery/LauncherDiscoveryListeners$$Lambda+0x0000000082103bc0
instanceKlass  @bci org/junit/platform/launcher/listeners/discovery/LauncherDiscoveryListeners$LauncherDiscoveryListenerType <clinit> ()V 50 <appendix> argL0 ; # org/junit/platform/launcher/listeners/discovery/LauncherDiscoveryListeners$LauncherDiscoveryListenerType$$Lambda+0x0000000082103798
instanceKlass  @bci org/junit/platform/launcher/listeners/discovery/LauncherDiscoveryListeners$LauncherDiscoveryListenerType <clinit> ()V 22 <appendix> argL0 ; # org/junit/platform/launcher/listeners/discovery/LauncherDiscoveryListeners$LauncherDiscoveryListenerType$$Lambda+0x0000000082103570
instanceKlass  @bci org/junit/platform/launcher/core/LauncherConfigurationParameters getProperty (Ljava/lang/String;)Ljava/lang/String; 57 <appendix> argL0 ; # org/junit/platform/launcher/core/LauncherConfigurationParameters$$Lambda+0x00000000821030c8
instanceKlass  @bci org/junit/platform/launcher/core/LauncherConfigurationParameters getProperty (Ljava/lang/String;)Ljava/lang/String; 39 <appendix> member <vmtarget> ; # org/junit/platform/launcher/core/LauncherConfigurationParameters$$Lambda+0x0000000082102e78
instanceKlass java/util/stream/Nodes$ArrayNode
instanceKlass  @bci org/junit/platform/engine/discovery/AbstractClassNameFilter <init> ([Ljava/lang/String;)V 57 <appendix> argL0 ; # org/junit/platform/engine/discovery/AbstractClassNameFilter$$Lambda+0x0000000082102c30
instanceKlass org/junit/platform/engine/discovery/AbstractClassNameFilter
instanceKlass org/junit/platform/engine/discovery/ClassNameFilter
instanceKlass org/junit/platform/launcher/EngineFilter
instanceKlass  @bci org/junit/platform/launcher/core/LauncherDiscoveryRequestBuilder filters ([Lorg/junit/platform/engine/Filter;)Lorg/junit/platform/launcher/core/LauncherDiscoveryRequestBuilder; 49 <appendix> member <vmtarget> ; # org/junit/platform/launcher/core/LauncherDiscoveryRequestBuilder$$Lambda+0x0000000082102080
instanceKlass  @bci java/util/stream/Collectors joining (Ljava/lang/CharSequence;Ljava/lang/CharSequence;Ljava/lang/CharSequence;)Ljava/util/stream/Collector; 22 <appendix> argL0 ; # java/util/stream/Collectors$$Lambda+0x00000000820d2a58
instanceKlass  @bci java/util/stream/Collectors joining (Ljava/lang/CharSequence;Ljava/lang/CharSequence;Ljava/lang/CharSequence;)Ljava/util/stream/Collector; 17 <appendix> argL0 ; # java/util/stream/Collectors$$Lambda+0x00000000820d2808
instanceKlass  @bci java/util/stream/Collectors joining (Ljava/lang/CharSequence;Ljava/lang/CharSequence;Ljava/lang/CharSequence;)Ljava/util/stream/Collector; 12 <appendix> argL0 ; # java/util/stream/Collectors$$Lambda+0x00000000820d25d0
instanceKlass  @bci java/util/stream/Collectors joining (Ljava/lang/CharSequence;Ljava/lang/CharSequence;Ljava/lang/CharSequence;)Ljava/util/stream/Collector; 7 <appendix> member <vmtarget> ; # java/util/stream/Collectors$$Lambda+0x80000004c
instanceKlass  @bci org/junit/platform/commons/util/Preconditions containsNoNullElements ([Ljava/lang/Object;Ljava/lang/String;)[Ljava/lang/Object; 53 <appendix> member <vmtarget> ; # org/junit/platform/commons/util/Preconditions$$Lambda+0x0000000082101e40
instanceKlass org/junit/platform/engine/discovery/IncludePackageNameFilter
instanceKlass org/junit/platform/engine/discovery/PackageNameFilter
instanceKlass org/junit/platform/engine/DiscoveryFilter
instanceKlass  @bci org/junit/platform/commons/util/Preconditions containsNoNullElements (Ljava/util/Collection;Ljava/lang/String;)Ljava/util/Collection; 50 <appendix> member <vmtarget> ; # org/junit/platform/commons/util/Preconditions$$Lambda+0x0000000082101370
instanceKlass org/junit/platform/engine/discovery/MethodSelector
instanceKlass sun/nio/fs/WindowsUriSupport
instanceKlass  @bci java/util/stream/ReferencePipeline toArray ()[Ljava/lang/Object; 1 <appendix> argL0 ; # java/util/stream/ReferencePipeline$$Lambda+0x00000000820d1d48
instanceKlass  @bci org/junit/platform/engine/discovery/DiscoverySelectors selectClasspathRoots (Ljava/util/Set;)Ljava/util/List; 71 <appendix> argL0 ; # org/junit/platform/engine/discovery/DiscoverySelectors$$Lambda+0x0000000082100ef8
instanceKlass org/junit/platform/engine/discovery/ClasspathRootSelector
instanceKlass  @bci org/junit/platform/engine/discovery/DiscoverySelectors selectClasspathRoots (Ljava/util/Set;)Ljava/util/List; 53 <appendix> argL0 ; # org/junit/platform/engine/discovery/DiscoverySelectors$$Lambda+0x0000000082100a80
instanceKlass  @bci org/junit/platform/engine/discovery/DiscoverySelectors selectClasspathRoots (Ljava/util/Set;)Ljava/util/List; 35 <appendix> argL0 ; # org/junit/platform/engine/discovery/DiscoverySelectors$$Lambda+0x0000000082100828
instanceKlass org/junit/platform/engine/discovery/DiscoverySelectors
instanceKlass org/junit/platform/engine/OutputDirectoryCreator
instanceKlass org/junit/platform/launcher/LauncherDiscoveryRequest
instanceKlass org/junit/platform/engine/EngineDiscoveryRequest
instanceKlass org/junit/platform/launcher/core/LauncherDiscoveryRequestBuilder
instanceKlass  @bci java/util/regex/CharPredicates ASCII_DIGIT ()Ljava/util/regex/Pattern$BmpCharPredicate; 0 <appendix> argL0 ; # java/util/regex/CharPredicates$$Lambda+0x00000000820d1228
instanceKlass org/junit/platform/launcher/PostDiscoveryFilter
instanceKlass org/junit/platform/engine/Filter
instanceKlass org/junit/platform/engine/DiscoverySelector
instanceKlass com/intellij/junit6/JUnit6TestRunnerUtil
instanceKlass sun/net/www/protocol/jar/JarFileFactory
instanceKlass sun/net/www/protocol/jar/URLJarFile$URLJarFileCloseController
instanceKlass com/intellij/rt/execution/junit/TestsRepeater
instanceKlass com/intellij/rt/junit/IdeaTestRunner$Repeater$1
instanceKlass  @bci org/junit/platform/launcher/core/ListenerRegistry forTestExecutionListeners ()Lorg/junit/platform/launcher/core/ListenerRegistry; 13 <appendix> argL0 ; # org/junit/platform/launcher/core/ListenerRegistry$$Lambda+0x00000000820cfcd0
instanceKlass org/junit/platform/launcher/core/CompositeTestExecutionListener
instanceKlass  @bci org/junit/platform/launcher/core/ListenerRegistry forLauncherDiscoveryListeners ()Lorg/junit/platform/launcher/core/ListenerRegistry; 13 <appendix> argL0 ; # org/junit/platform/launcher/core/ListenerRegistry$$Lambda+0x00000000820cf7e0
instanceKlass org/junit/platform/launcher/LauncherDiscoveryListener
instanceKlass org/junit/platform/engine/EngineDiscoveryListener
instanceKlass org/junit/platform/launcher/listeners/discovery/LauncherDiscoveryListeners
instanceKlass org/junit/platform/launcher/core/ListenerRegistry
instanceKlass org/junit/platform/launcher/core/LauncherListenerRegistry
instanceKlass  @bci org/junit/platform/launcher/core/LauncherFactory create (Lorg/junit/platform/launcher/core/LauncherConfig;)Lorg/junit/platform/launcher/Launcher; 62 <appendix> member <vmtarget> ; # org/junit/platform/launcher/core/LauncherFactory$$Lambda+0x00000000820ceb40
instanceKlass  @bci org/junit/platform/launcher/core/LauncherFactory create (Lorg/junit/platform/launcher/core/LauncherConfig;)Lorg/junit/platform/launcher/Launcher; 56 <appendix> member <vmtarget> ; # org/junit/platform/launcher/core/LauncherFactory$$Lambda+0x00000000820ce910
instanceKlass org/junit/platform/launcher/LauncherSessionListener
instanceKlass  @bci org/junit/platform/launcher/core/LauncherFactory create (Lorg/junit/platform/launcher/core/LauncherConfig;)Lorg/junit/platform/launcher/Launcher; 50 <appendix> member <vmtarget> ; # org/junit/platform/launcher/core/LauncherFactory$$Lambda+0x00000000820ce4b8
instanceKlass org/junit/platform/engine/support/store/NamespacedHierarchicalStore
instanceKlass org/junit/platform/launcher/core/SessionPerRequestLauncher
instanceKlass org/junit/platform/launcher/core/LauncherConfigurationParameters$ParameterProvider$3
instanceKlass org/junit/platform/commons/util/ClassLoaderUtils
instanceKlass org/junit/platform/launcher/core/LauncherConfigurationParameters$ParameterProvider$2
instanceKlass org/junit/platform/launcher/core/LauncherConfigurationParameters$ParameterProvider
instanceKlass org/junit/platform/commons/util/CollectionUtils
instanceKlass  @bci org/junit/platform/launcher/core/LauncherConfigurationParameters$Builder build ()Lorg/junit/platform/launcher/core/LauncherConfigurationParameters; 99 <appendix> member <vmtarget> ; # org/junit/platform/launcher/core/LauncherConfigurationParameters$Builder$$Lambda+0x00000000820cb098
instanceKlass org/junit/platform/launcher/core/LauncherConfigurationParameters$Builder
instanceKlass java/util/logging/Logger$SystemLoggerHelper
instanceKlass java/util/concurrent/ExecutorService
instanceKlass java/util/concurrent/Executor
instanceKlass java/util/concurrent/BlockingQueue
instanceKlass jdk/internal/logger/BootstrapLogger$BootstrapExecutors
instanceKlass jdk/internal/logger/BootstrapLogger$RedirectedLoggers
instanceKlass java/lang/CompoundEnumeration
instanceKlass java/util/Collections$EmptyEnumeration
instanceKlass java/util/Spliterators$1Adapter
instanceKlass java/util/Spliterators$ArraySpliterator
instanceKlass jdk/internal/logger/BootstrapLogger$DetectBackend
instanceKlass jdk/internal/logger/BootstrapLogger
instanceKlass sun/util/logging/PlatformLogger$ConfigurableBridge
instanceKlass sun/util/logging/PlatformLogger$Bridge
instanceKlass  @bci java/util/stream/MatchOps makeRef (Ljava/util/function/Predicate;Ljava/util/stream/MatchOps$MatchKind;)Ljava/util/stream/TerminalOp; 20 <appendix> member <vmtarget> ; # java/util/stream/MatchOps$$Lambda+0x00000000820fc548
instanceKlass java/util/stream/MatchOps$MatchOp
instanceKlass java/util/stream/MatchOps$BooleanTerminalSink
instanceKlass java/util/stream/MatchOps
instanceKlass java/util/stream/Streams
instanceKlass java/util/stream/Stream$Builder
instanceKlass java/util/stream/Streams$AbstractStreamBuilderImpl
instanceKlass java/util/stream/ReferencePipeline$7$1FlatMap
instanceKlass  @bci java/util/logging/Level$KnownLevel findByName (Ljava/lang/String;Ljava/util/function/Function;)Ljava/util/Optional; 29 <appendix> argL0 ; # java/util/logging/Level$KnownLevel$$Lambda+0x00000000820f99b0
instanceKlass java/util/ArrayList$ArrayListSpliterator
instanceKlass  @bci java/util/logging/Level findLevel (Ljava/lang/String;)Ljava/util/logging/Level; 13 <appendix> argL0 ; # java/util/logging/Level$$Lambda+0x00000000820f94e8
instanceKlass java/util/Hashtable$Enumerator
instanceKlass java/util/Collections$3
instanceKlass java/util/logging/LogManager$VisitedLoggers
instanceKlass  @bci org/springframework/web/method/annotation/SessionAttributesHandler <clinit> ()V 19 <appendix> form vmentry <vmtarget> ; # java/lang/invoke/LambdaForm$MH+0x00000000820ccc00
instanceKlass java/lang/invoke/StringConcatFactory
instanceKlass java/nio/file/Paths
instanceKlass java/lang/System$Logger
instanceKlass java/lang/System$LoggerFinder
instanceKlass java/util/logging/LogManager$LoggingProviderAccess
instanceKlass sun/util/logging/internal/LoggingProviderImpl$LogManagerAccess
instanceKlass java/util/Collections$SynchronizedMap
instanceKlass java/util/logging/LogManager$LogNode
instanceKlass java/util/logging/LoggingMXBean
instanceKlass java/util/logging/LogManager$LoggerContext
instanceKlass java/util/logging/LogManager
instanceKlass java/util/logging/Logger$ConfigurationData
instanceKlass java/util/logging/Logger$LoggerBundle
instanceKlass  @bci java/util/logging/Level$KnownLevel add (Ljava/util/logging/Level;)V 49 <appendix> argL0 ; # java/util/logging/Level$KnownLevel$$Lambda+0x00000000820f52b8
instanceKlass  @bci java/util/logging/Level$KnownLevel add (Ljava/util/logging/Level;)V 19 <appendix> argL0 ; # java/util/logging/Level$KnownLevel$$Lambda+0x00000000820f5070
instanceKlass java/util/logging/Level
instanceKlass java/util/logging/Handler
instanceKlass java/util/logging/Logger
instanceKlass org/junit/platform/commons/logging/LoggerFactory$DelegatingLogger
instanceKlass org/junit/platform/commons/logging/Logger
instanceKlass org/junit/platform/commons/logging/LoggerFactory
instanceKlass org/junit/platform/launcher/core/LauncherConfigurationParameters
instanceKlass org/junit/platform/launcher/core/DefaultLauncherConfig
instanceKlass org/junit/platform/launcher/core/LauncherConfig$Builder
instanceKlass org/junit/platform/launcher/core/LauncherConfig
instanceKlass org/junit/platform/launcher/LauncherSession
instanceKlass org/junit/platform/engine/ConfigurationParameters
instanceKlass org/junit/platform/launcher/Launcher
instanceKlass org/junit/platform/launcher/core/LauncherFactory
instanceKlass com/intellij/junit6/JUnit6TestExecutionListener
instanceKlass org/junit/platform/launcher/TestExecutionListener
instanceKlass com/intellij/rt/execution/junit/TestsRepeater$TestRun
instanceKlass com/intellij/rt/junit/IdeaTestRunner$Repeater
# instanceKlass java/lang/invoke/LambdaForm$MH+0x00000000820cc800
instanceKlass jdk/internal/classfile/impl/StackMapDecoder$1
instanceKlass jdk/internal/classfile/impl/StackMapDecoder
instanceKlass jdk/internal/classfile/impl/StackCounter
instanceKlass  @bci java/lang/reflect/ProxyGenerator lambda$generateLookupAccessor$0 (Ljava/lang/classfile/MethodBuilder;)V 30 <appendix> member <vmtarget> ; # java/lang/reflect/ProxyGenerator$$Lambda+0x00000000820f2a18
instanceKlass  @bci java/lang/reflect/ProxyGenerator generateLookupAccessor (Ljava/lang/classfile/ClassBuilder;)V 10 <appendix> member <vmtarget> ; # java/lang/reflect/ProxyGenerator$$Lambda+0x00000000820f27d8
instanceKlass java/lang/classfile/constantpool/StringEntry
instanceKlass java/lang/classfile/constantpool/ConstantValueEntry
instanceKlass  @bci java/lang/reflect/ProxyGenerator generateStaticInitializer (Ljava/lang/classfile/ClassBuilder;)V 10 <appendix> member <vmtarget> ; # java/lang/reflect/ProxyGenerator$$Lambda+0x00000000820f1e30
instanceKlass jdk/internal/classfile/impl/BytecodeHelpers$1
instanceKlass java/lang/classfile/attribute/StackMapTableAttribute
instanceKlass java/lang/classfile/attribute/StackMapFrameInfo
instanceKlass java/lang/classfile/instruction/ExceptionCatch
instanceKlass  @bci java/lang/reflect/ProxyGenerator$ProxyMethod lambda$generateMethod$0 (Ljava/lang/classfile/MethodBuilder;)V 30 <appendix> member <vmtarget> ; # java/lang/reflect/ProxyGenerator$ProxyMethod$$Lambda+0x00000000820f0338
instanceKlass  @bci java/lang/reflect/ProxyGenerator$ProxyMethod generateMethod (Ljava/lang/classfile/ClassBuilder;)V 42 <appendix> member <vmtarget> ; # java/lang/reflect/ProxyGenerator$ProxyMethod$$Lambda+0x00000000820f00f8
instanceKlass  @bci java/lang/reflect/ProxyGenerator generateConstructor (Ljava/lang/classfile/ClassBuilder;)V 8 <appendix> member <vmtarget> ; # java/lang/reflect/ProxyGenerator$$Lambda+0x00000000820efeb8
instanceKlass  @bci java/lang/reflect/ProxyGenerator generateClassFile ()[B 197 <appendix> member <vmtarget> ; # java/lang/reflect/ProxyGenerator$$Lambda+0x00000000820efc78
instanceKlass  @cpi org/springframework/test/web/servlet/result/JsonPathResultMatchers 132 form vmentry <vmtarget> ; # java/lang/invoke/LambdaForm$DMH+0x00000000820cc400
instanceKlass  @bci java/lang/reflect/ProxyGenerator proxyMethodsFor (Ljava/lang/String;)Ljava/util/List; 5 <appendix> argL0 ; # java/lang/reflect/ProxyGenerator$$Lambda+0x00000000820efa30
instanceKlass java/lang/reflect/ProxyGenerator$ProxyMethod
instanceKlass java/lang/classfile/attribute/StackMapFrameInfo$ObjectVerificationTypeInfo
instanceKlass java/lang/classfile/attribute/StackMapFrameInfo$VerificationTypeInfo
instanceKlass java/util/StringJoiner
instanceKlass java/lang/classfile/ClassFile$Option
instanceKlass java/lang/reflect/ProxyGenerator
instanceKlass  @bci java/lang/WeakPairMap computeIfAbsent (Ljava/lang/Object;Ljava/lang/Object;Ljava/util/function/BiFunction;)Ljava/lang/Object; 18 <appendix> member <vmtarget> ; # java/lang/WeakPairMap$$Lambda+0x00000000820ee0b8
instanceKlass  @bci java/lang/Module implAddExportsOrOpens (Ljava/lang/String;Ljava/lang/Module;ZZZ)V 150 <appendix> argL0 ; # java/lang/Module$$Lambda+0x00000000820ede80
instanceKlass  @bci java/lang/module/ModuleDescriptor$Builder packages (Ljava/util/Set;)Ljava/lang/module/ModuleDescriptor$Builder; 17 <appendix> argL0 ; # java/lang/module/ModuleDescriptor$Builder$$Lambda+0x00000000820edc48
instanceKlass jdk/internal/module/Checks
instanceKlass java/lang/module/ModuleDescriptor$Builder
instanceKlass  @bci java/lang/reflect/Proxy$ProxyBuilder getDynamicModule (Ljava/lang/ClassLoader;)Ljava/lang/Module; 4 <appendix> argL0 ; # java/lang/reflect/Proxy$ProxyBuilder$$Lambda+0x00000000820ed5e8
instanceKlass java/util/Collections$1
instanceKlass java/lang/reflect/Proxy$ProxyBuilder
instanceKlass  @bci java/lang/reflect/Proxy getProxyConstructor (Ljava/lang/ClassLoader;[Ljava/lang/Class;)Ljava/lang/reflect/Constructor; 18 <appendix> argL0 ; # java/lang/reflect/Proxy$$Lambda+0x00000000820ec6b8
instanceKlass java/lang/ClassValue$Identity
instanceKlass java/lang/ClassValue$Entry
instanceKlass java/lang/ClassValue
instanceKlass java/lang/reflect/Proxy
instanceKlass  @bci com/intellij/junit6/JUnit6IdeaTestRunner <init> ()V 63 <appendix> argL0 ; # com/intellij/junit6/JUnit6IdeaTestRunner$$Lambda+0x00000000820c88b0
instanceKlass java/lang/reflect/InvocationHandler
instanceKlass  @bci org/junit/platform/launcher/TestIdentifier from (Lorg/junit/platform/engine/TestDescriptor;)Lorg/junit/platform/launcher/TestIdentifier; 114 <appendix> argL0 ; # org/junit/platform/launcher/TestIdentifier$$Lambda+0x00000000820c8668
instanceKlass java/lang/classfile/constantpool/InterfaceMethodRefEntry
instanceKlass  @cpi org/springframework/test/context/MergedContextConfiguration 183 form vmentry <vmtarget> ; # java/lang/invoke/LambdaForm$DMH+0x00000000820cc000
instanceKlass org/junit/platform/launcher/TestIdentifier
instanceKlass java/util/TimSort
instanceKlass java/util/Arrays$LegacyMergeSort
instanceKlass java/util/AbstractMap$SimpleEntry
instanceKlass jdk/internal/jimage/ImageBufferCache$2
instanceKlass jdk/internal/jimage/ImageBufferCache
instanceKlass sun/net/www/MessageHeader
instanceKlass java/net/FileNameMap
instanceKlass java/security/Permission
instanceKlass java/security/Guard
instanceKlass org/junit/platform/engine/UniqueId$Segment
instanceKlass  @bci org/junit/platform/engine/UniqueIdFormat <init> (CCCC)V 310 <appendix> argL0 ; # org/junit/platform/engine/UniqueIdFormat$$Lambda+0x00000000820c7aa0
instanceKlass  @bci org/junit/platform/engine/UniqueIdFormat <init> (CCCC)V 283 <appendix> argL0 ; # org/junit/platform/engine/UniqueIdFormat$$Lambda+0x00000000820c7858
instanceKlass  @bci org/junit/platform/engine/UniqueIdFormat <init> (CCCC)V 257 <appendix> argL0 ; # org/junit/platform/engine/UniqueIdFormat$$Lambda+0x00000000820c7610
instanceKlass  @bci org/junit/platform/engine/UniqueIdFormat <init> (CCCC)V 231 <appendix> argL0 ; # org/junit/platform/engine/UniqueIdFormat$$Lambda+0x00000000820c73c8
instanceKlass  @bci org/junit/platform/engine/UniqueIdFormat <init> (CCCC)V 205 <appendix> argL0 ; # org/junit/platform/engine/UniqueIdFormat$$Lambda+0x00000000820c7180
instanceKlass jdk/internal/util/ImmutableBitSetPredicate
instanceKlass java/util/function/IntPredicate
instanceKlass java/net/URLEncoder
instanceKlass  @bci org/junit/platform/engine/UniqueIdFormat <init> (CCCC)V 178 <appendix> argL0 ; # org/junit/platform/engine/UniqueIdFormat$$Lambda+0x00000000820c6f38
instanceKlass java/lang/invoke/TypeConvertingMethodAdapter$BoxHolder
instanceKlass java/lang/invoke/TypeConvertingMethodAdapter$1
instanceKlass  @cpi org/junit/platform/engine/UniqueIdFormat 120 form vmentry <vmtarget> ; # java/lang/invoke/LambdaForm$DMH+0x00000000820c5c00
instanceKlass  @bci java/util/regex/Pattern ALL ()Ljava/util/regex/Pattern$CharPredicate; 0 <appendix> argL0 ; # java/util/regex/Pattern$$Lambda+0x00000000820e7c50
instanceKlass java/util/Formatter$Flags
instanceKlass java/util/Formattable
instanceKlass java/util/Formatter$FormatSpecifier
instanceKlass java/util/Formatter$FormatString
instanceKlass java/util/Formatter$Conversion
instanceKlass java/util/Formatter
instanceKlass org/junit/platform/engine/UniqueIdFormat
instanceKlass  @bci java/util/regex/CharPredicates ASCII_SPACE ()Ljava/util/regex/Pattern$BmpCharPredicate; 0 <appendix> argL0 ; # java/util/regex/CharPredicates$$Lambda+0x00000000820e4620
instanceKlass  @bci java/util/regex/CharPredicates CONTROL ()Ljava/util/regex/Pattern$CharPredicate; 0 <appendix> argL0 ; # java/util/regex/CharPredicates$$Lambda+0x00000000820e43b8
instanceKlass java/util/regex/CharPredicates
instanceKlass org/junit/platform/commons/util/StringUtils$TwoPartSplitResult
instanceKlass org/junit/platform/commons/util/StringUtils
instanceKlass org/junit/platform/commons/util/Preconditions
instanceKlass org/junit/platform/engine/UniqueId
instanceKlass org/junit/platform/engine/support/descriptor/AbstractTestDescriptor
instanceKlass com/intellij/rt/coverage/instrumentation/data/Switch
instanceKlass com/intellij/rt/coverage/instrumentation/data/SwitchLabels
instanceKlass java/lang/invoke/DirectMethodHandle$1
# instanceKlass java/lang/invoke/LambdaForm$MH+0x00000000820c5800
instanceKlass  @bci java/lang/invoke/BootstrapMethodInvoker invoke (Ljava/lang/Class;Ljava/lang/invoke/MethodHandle;Ljava/lang/String;Ljava/lang/Object;Ljava/lang/Object;Ljava/lang/Class;)Ljava/lang/Object; 193 <adapter> ; # java/lang/invoke/LambdaForm$MH+0x00000000820c5400
instanceKlass java/lang/invoke/ConstantBootstraps
instanceKlass com/intellij/rt/coverage/util/CondyUtils
instanceKlass org/junit/platform/engine/TestDescriptor
instanceKlass org/jetbrains/coverage/org/objectweb/asm/tree/ParameterNode
instanceKlass org/jetbrains/coverage/org/objectweb/asm/TypePath
instanceKlass org/jetbrains/coverage/org/objectweb/asm/TypeReference
instanceKlass  @bci java/util/zip/ZipFile$Source initCEN (ILjava/util/zip/ZipCoder;)V 507 <appendix> argL0 ; # java/util/zip/ZipFile$Source$$Lambda+0x00000000820e27f8
instanceKlass com/intellij/junit6/JUnit6IdeaTestRunner
instanceKlass com/intellij/rt/junit/IdeaTestRunner
instanceKlass com/intellij/rt/coverage/instrumentation/util/LinesUtil
instanceKlass org/jetbrains/coverage/org/objectweb/asm/tree/TryCatchBlockNode
instanceKlass com/intellij/rt/coverage/data/JumpsAndSwitches
instanceKlass com/intellij/rt/coverage/instrumentation/data/Jump
instanceKlass org/jetbrains/coverage/org/objectweb/asm/Frame
instanceKlass org/jetbrains/coverage/org/objectweb/asm/Edge
instanceKlass org/jetbrains/coverage/org/objectweb/asm/Handler
instanceKlass org/jetbrains/coverage/org/objectweb/asm/tree/LocalVariableNode
instanceKlass org/jetbrains/coverage/gnu/trove/HashFunctions
instanceKlass com/intellij/rt/coverage/data/JumpData
instanceKlass com/intellij/rt/coverage/instrumentation/filters/branches/KotlinWhenMappingExceptionFilter$PositionData
instanceKlass org/jetbrains/coverage/gnu/trove/TIntIntProcedure
instanceKlass com/intellij/rt/coverage/instrumentation/filters/compose/ComposeUtils
instanceKlass org/jetbrains/coverage/org/objectweb/asm/tree/InsnList
instanceKlass org/jetbrains/coverage/org/objectweb/asm/tree/Util
instanceKlass org/jetbrains/coverage/org/objectweb/asm/tree/AbstractInsnNode
instanceKlass org/jetbrains/coverage/org/objectweb/asm/Type
instanceKlass com/intellij/rt/coverage/instrumentation/filters/methods/DeserializeLambdaFilter
instanceKlass com/intellij/rt/coverage/instrumentation/filters/methods/EnumMethodsFilter
instanceKlass com/intellij/rt/coverage/instrumentation/filters/methods/KotlinLocalFunctionInsideIgnoredMethodFilter
instanceKlass com/intellij/rt/coverage/instrumentation/filters/methods/KotlinSyntheticAccessMethodFilter
instanceKlass com/intellij/rt/coverage/instrumentation/filters/methods/KotlinSyntheticConstructorOfSealedClassFilter
instanceKlass com/intellij/rt/coverage/instrumentation/filters/methods/MethodFilter
instanceKlass org/jetbrains/coverage/org/objectweb/asm/Opcodes
instanceKlass com/intellij/rt/coverage/data/instructions/ClassInstructions
instanceKlass com/intellij/rt/coverage/instrumentation/InstrumentationUtils$MethodDescriptor
instanceKlass org/jetbrains/coverage/org/objectweb/asm/Context
instanceKlass com/intellij/rt/coverage/util/StringHash
instanceKlass com/intellij/rt/coverage/instrumentation/data/Key
instanceKlass  @bci java/util/DualPivotQuicksort sort (Ljava/util/DualPivotQuicksort$Sorter;[IIII)V 63 <appendix> argL0 ; # java/util/DualPivotQuicksort$$Lambda+0x00000000820af228
instanceKlass  @bci java/util/DualPivotQuicksort sort (Ljava/util/DualPivotQuicksort$Sorter;[IIII)V 37 <appendix> argL0 ; # java/util/DualPivotQuicksort$$Lambda+0x00000000820af000
instanceKlass  @cpi java/util/DualPivotQuicksort 401 form vmentry <vmtarget> ; # java/lang/invoke/LambdaForm$DMH+0x00000000820c5000
instanceKlass java/util/DualPivotQuicksort$SortOperation
instanceKlass  @bci java/util/DualPivotQuicksort sort (Ljava/util/DualPivotQuicksort$Sorter;[IIII)V 506 <appendix> argL0 ; # java/util/DualPivotQuicksort$$Lambda+0x00000000820aebd0
instanceKlass  @cpi java/util/DualPivotQuicksort 409 form vmentry <vmtarget> ; # java/lang/invoke/LambdaForm$DMH+0x00000000820c4c00
instanceKlass java/util/DualPivotQuicksort$PartitionOperation
instanceKlass java/util/DualPivotQuicksort
instanceKlass org/jetbrains/coverage/gnu/trove/PrimeFinder
instanceKlass org/jetbrains/coverage/gnu/trove/TIntObjectProcedure
instanceKlass org/jetbrains/coverage/gnu/trove/THash
instanceKlass org/jetbrains/coverage/gnu/trove/TIntHashingStrategy
instanceKlass com/intellij/rt/coverage/data/SwitchData
instanceKlass com/intellij/rt/coverage/data/LineData
instanceKlass com/intellij/rt/coverage/instrumentation/data/InstrumentationData
instanceKlass com/intellij/rt/coverage/instrumentation/filters/classes/KotlinSerializerFilter
instanceKlass com/intellij/rt/coverage/instrumentation/filters/classes/KotlinFunctionOrPropertyReferenceFilter
instanceKlass com/intellij/rt/coverage/instrumentation/filters/KotlinUtils
instanceKlass com/intellij/rt/coverage/instrumentation/filters/classes/ClassIgnoredByAnnotationFilter
instanceKlass com/intellij/rt/coverage/instrumentation/filters/FilterUtils
instanceKlass com/intellij/rt/coverage/instrumentation/filters/classes/ClassSignatureFilter
instanceKlass com/intellij/rt/coverage/instrumentation/InstrumentationStrategy
instanceKlass org/jetbrains/coverage/org/objectweb/asm/ConstantDynamic
instanceKlass org/jetbrains/coverage/org/objectweb/asm/Handle
instanceKlass com/intellij/rt/coverage/instrumentation/dataAccess/CoverageDataAccess$Init
instanceKlass com/intellij/rt/coverage/instrumentation/InstrumentationUtils
instanceKlass org/jetbrains/coverage/org/objectweb/asm/ByteVector
instanceKlass org/jetbrains/coverage/org/objectweb/asm/Symbol
instanceKlass org/jetbrains/coverage/org/objectweb/asm/SymbolTable
instanceKlass org/jetbrains/coverage/org/objectweb/asm/ModuleVisitor
instanceKlass org/jetbrains/coverage/org/objectweb/asm/AnnotationVisitor
instanceKlass org/jetbrains/coverage/org/objectweb/asm/RecordComponentVisitor
instanceKlass org/jetbrains/coverage/org/objectweb/asm/FieldVisitor
instanceKlass org/jetbrains/coverage/org/objectweb/asm/MethodVisitor
instanceKlass org/jetbrains/coverage/org/objectweb/asm/Label
instanceKlass org/jetbrains/coverage/org/objectweb/asm/Attribute
instanceKlass org/jetbrains/coverage/org/objectweb/asm/ClassReader
instanceKlass sun/nio/ch/ExtendedSocketOption$1
instanceKlass sun/nio/ch/ExtendedSocketOption
instanceKlass sun/nio/ch/OptionKey
instanceKlass sun/nio/ch/SocketOptionRegistry$LazyInitialization
instanceKlass sun/nio/ch/SocketOptionRegistry$RegistryKey
instanceKlass sun/nio/ch/SocketOptionRegistry
instanceKlass java/net/NetworkInterface
instanceKlass java/net/StandardSocketOptions$StdSocketOption
instanceKlass java/net/StandardSocketOptions
instanceKlass sun/net/spi/DefaultProxySelector$NonProxyInfo
instanceKlass sun/net/NetProperties
instanceKlass java/net/ProxySelector
# instanceKlass sun/nio/ch/NioSocketImpl$$Lambda+0x00000000820a4320
instanceKlass  @bci sun/nio/ch/NioSocketImpl closerFor (Ljava/io/FileDescriptor;)Ljava/lang/Runnable; 1 <appendix> member <vmtarget> ; # sun/nio/ch/NioSocketImpl$$Lambda+0x00000000820a40f0
instanceKlass  @cpi org/springframework/test/context/support/DynamicPropertiesContextCustomizer 43 form vmentry <vmtarget> ; # java/lang/invoke/LambdaForm$DMH+0x00000000820c4400
instanceKlass  @cpi org/apache/logging/log4j/util/PropertiesUtil 552 form vmentry <vmtarget> ; # java/lang/invoke/LambdaForm$DMH+0x00000000820c4000
instanceKlass jdk/net/ExtendedSocketOptions$2
instanceKlass jdk/net/ExtendedSocketOptions$PlatformSocketOptions
instanceKlass jdk/net/ExtendedSocketOptions$ExtSocketOption
instanceKlass java/net/SocketOption
instanceKlass jdk/net/ExtendedSocketOptions
instanceKlass sun/net/ext/ExtendedSocketOptions
instanceKlass java/net/Inet6Address$Inet6AddressHolder
instanceKlass sun/nio/ch/Net$2
instanceKlass sun/nio/ch/Net$1
instanceKlass sun/nio/ch/Net
instanceKlass java/net/ProtocolFamily
instanceKlass sun/net/PlatformSocketImpl
instanceKlass java/net/InetSocketAddress$InetSocketAddressHolder
instanceKlass java/net/InetAddress$PlatformResolver
instanceKlass java/net/spi/InetAddressResolver$LookupPolicy
instanceKlass java/net/Inet4AddressImpl
instanceKlass java/net/Inet6AddressImpl
instanceKlass java/util/concurrent/ConcurrentSkipListMap$Node
instanceKlass java/util/concurrent/ConcurrentSkipListMap$Index
instanceKlass java/util/concurrent/ConcurrentNavigableMap
instanceKlass java/util/NavigableMap
instanceKlass java/util/SortedMap
instanceKlass java/net/InetAddress$InetAddressHolder
instanceKlass java/security/Security$2
instanceKlass sun/nio/ch/IOStatus
instanceKlass sun/nio/ch/Util$BufferCache
instanceKlass sun/nio/ch/Util
instanceKlass jdk/internal/misc/Blocker
instanceKlass sun/nio/ch/NativeThread
instanceKlass sun/nio/ch/SelChImpl
instanceKlass java/nio/channels/NetworkChannel
instanceKlass sun/nio/ch/Streams
instanceKlass java/nio/channels/Channels
instanceKlass sun/nio/ch/FileChannelImpl$Closer
instanceKlass sun/nio/ch/NativeThreadSet
instanceKlass java/nio/channels/spi/AbstractInterruptibleChannel$1
instanceKlass sun/nio/ch/IOUtil
instanceKlass sun/nio/ch/FileChannelImpl$Unmapper
instanceKlass java/nio/channels/FileLock
instanceKlass sun/nio/ch/NativeDispatcher
instanceKlass sun/nio/ch/Interruptible
instanceKlass java/nio/channels/ScatteringByteChannel
instanceKlass java/nio/channels/GatheringByteChannel
instanceKlass java/nio/channels/spi/AbstractInterruptibleChannel
instanceKlass java/nio/channels/InterruptibleChannel
instanceKlass java/util/Collections$EmptyIterator
instanceKlass sun/nio/fs/WindowsChannelFactory$Flags
instanceKlass sun/nio/fs/WindowsChannelFactory$1
instanceKlass sun/nio/fs/WindowsChannelFactory
instanceKlass sun/nio/fs/WindowsSecurityDescriptor
instanceKlass java/nio/file/attribute/FileAttribute
instanceKlass java/nio/file/FileSystems$DefaultFileSystemHolder
instanceKlass java/nio/file/FileSystems
instanceKlass java/security/Security$SecPropLoader
instanceKlass jdk/internal/access/JavaSecurityPropertiesAccess
instanceKlass java/security/Security
instanceKlass com/intellij/rt/execution/junit/RepeatCount
instanceKlass sun/security/util/SecurityProperties
instanceKlass jdk/internal/util/Exceptions$SensitiveInfo
instanceKlass jdk/internal/util/Exceptions
instanceKlass java/net/InetAddress$1
instanceKlass jdk/internal/misc/MethodFinder
instanceKlass com/intellij/rt/junit/JUnitStarter
instanceKlass java/net/spi/InetAddressResolver
instanceKlass java/net/spi/InetAddressResolverProvider$Configuration
instanceKlass java/net/InetAddress$Addresses
instanceKlass java/net/InetAddressImpl
instanceKlass java/util/NavigableSet
instanceKlass java/util/SortedSet
instanceKlass jdk/internal/access/JavaNetInetAddressAccess
instanceKlass java/net/InetAddress
instanceKlass jdk/internal/invoke/MhUtil
instanceKlass sun/nio/cs/SingleByte
instanceKlass sun/nio/cs/MS1252$Holder
instanceKlass sun/nio/cs/ArrayDecoder
instanceKlass java/net/SocksConsts
instanceKlass java/net/SocketImpl
instanceKlass java/net/SocketOptions
instanceKlass java/net/Proxy
instanceKlass sun/launcher/LauncherHelper
instanceKlass java/net/SocketAddress
instanceKlass java/net/Socket
instanceKlass com/intellij/rt/execution/application/AppMainV2
instanceKlass com/intellij/rt/execution/application/AppMainV2$Agent
instanceKlass java/lang/Package$VersionInfo
instanceKlass java/util/zip/ZipFile$InflaterCleanupAction
instanceKlass java/util/zip/Inflater$InflaterZStreamRef
instanceKlass java/util/zip/Inflater
instanceKlass com/intellij/rt/coverage/util/ClassNameUtil
# instanceKlass java/lang/invoke/LambdaForm$MH+0x00000000820c2000
# instanceKlass java/lang/invoke/LambdaForm$MH+0x00000000820c1c00
# instanceKlass java/lang/invoke/LambdaForm$MH+0x00000000820c1800
# instanceKlass java/lang/invoke/LambdaForm$MH+0x00000000820c1400
# instanceKlass java/lang/invoke/LambdaForm$BMH+0x00000000820c1000
# instanceKlass java/lang/invoke/LambdaForm$DMH+0x00000000820c0c00
# instanceKlass java/lang/invoke/LambdaForm$MH+0x00000000820c0800
# instanceKlass java/lang/invoke/LambdaForm$DMH+0x00000000820c0400
instanceKlass java/lang/invoke/ClassSpecializer$Factory$1$5$1
instanceKlass java/lang/classfile/attribute/ExceptionsAttribute
instanceKlass java/lang/invoke/ClassSpecializer$Factory$1$5
instanceKlass java/lang/invoke/ClassSpecializer$Factory$1$4
instanceKlass java/lang/invoke/ClassSpecializer$Factory$1$3
instanceKlass java/lang/invoke/ClassSpecializer$Factory$1$2
instanceKlass java/lang/invoke/ClassSpecializer$Factory$1$1Var
instanceKlass java/lang/invoke/ClassSpecializer$Factory$1$1
instanceKlass java/lang/invoke/ClassSpecializer$Factory$1
instanceKlass java/lang/invoke/MethodHandles$1
instanceKlass sun/invoke/util/ValueConversions$1
instanceKlass sun/invoke/util/ValueConversions$WrapperCache
# instanceKlass java/lang/invoke/LambdaForm$DMH+0x00000000820c0000
instanceKlass java/lang/instrument/ClassDefinition
instanceKlass com/intellij/rt/coverage/instrumentation/Instrumentator$1
instanceKlass java/lang/Shutdown$Lock
instanceKlass java/lang/Shutdown
instanceKlass java/lang/ApplicationShutdownHooks$1
instanceKlass java/lang/ApplicationShutdownHooks
instanceKlass java/lang/Thread$ThreadNumbering
instanceKlass com/intellij/rt/coverage/instrumentation/AbstractIntellijClassfileTransformer$1
instanceKlass com/intellij/rt/coverage/instrumentation/dataAccess/CoverageDataAccess
instanceKlass com/intellij/rt/coverage/instrumentation/AbstractIntellijClassfileTransformer$InclusionPattern
instanceKlass org/jetbrains/coverage/org/objectweb/asm/ClassVisitor
instanceKlass com/intellij/rt/coverage/instrumentation/data/FilteredMethodStorage
instanceKlass com/intellij/rt/coverage/util/StringsPool
instanceKlass com/intellij/rt/coverage/util/classFinder/ClassFilter$PatternFilter
instanceKlass com/intellij/rt/coverage/util/classFinder/ClassFilter
instanceKlass com/intellij/rt/coverage/util/classFinder/ClassFinder
instanceKlass com/intellij/rt/coverage/data/ClassData
instanceKlass org/jetbrains/coverage/gnu/trove/TIntProcedure
instanceKlass com/intellij/rt/coverage/instrumentation/data/ProjectContext
instanceKlass com/intellij/rt/coverage/util/MethodCaller
instanceKlass com/intellij/rt/coverage/instrumentation/CoverageRuntime
instanceKlass com/intellij/rt/coverage/data/ProjectData
instanceKlass com/intellij/rt/coverage/data/CoverageData
instanceKlass com/intellij/rt/coverage/instrumentation/InstrumentationOptions
instanceKlass com/intellij/rt/coverage/util/OptionsUtil
instanceKlass com/intellij/rt/coverage/instrumentation/InstrumentationOptions$Builder
instanceKlass  @bci java/util/regex/Pattern DOT ()Ljava/util/regex/Pattern$CharPredicate; 0 <appendix> argL0 ; # java/util/regex/Pattern$$Lambda+0x0000000082082fa8
instanceKlass java/util/Date
instanceKlass java/text/DigitList
instanceKlass java/text/FieldPosition
instanceKlass java/text/DecimalFormatSymbols
instanceKlass java/util/jar/Attributes
instanceKlass java/util/jar/JarVerifier
instanceKlass sun/security/util/Debug
instanceKlass sun/security/util/ConstraintsParameters
instanceKlass sun/security/util/SignatureFileVerifier
instanceKlass jdk/internal/perf/PerfCounter$CoreCounters
instanceKlass jdk/internal/perf/Perf
instanceKlass jdk/internal/perf/PerfCounter
instanceKlass java/nio/file/attribute/FileTime
instanceKlass java/util/zip/ZipFile$Source$End
instanceKlass java/io/RandomAccessFile$2
instanceKlass jdk/internal/access/JavaIORandomAccessFileAccess
instanceKlass java/io/RandomAccessFile
instanceKlass java/io/DataOutput
instanceKlass java/util/zip/ZipFile$Source$Key
instanceKlass java/util/zip/ZipFile$Source
instanceKlass java/util/zip/ZipFile$CleanableResource
instanceKlass java/lang/Runtime$Version
instanceKlass java/util/jar/JavaUtilJarAccessImpl
instanceKlass jdk/internal/access/JavaUtilJarAccess
instanceKlass jdk/internal/loader/FileURLMapper
instanceKlass java/util/zip/ZipFile$1
instanceKlass java/util/BitSet
instanceKlass java/util/zip/ZipCoder
instanceKlass java/util/zip/ZipEntry
instanceKlass jdk/internal/access/JavaUtilZipFileAccess
instanceKlass java/util/zip/ZipFile
instanceKlass java/util/zip/ZipConstants
instanceKlass jdk/internal/loader/Resource
instanceKlass jdk/internal/loader/URLClassPath$Loader
instanceKlass jdk/internal/loader/BuiltinClassLoader$1
instanceKlass jdk/internal/loader/URLClassPath$1
instanceKlass jdk/internal/module/Resources
instanceKlass sun/util/resources/LocaleData$LocaleDataResourceBundleProvider
instanceKlass java/util/spi/ResourceBundleProvider
instanceKlass java/text/DateFormatSymbols
instanceKlass sun/util/resources/Bundles$CacheKeyReference
instanceKlass java/util/ResourceBundle$ResourceBundleProviderHelper
instanceKlass  @bci sun/util/cldr/CLDRLocaleProviderAdapter applyAliases (Ljava/util/Locale;)Ljava/util/Locale; 4 <appendix> argL0 ; # sun/util/cldr/CLDRLocaleProviderAdapter$$Lambda+0x000000008204a440
instanceKlass sun/util/resources/Bundles$CacheKey
instanceKlass java/util/ResourceBundle$3
instanceKlass java/util/ResourceBundle$1
instanceKlass jdk/internal/access/JavaUtilResourceBundleAccess
instanceKlass sun/util/resources/Bundles
instanceKlass sun/util/resources/LocaleData$LocaleDataStrategy
instanceKlass sun/util/resources/Bundles$Strategy
instanceKlass sun/util/resources/LocaleData
instanceKlass java/util/regex/ASCII
instanceKlass sun/util/locale/provider/LocaleResources
instanceKlass java/util/stream/AbstractSpinedBuffer
instanceKlass java/util/stream/Nodes$EmptyNode
instanceKlass java/util/stream/Nodes$AbstractConcNode
instanceKlass java/util/stream/Node$Builder$OfLong
instanceKlass java/util/stream/Sink$OfLong
instanceKlass java/util/function/LongConsumer
instanceKlass java/util/stream/Node$Builder$OfInt
instanceKlass java/util/stream/Sink$OfInt
instanceKlass java/util/function/IntConsumer
instanceKlass java/util/stream/Node$Builder$OfDouble
instanceKlass java/util/stream/Sink$OfDouble
instanceKlass java/util/function/DoubleConsumer
instanceKlass java/util/stream/Node$Builder
instanceKlass java/util/stream/Node$OfDouble
instanceKlass java/util/stream/Node$OfLong
instanceKlass java/util/stream/Node$OfInt
instanceKlass java/util/stream/Node$OfPrimitive
instanceKlass java/util/stream/Node
instanceKlass java/util/stream/Nodes
instanceKlass  @bci sun/util/locale/provider/LocaleProviderAdapter toLocaleArray (Ljava/util/Set;)[Ljava/util/Locale; 21 <appendix> argL0 ; # sun/util/locale/provider/LocaleProviderAdapter$$Lambda+0x000000008205af30
instanceKlass java/util/function/IntFunction
instanceKlass java/util/stream/DistinctOps
instanceKlass  @bci sun/util/locale/provider/LocaleProviderAdapter toLocaleArray (Ljava/util/Set;)[Ljava/util/Locale; 6 <appendix> argL0 ; # sun/util/locale/provider/LocaleProviderAdapter$$Lambda+0x0000000082059c60
instanceKlass  @bci java/util/ResourceBundle$Control getCandidateLocales (Ljava/lang/String;Ljava/util/Locale;)Ljava/util/List; 23 <appendix> argL0 ; # java/util/ResourceBundle$Control$$Lambda+0x0000000082059a18
instanceKlass  @bci java/util/ResourceBundle$Control <clinit> ()V 39 <appendix> argL0 ; # java/util/ResourceBundle$Control$$Lambda+0x0000000082059350
instanceKlass java/util/ResourceBundle
instanceKlass java/util/ResourceBundle$Control
instanceKlass sun/util/locale/provider/CalendarDataUtility$CalendarWeekParameterGetter
instanceKlass sun/util/locale/provider/LocaleServiceProviderPool
instanceKlass java/util/Locale$Builder
instanceKlass sun/util/locale/provider/CalendarDataUtility
instanceKlass sun/util/calendar/CalendarSystem$GregorianHolder
instanceKlass sun/util/calendar/CalendarSystem
instanceKlass java/time/temporal/TemporalField
instanceKlass java/util/Calendar$Builder
instanceKlass java/util/regex/IntHashSet
instanceKlass java/util/regex/Matcher
instanceKlass java/util/regex/MatchResult
instanceKlass java/util/ServiceLoader$ProviderImpl
instanceKlass java/lang/NamedPackage
instanceKlass sun/util/resources/cldr/provider/CLDRLocaleDataMetaInfo
instanceKlass java/security/PermissionCollection
instanceKlass java/security/SecureClassLoader$1
instanceKlass sun/net/util/URLUtil
instanceKlass java/net/URLConnection
instanceKlass  @bci jdk/internal/module/SystemModuleFinders$SystemModuleReader read (Ljava/lang/String;)Ljava/util/Optional; 19 <appendix> member <vmtarget> ; # jdk/internal/module/SystemModuleFinders$SystemModuleReader$$Lambda+0x0000000082053838
instanceKlass jdk/internal/jimage/ImageLocation
instanceKlass sun/nio/fs/WindowsNativeDispatcher$CompletionStatus
instanceKlass sun/nio/fs/WindowsNativeDispatcher$AclInformation
instanceKlass sun/nio/fs/WindowsNativeDispatcher$Account
instanceKlass sun/nio/fs/WindowsNativeDispatcher$DiskFreeSpace
instanceKlass sun/nio/fs/WindowsNativeDispatcher$VolumeInformation
instanceKlass sun/nio/fs/WindowsNativeDispatcher$FirstStream
instanceKlass sun/nio/fs/WindowsNativeDispatcher$FirstFile
instanceKlass sun/nio/fs/WindowsNativeDispatcher
instanceKlass sun/nio/fs/NativeBuffer$Deallocator
instanceKlass sun/nio/fs/NativeBuffer
instanceKlass sun/nio/fs/NativeBuffers
instanceKlass sun/nio/fs/WindowsFileAttributes
instanceKlass java/nio/file/attribute/DosFileAttributes
instanceKlass sun/nio/fs/AbstractBasicFileAttributeView
instanceKlass sun/nio/fs/WindowsFileAttributeViews
instanceKlass sun/nio/fs/Util
instanceKlass java/nio/file/attribute/BasicFileAttributeView
instanceKlass java/nio/file/DirectoryStream$Filter
instanceKlass java/nio/file/Files
instanceKlass java/nio/file/CopyOption
instanceKlass java/nio/file/attribute/BasicFileAttributes
instanceKlass jdk/internal/jimage/decompressor/Decompressor
instanceKlass jdk/internal/jimage/ImageStringsReader
instanceKlass jdk/internal/jimage/ImageHeader
instanceKlass java/nio/Bits$1
instanceKlass jdk/internal/misc/VM$BufferPool
instanceKlass java/nio/Bits
instanceKlass jdk/internal/access/foreign/UnmapperProxy
instanceKlass sun/nio/ch/DirectBuffer
instanceKlass jdk/internal/jimage/NativeImageBuffer$1
instanceKlass jdk/internal/jimage/NativeImageBuffer
instanceKlass java/security/AccessControlContext
instanceKlass java/security/AccessController
instanceKlass jdk/internal/jimage/BasicImageReader$1
instanceKlass jdk/internal/jimage/ImageReader$Node
instanceKlass jdk/internal/jimage/ImageStrings
instanceKlass java/security/PrivilegedAction
instanceKlass jdk/internal/jimage/BasicImageReader
instanceKlass jdk/internal/jimage/ImageReader
instanceKlass jdk/internal/jimage/ImageReaderFactory$1
instanceKlass sun/nio/fs/BasicFileAttributesHolder
instanceKlass sun/nio/fs/WindowsPath
instanceKlass sun/nio/fs/WindowsPathParser
instanceKlass java/nio/file/WatchService
instanceKlass java/nio/file/PathMatcher
instanceKlass java/nio/file/OpenOption
instanceKlass java/nio/file/attribute/AclFileAttributeView
instanceKlass java/nio/file/attribute/FileOwnerAttributeView
instanceKlass java/nio/file/attribute/FileAttributeView
instanceKlass java/nio/file/attribute/AttributeView
instanceKlass sun/nio/fs/DynamicFileAttributeView
instanceKlass java/nio/file/FileStore
instanceKlass java/nio/file/DirectoryStream
instanceKlass java/nio/channels/SeekableByteChannel
instanceKlass java/nio/channels/ByteChannel
instanceKlass java/nio/channels/ReadableByteChannel
instanceKlass java/nio/channels/WritableByteChannel
instanceKlass java/nio/channels/Channel
instanceKlass java/nio/file/spi/FileSystemProvider
instanceKlass java/nio/file/FileSystem
instanceKlass sun/nio/fs/DefaultFileSystemProvider
instanceKlass jdk/internal/jimage/ImageReaderFactory
instanceKlass jdk/internal/module/SystemModuleFinders$SystemImage
instanceKlass jdk/internal/module/ModulePatcher$PatchedModuleReader
instanceKlass jdk/internal/module/SystemModuleFinders$SystemModuleReader
instanceKlass java/lang/module/ModuleReader
instanceKlass jdk/internal/loader/BuiltinClassLoader$2
instanceKlass java/util/ServiceLoader$2
instanceKlass java/util/ServiceLoader$1
instanceKlass java/util/ServiceLoader$LazyClassPathLookupIterator
instanceKlass java/util/concurrent/CopyOnWriteArrayList$COWIterator
instanceKlass java/util/ServiceLoader$ModuleServicesLookupIterator
instanceKlass java/util/ServiceLoader$Provider
instanceKlass java/util/ServiceLoader
instanceKlass jdk/internal/util/ReferencedKeyMap$1
instanceKlass sun/util/locale/InternalLocaleBuilder$CaseInsensitiveChar
instanceKlass sun/util/locale/InternalLocaleBuilder
instanceKlass sun/util/locale/StringTokenIterator
instanceKlass java/text/ParsePosition
instanceKlass sun/util/cldr/CLDRBaseLocaleDataMetaInfo
instanceKlass sun/util/locale/provider/LocaleDataMetaInfo
instanceKlass sun/util/locale/provider/AvailableLanguageTags
instanceKlass sun/util/locale/provider/ResourceBundleBasedAdapter
instanceKlass sun/util/locale/provider/LocaleProviderAdapter
instanceKlass java/util/spi/LocaleServiceProvider
instanceKlass java/util/zip/ZipUtils
instanceKlass java/util/zip/Checksum$1
instanceKlass java/util/zip/CRC32
instanceKlass java/util/zip/Checksum
instanceKlass sun/util/calendar/CalendarUtils
instanceKlass sun/util/calendar/ZoneInfoFile$ZoneOffsetTransitionRule
instanceKlass java/lang/invoke/VarHandle$AccessDescriptor
instanceKlass java/lang/invoke/VarForm
instanceKlass java/lang/invoke/VarHandleGuards
instanceKlass java/lang/invoke/VarHandles
instanceKlass jdk/internal/util/ByteArray
instanceKlass java/io/DataInput
instanceKlass sun/util/calendar/ZoneInfoFile
instanceKlass sun/util/calendar/CalendarDate
instanceKlass java/time/temporal/TemporalAdjuster
instanceKlass java/time/temporal/TemporalAccessor
instanceKlass java/time/ZoneId
instanceKlass java/util/TimeZone
instanceKlass java/util/Calendar
instanceKlass java/util/Locale$2
instanceKlass java/util/Locale$1
instanceKlass sun/util/locale/LocaleUtils
instanceKlass java/util/Locale$3
instanceKlass sun/util/locale/BaseLocale$1
instanceKlass sun/util/locale/provider/LocaleServiceProviderPool$LocalizedObjectGetter
instanceKlass java/util/Locale
instanceKlass java/text/AttributedCharacterIterator$Attribute
instanceKlass java/text/Format$FieldDelegate
instanceKlass java/text/Format
instanceKlass com/intellij/rt/coverage/util/ErrorReporter
instanceKlass java/util/regex/Pattern$TreeInfo
instanceKlass  @bci java/util/regex/Pattern negate (Ljava/util/regex/Pattern$CharPredicate;)Ljava/util/regex/Pattern$CharPredicate; 1 <appendix> member <vmtarget> ; # java/util/regex/Pattern$$Lambda+0x0000000082025ff8
instanceKlass java/util/regex/Pattern$BitClass
instanceKlass  @bci java/util/regex/Pattern Single (I)Ljava/util/regex/Pattern$BmpCharPredicate; 1 <appendix> member <vmtarget> ; # java/util/regex/Pattern$$Lambda+0x0000000082025ac0
instanceKlass java/lang/invoke/TypeConvertingMethodAdapter
instanceKlass java/lang/invoke/InnerClassLambdaMetafactory$6
instanceKlass java/lang/invoke/InnerClassLambdaMetafactory$3
instanceKlass java/lang/classfile/Interfaces
instanceKlass java/util/ImmutableCollections$Access$1
instanceKlass jdk/internal/access/JavaUtilCollectionAccess
instanceKlass java/util/ImmutableCollections$Access
instanceKlass java/lang/invoke/InnerClassLambdaMetafactory$1
instanceKlass java/util/regex/Pattern$BmpCharPredicate
instanceKlass java/util/regex/Pattern$Node
instanceKlass java/util/regex/Pattern$CharPredicate
instanceKlass com/intellij/rt/coverage/util/ThreadLocalCachedValue
instanceKlass com/intellij/rt/coverage/util/CoverageIOUtil$Consumer
instanceKlass com/intellij/rt/coverage/util/CoverageIOUtil
instanceKlass java/nio/charset/CoderResult
instanceKlass jdk/internal/foreign/AbstractMemorySegmentImpl
instanceKlass java/lang/foreign/SegmentAllocator
instanceKlass java/lang/foreign/MemorySegment
instanceKlass java/util/Spliterator$OfInt
instanceKlass java/util/Spliterator$OfPrimitive
instanceKlass java/nio/charset/CharsetDecoder
instanceKlass com/intellij/rt/coverage/instrumentation/CoverageArgs
instanceKlass com/intellij/rt/coverage/instrumentation/AbstractIntellijClassfileTransformer
instanceKlass com/intellij/rt/coverage/instrumentation/testTracking/TestTrackingMode
instanceKlass java/util/regex/Pattern
instanceKlass com/intellij/rt/coverage/instrumentation/Instrumentator
instanceKlass com/intellij/rt/coverage/main/CoveragePremain
instanceKlass java/io/Externalizable
instanceKlass com/intellij/rt/debugger/agent/CaptureStorage$9
instanceKlass com/intellij/rt/debugger/agent/CaptureStorage$Callable
instanceKlass com/intellij/rt/debugger/agent/CaptureStorage$4
instanceKlass java/lang/ThreadLocal$ThreadLocalMap
instanceKlass com/intellij/rt/debugger/agent/SpilledVariablesTransformer$SpillingTransformer
instanceKlass com/intellij/rt/debugger/agent/SpilledVariablesTransformer
instanceKlass com/intellij/rt/debugger/agent/CollectionBreakpointInstrumentor$CollectionBreakpointTransformer
instanceKlass com/intellij/rt/debugger/agent/CollectionBreakpointInstrumentor$KnownMethodsSet
instanceKlass com/intellij/rt/debugger/agent/CollectionBreakpointInstrumentor$ConcurrentIdentityHashMap
instanceKlass jdk/internal/event/Event
instanceKlass com/intellij/rt/debugger/agent/CollectionBreakpointInstrumentor$KnownMethod
instanceKlass com/intellij/rt/debugger/agent/CollectionBreakpointInstrumentor
instanceKlass com/intellij/rt/debugger/agent/SuspendHelper$1
instanceKlass com/intellij/rt/debugger/agent/SuspendHelper
instanceKlass com/intellij/rt/debugger/agent/CaptureAgent$CaptureTransformer
instanceKlass java/lang/Throwable$PrintStreamOrWriter
instanceKlass java/lang/ThreadLocal
instanceKlass com/intellij/rt/debugger/agent/CaptureStorage$ConcurrentIdentityWeakHashMap
instanceKlass org/jetbrains/capture/org/objectweb/asm/Handler
instanceKlass java/util/LinkedHashMap$LinkedHashIterator
instanceKlass java/lang/PublicMethods
instanceKlass com/intellij/rt/debugger/agent/CaptureStorage
instanceKlass org/jetbrains/capture/org/objectweb/asm/Edge
instanceKlass org/jetbrains/capture/org/objectweb/asm/Opcodes
instanceKlass org/jetbrains/capture/org/objectweb/asm/Frame
instanceKlass org/jetbrains/capture/org/objectweb/asm/Context
instanceKlass org/jetbrains/capture/org/objectweb/asm/Attribute
instanceKlass org/jetbrains/capture/org/objectweb/asm/Symbol
instanceKlass org/jetbrains/capture/org/objectweb/asm/ByteVector
instanceKlass org/jetbrains/capture/org/objectweb/asm/SymbolTable
instanceKlass org/jetbrains/capture/org/objectweb/asm/ModuleVisitor
instanceKlass org/jetbrains/capture/org/objectweb/asm/AnnotationVisitor
instanceKlass org/jetbrains/capture/org/objectweb/asm/RecordComponentVisitor
instanceKlass org/jetbrains/capture/org/objectweb/asm/FieldVisitor
instanceKlass org/jetbrains/capture/org/objectweb/asm/MethodVisitor
instanceKlass org/jetbrains/capture/org/objectweb/asm/Label
instanceKlass org/jetbrains/capture/org/objectweb/asm/ClassReader
instanceKlass com/intellij/rt/debugger/agent/ClassTransformer
instanceKlass org/jetbrains/capture/org/objectweb/asm/Type
instanceKlass com/intellij/rt/debugger/agent/ThrowableTransformer
instanceKlass java/util/concurrent/ConcurrentHashMap$MapEntry
instanceKlass java/util/Collections$SynchronizedCollection
instanceKlass java/util/Properties$EntrySet
instanceKlass com/intellij/rt/debugger/agent/CaptureAgent$CoroutineOwnerKeyProvider
instanceKlass com/intellij/rt/debugger/agent/CaptureAgent$FieldKeyProvider
instanceKlass com/intellij/rt/debugger/agent/CaptureAgent$InstrumentPoint
instanceKlass com/intellij/rt/debugger/agent/CaptureAgent$1
instanceKlass com/intellij/rt/debugger/agent/CaptureAgent$ParamKeyProvider
instanceKlass java/io/Reader
instanceKlass java/lang/Readable
instanceKlass java/lang/WeakPairMap$Pair$Lookup
instanceKlass java/lang/WeakPairMap$Pair
instanceKlass java/lang/WeakPairMap
instanceKlass java/lang/Module$ReflectionData
instanceKlass com/intellij/rt/debugger/agent/CaptureAgent$KeyProvider
instanceKlass com/intellij/rt/debugger/agent/CaptureAgent
instanceKlass org/jetbrains/capture/org/objectweb/asm/ClassVisitor
instanceKlass com/intellij/rt/debugger/agent/StateFlowTransformer
instanceKlass java/util/Enumeration
instanceKlass java/util/concurrent/ConcurrentHashMap$Traverser
instanceKlass com/intellij/rt/debugger/agent/SharedFlowTransformer
instanceKlass java/lang/instrument/ClassFileTransformer
instanceKlass java/io/FileInputStream$1
instanceKlass java/util/Properties$LineReader
instanceKlass jdk/internal/ref/CleanerImpl$CleanableList$Node
instanceKlass jdk/internal/ref/CleanerImpl$CleanableList
instanceKlass jdk/internal/ref/CleanerImpl
instanceKlass java/lang/ref/Cleaner$1
instanceKlass java/lang/ref/Cleaner
instanceKlass jdk/internal/ref/CleanerFactory$1
instanceKlass java/util/concurrent/ThreadFactory
instanceKlass jdk/internal/ref/CleanerFactory
instanceKlass java/lang/ref/Cleaner$Cleanable
instanceKlass java/net/URI$Parser
instanceKlass  @bci jdk/internal/reflect/DirectMethodHandleAccessor invokeImpl (Ljava/lang/Object;[Ljava/lang/Object;Ljava/lang/Class;)Ljava/lang/Object; 136 <adapter> ; # java/lang/invoke/LambdaForm$MH+0x0000000082041c00
# instanceKlass java/lang/invoke/LambdaForm$MH+0x0000000082041800
# instanceKlass java/lang/invoke/LambdaForm$MH+0x0000000082041400
# instanceKlass java/lang/invoke/LambdaForm$MH+0x0000000082041000
instanceKlass  @bci org/springframework/test/web/servlet/result/HeaderResultMatchers lambda$string$1 (Ljava/lang/String;Ljava/lang/String;Lorg/springframework/test/web/servlet/MvcResult;)V 14 <appendix> form vmentry <vmtarget> ; # java/lang/invoke/LambdaForm$MH+0x0000000082040c00
# instanceKlass java/lang/invoke/LambdaForm$MH+0x0000000082040800
instanceKlass  @cpi org/springframework/test/context/bean/override/BeanOverrideHandler 236 form vmentry <vmtarget> ; # java/lang/invoke/LambdaForm$DMH+0x0000000082040400
instanceKlass com/intellij/rt/debugger/agent/DebuggerAgent
instanceKlass sun/instrument/TransformerManager$TransformerInfo
instanceKlass sun/instrument/TransformerManager
instanceKlass jdk/internal/loader/NativeLibraries$2
instanceKlass jdk/internal/loader/NativeLibrary
instanceKlass java/util/ArrayDeque$DeqIterator
instanceKlass jdk/internal/loader/NativeLibraries$NativeLibraryContext$1
instanceKlass jdk/internal/loader/NativeLibraries$NativeLibraryContext
instanceKlass java/util/concurrent/ConcurrentHashMap$CollectionView
instanceKlass jdk/internal/loader/NativeLibraries$Holder
instanceKlass jdk/internal/loader/NativeLibraries$1
instanceKlass jdk/internal/loader/NativeLibraries$LibraryPaths
instanceKlass jdk/internal/loader/BootLoader$Holder
instanceKlass jdk/internal/reflect/Reflection$1Holder
instanceKlass sun/instrument/InstrumentationImpl
instanceKlass java/lang/instrument/Instrumentation
instanceKlass jdk/internal/vm/ContinuationSupport
instanceKlass java/lang/ClassLoader$Holder
instanceKlass jdk/internal/module/ModuleBootstrap$SafeModuleFinder
instanceKlass java/lang/ModuleLayer$Controller
instanceKlass java/util/concurrent/CopyOnWriteArrayList
instanceKlass jdk/internal/module/ServicesCatalog$ServiceProvider
instanceKlass jdk/internal/loader/AbstractClassLoaderValue$Memoizer
instanceKlass java/util/ArrayList$Itr
instanceKlass java/util/Collections$UnmodifiableCollection$1
instanceKlass java/util/SequencedMap
instanceKlass java/util/SequencedSet
instanceKlass java/lang/module/ModuleFinder$1
instanceKlass java/nio/file/Path
instanceKlass java/nio/file/Watchable
instanceKlass java/lang/module/Resolver
instanceKlass java/util/Collections$2
instanceKlass java/util/stream/FindOps$FindOp
instanceKlass  @bci java/util/stream/FindOps$FindSink$OfRef <clinit> ()V 6 <appendix> argL0 ; # java/util/stream/FindOps$FindSink$OfRef$$Lambda+0x80000004e
instanceKlass  @bci java/util/stream/FindOps$FindSink$OfRef <clinit> ()V 0 <appendix> argL0 ; # java/util/stream/FindOps$FindSink$OfRef$$Lambda+0x80000004f
instanceKlass java/util/stream/FindOps$FindSink
instanceKlass java/util/stream/FindOps
instanceKlass  @bci jdk/internal/module/DefaultRoots exportsAPI (Ljava/lang/module/ModuleDescriptor;)Z 9 <appendix> argL0 ; # jdk/internal/module/DefaultRoots$$Lambda+0x800000055
instanceKlass java/util/stream/Sink$ChainedReference
instanceKlass java/util/stream/ReduceOps$AccumulatingSink
instanceKlass java/util/stream/TerminalSink
instanceKlass java/util/stream/Sink
instanceKlass java/util/stream/ReduceOps$Box
instanceKlass java/util/stream/ReduceOps$ReduceOp
instanceKlass java/util/stream/TerminalOp
instanceKlass java/util/stream/ReduceOps
instanceKlass  @bci java/util/stream/Collectors castingIdentity ()Ljava/util/function/Function; 0 <appendix> argL0 ; # java/util/stream/Collectors$$Lambda+0x800000048
instanceKlass  @bci java/util/stream/Collectors toSet ()Ljava/util/stream/Collector; 14 <appendix> argL0 ; # java/util/stream/Collectors$$Lambda+0x800000046
instanceKlass java/util/function/BinaryOperator
instanceKlass  @bci java/util/stream/Collectors toSet ()Ljava/util/stream/Collector; 9 <appendix> argL0 ; # java/util/stream/Collectors$$Lambda+0x80000003e
instanceKlass java/util/function/BiConsumer
instanceKlass  @bci java/util/stream/Collectors toSet ()Ljava/util/stream/Collector; 4 <appendix> argL0 ; # java/util/stream/Collectors$$Lambda+0x80000004b
instanceKlass java/util/stream/Collector
instanceKlass java/util/Collections$UnmodifiableCollection
instanceKlass java/util/stream/Collectors
instanceKlass  @bci jdk/internal/module/DefaultRoots compute (Ljava/lang/module/ModuleFinder;Ljava/lang/module/ModuleFinder;)Ljava/util/Set; 42 <appendix> argL0 ; # jdk/internal/module/DefaultRoots$$Lambda+0x800000052
instanceKlass  @bci jdk/internal/module/DefaultRoots compute (Ljava/lang/module/ModuleFinder;Ljava/lang/module/ModuleFinder;)Ljava/util/Set; 32 <appendix> member <vmtarget> ; # jdk/internal/module/DefaultRoots$$Lambda+0x800000056
instanceKlass  @bci jdk/internal/module/DefaultRoots compute (Ljava/lang/module/ModuleFinder;Ljava/lang/module/ModuleFinder;)Ljava/util/Set; 21 <appendix> argL0 ; # jdk/internal/module/DefaultRoots$$Lambda+0x800000053
instanceKlass  @bci jdk/internal/module/DefaultRoots compute (Ljava/lang/module/ModuleFinder;Ljava/lang/module/ModuleFinder;)Ljava/util/Set; 11 <appendix> argL0 ; # jdk/internal/module/DefaultRoots$$Lambda+0x800000054
instanceKlass java/lang/invoke/LambdaProxyClassArchive
instanceKlass java/lang/invoke/InfoFromMemberName
instanceKlass java/lang/invoke/MethodHandleInfo
instanceKlass java/lang/invoke/AbstractValidatingLambdaMetafactory
instanceKlass java/lang/invoke/BootstrapMethodInvoker
instanceKlass java/util/function/Predicate
instanceKlass java/lang/invoke/LambdaMetafactory
# instanceKlass java/lang/invoke/LambdaForm$MH+0x0000000082040000
instanceKlass java/lang/StringCoding
instanceKlass jdk/internal/classfile/impl/ClassReaderImpl
instanceKlass java/lang/classfile/ClassReader
instanceKlass jdk/internal/classfile/impl/ClassHierarchyImpl$CachedClassHierarchyResolver$1
instanceKlass java/lang/classfile/ClassHierarchyResolver$ClassHierarchyInfo
instanceKlass jdk/internal/classfile/impl/ClassHierarchyImpl$CachedClassHierarchyResolver
instanceKlass jdk/internal/classfile/impl/ClassHierarchyImpl$ClassLoadingClassHierarchyResolver$1
instanceKlass jdk/internal/classfile/impl/ClassHierarchyImpl$ClassLoadingClassHierarchyResolver
instanceKlass java/lang/classfile/ClassHierarchyResolver
instanceKlass jdk/internal/classfile/impl/ClassHierarchyImpl
instanceKlass jdk/internal/classfile/impl/RawBytecodeHelper$1
instanceKlass jdk/internal/classfile/impl/RawBytecodeHelper
instanceKlass jdk/internal/classfile/impl/StackMapGenerator$Frame
instanceKlass jdk/internal/classfile/impl/StackMapGenerator
instanceKlass jdk/internal/classfile/impl/AnnotationReader
instanceKlass java/lang/classfile/CustomAttribute
instanceKlass jdk/internal/classfile/impl/TerminalFieldBuilder
instanceKlass java/lang/classfile/FieldBuilder
instanceKlass java/lang/invoke/InvokerBytecodeGenerator$2
instanceKlass jdk/internal/classfile/impl/BytecodeHelpers
instanceKlass java/lang/classfile/constantpool/MethodRefEntry
instanceKlass sun/invoke/util/VerifyType
instanceKlass jdk/internal/classfile/impl/DirectCodeBuilder$8
instanceKlass java/lang/classfile/instruction/LabelTarget
instanceKlass java/lang/classfile/Label
instanceKlass jdk/internal/classfile/impl/BufWriterImpl
instanceKlass java/lang/classfile/BufWriter
instanceKlass java/lang/classfile/instruction/LocalVariableType
instanceKlass java/lang/classfile/instruction/LocalVariable
instanceKlass java/lang/classfile/instruction/CharacterRange
instanceKlass java/lang/classfile/PseudoInstruction
instanceKlass java/lang/classfile/CodeElement
instanceKlass jdk/internal/classfile/impl/TerminalCodeBuilder
instanceKlass jdk/internal/classfile/impl/LabelContext
instanceKlass java/lang/classfile/CodeBuilder
instanceKlass java/lang/invoke/InvokerBytecodeGenerator$4$1
instanceKlass java/lang/classfile/constantpool/FieldRefEntry
instanceKlass java/lang/classfile/constantpool/MemberRefEntry
instanceKlass java/lang/classfile/constantpool/NameAndTypeEntry
instanceKlass jdk/internal/classfile/impl/TerminalMethodBuilder
instanceKlass jdk/internal/classfile/impl/MethodInfo
instanceKlass java/lang/classfile/MethodBuilder
instanceKlass java/lang/invoke/InvokerBytecodeGenerator$4
instanceKlass java/lang/classfile/attribute/SourceFileAttribute
instanceKlass java/lang/classfile/Superclass
instanceKlass jdk/internal/classfile/impl/AttributeHolder
instanceKlass java/lang/classfile/ClassBuilder
instanceKlass java/lang/classfile/ClassFileBuilder
instanceKlass jdk/internal/classfile/impl/AbstractDirectBuilder
instanceKlass java/lang/invoke/InvokerBytecodeGenerator$1
instanceKlass jdk/internal/classfile/impl/ClassFileImpl
instanceKlass java/lang/classfile/ClassFile
instanceKlass java/lang/invoke/InvokerBytecodeGenerator$3
instanceKlass java/util/function/Consumer
instanceKlass java/lang/classfile/constantpool/ClassEntry
instanceKlass java/lang/classfile/constantpool/LoadableConstantEntry
instanceKlass jdk/internal/classfile/impl/EntryMap
instanceKlass jdk/internal/classfile/impl/BootstrapMethodEntryImpl
instanceKlass java/lang/classfile/BootstrapMethodEntry
instanceKlass jdk/internal/classfile/impl/SplitConstantPool
instanceKlass java/lang/invoke/LambdaFormBuffer
instanceKlass java/lang/invoke/LambdaFormEditor$TransformKey
instanceKlass java/lang/invoke/LambdaFormEditor
instanceKlass java/lang/invoke/Invokers$Holder
instanceKlass java/lang/invoke/DelegatingMethodHandle$Holder
instanceKlass java/lang/invoke/DirectMethodHandle$2
instanceKlass java/lang/invoke/ClassSpecializer$Factory
instanceKlass java/lang/invoke/ClassSpecializer$SpeciesData
instanceKlass java/lang/invoke/ClassSpecializer$1
instanceKlass jdk/internal/vm/annotation/Stable
instanceKlass jdk/internal/vm/annotation/AOTSafeClassInitializer
instanceKlass java/lang/invoke/ClassSpecializer
instanceKlass java/lang/invoke/InvokerBytecodeGenerator$8
instanceKlass jdk/internal/classfile/impl/AbstractAttributeMapper
instanceKlass java/lang/classfile/AttributeMapper
instanceKlass java/lang/classfile/Attributes
instanceKlass jdk/internal/classfile/impl/Util$Writable
instanceKlass jdk/internal/classfile/impl/AbstractElement
instanceKlass java/lang/classfile/attribute/RuntimeVisibleAnnotationsAttribute
instanceKlass java/lang/classfile/FieldElement
instanceKlass java/lang/classfile/MethodElement
instanceKlass java/lang/classfile/ClassElement
instanceKlass java/lang/classfile/Attribute
instanceKlass java/lang/classfile/ClassFileElement
instanceKlass jdk/internal/classfile/impl/Util
instanceKlass java/lang/classfile/constantpool/Utf8Entry
instanceKlass java/lang/classfile/constantpool/AnnotationConstantValueEntry
instanceKlass java/lang/classfile/constantpool/PoolEntry
instanceKlass jdk/internal/classfile/impl/AbstractPoolEntry
instanceKlass jdk/internal/classfile/impl/TemporaryConstantPool
instanceKlass java/lang/classfile/constantpool/ConstantPoolBuilder
instanceKlass java/lang/classfile/constantpool/ConstantPool
instanceKlass java/lang/classfile/Annotation
instanceKlass java/lang/classfile/AnnotationElement
instanceKlass java/lang/invoke/InvokerBytecodeGenerator
instanceKlass java/lang/invoke/LambdaForm$Holder
instanceKlass java/lang/invoke/LambdaForm$Name
instanceKlass java/lang/reflect/Array
instanceKlass java/lang/invoke/Invokers
instanceKlass sun/invoke/util/ValueConversions
instanceKlass java/lang/invoke/DirectMethodHandle$Holder
instanceKlass java/lang/constant/DynamicConstantDesc
instanceKlass jdk/internal/constant/DirectMethodHandleDescImpl$1
instanceKlass jdk/internal/constant/DirectMethodHandleDescImpl
instanceKlass java/lang/constant/DirectMethodHandleDesc
instanceKlass java/lang/constant/MethodHandleDesc$1
instanceKlass java/lang/constant/MethodHandleDesc
instanceKlass jdk/internal/constant/MethodTypeDescImpl
instanceKlass java/lang/constant/MethodTypeDesc
instanceKlass jdk/internal/constant/ConstantUtils
instanceKlass jdk/internal/constant/ArrayClassDescImpl
instanceKlass jdk/internal/constant/ClassOrInterfaceDescImpl
instanceKlass java/lang/constant/ClassDesc
instanceKlass java/lang/constant/ConstantDescs
instanceKlass sun/invoke/util/Wrapper$Format
instanceKlass java/lang/invoke/MethodHandleImpl$1
instanceKlass jdk/internal/access/JavaLangInvokeAccess
instanceKlass java/lang/invoke/LambdaForm$NamedFunction
instanceKlass jdk/internal/reflect/MethodHandleAccessorFactory$LazyStaticHolder
instanceKlass java/lang/invoke/MethodTypeForm
instanceKlass jdk/internal/util/StrongReferenceKey
instanceKlass jdk/internal/util/ReferenceKey
instanceKlass jdk/internal/util/ReferencedKeyMap
instanceKlass java/lang/invoke/MethodType$1
instanceKlass sun/reflect/annotation/AnnotationParser
instanceKlass java/lang/PublicMethods$Key
instanceKlass java/lang/PublicMethods$MethodList
instanceKlass java/util/EnumMap$1
instanceKlass java/util/stream/StreamOpFlag$MaskBuilder
instanceKlass java/util/stream/Stream
instanceKlass java/util/stream/BaseStream
instanceKlass java/util/stream/PipelineHelper
instanceKlass java/util/stream/StreamSupport
instanceKlass java/util/Spliterators$IteratorSpliterator
instanceKlass java/util/Spliterator
instanceKlass java/util/Spliterators
instanceKlass jdk/internal/module/DefaultRoots
instanceKlass jdk/internal/loader/BuiltinClassLoader$LoadedModule
instanceKlass java/util/Optional
instanceKlass jdk/internal/module/ModuleResolution
instanceKlass jdk/internal/module/ModuleHashes$Builder
instanceKlass java/util/ImmutableCollections$Set12$1
instanceKlass java/util/ImmutableCollections$ListItr
instanceKlass java/util/ListIterator
instanceKlass java/util/ImmutableCollections$SetN$SetNIterator
instanceKlass jdk/internal/module/Builder
instanceKlass jdk/internal/module/SystemModules$all
instanceKlass jdk/internal/module/SystemModules
instanceKlass jdk/internal/module/SystemModulesMap
instanceKlass jdk/internal/module/SystemModuleFinders
instanceKlass java/lang/Module$EnableNativeAccess
instanceKlass jdk/internal/loader/BootLoader
instanceKlass jdk/internal/loader/AbstractClassLoaderValue
instanceKlass jdk/internal/module/ServicesCatalog
instanceKlass jdk/internal/loader/ClassLoaderHelper
instanceKlass jdk/internal/loader/NativeLibraries
instanceKlass java/security/Principal
instanceKlass java/lang/ClassLoader$ParallelLoaders
instanceKlass java/security/cert/Certificate
instanceKlass java/util/Deque
instanceKlass java/util/Queue
instanceKlass sun/net/util/IPAddressUtil$MASKS
instanceKlass sun/net/util/IPAddressUtil
instanceKlass java/net/URLStreamHandler
instanceKlass java/lang/StringUTF16
instanceKlass sun/net/www/ParseUtil
instanceKlass java/net/URL$1
instanceKlass jdk/internal/access/JavaNetURLAccess
instanceKlass java/net/URL$DefaultFactory
instanceKlass java/net/URLStreamHandlerFactory
instanceKlass jdk/internal/loader/URLClassPath
instanceKlass jdk/internal/loader/ArchivedClassLoaders
instanceKlass java/net/URI$1
instanceKlass jdk/internal/access/JavaNetUriAccess
instanceKlass jdk/internal/module/ArchivedBootLayer
instanceKlass jdk/internal/module/ModuleBootstrap$Counters
instanceKlass jdk/internal/module/ModuleLoaderMap$Modules
instanceKlass jdk/internal/module/ModuleLoaderMap
instanceKlass jdk/internal/module/ModulePatcher
instanceKlass jdk/internal/util/DecimalDigits
instanceKlass java/io/FileSystem
instanceKlass java/io/DefaultFileSystem
instanceKlass java/io/File
instanceKlass java/lang/module/ModuleDescriptor$1
instanceKlass jdk/internal/access/JavaLangModuleAccess
instanceKlass sun/invoke/util/VerifyAccess
instanceKlass java/util/KeyValueHolder
instanceKlass java/util/ImmutableCollections$MapN$MapNIterator
instanceKlass java/lang/invoke/MethodHandles$Lookup
instanceKlass java/lang/invoke/MemberName$Factory
instanceKlass java/lang/invoke/MethodHandles
instanceKlass jdk/internal/module/ModuleBootstrap
instanceKlass java/util/HexFormat
instanceKlass jdk/internal/util/ClassFileDumper
instanceKlass java/lang/CharacterData
instanceKlass java/lang/invoke/MethodHandleStatics
instanceKlass java/util/Collections
instanceKlass java/lang/Thread$ThreadIdentifiers
instanceKlass sun/io/Win32ErrorMode
instanceKlass jdk/internal/misc/OSEnvironment
instanceKlass jdk/internal/misc/Signal$NativeHandler
instanceKlass java/util/Hashtable$Entry
instanceKlass jdk/internal/misc/Signal
instanceKlass java/lang/Terminator$1
instanceKlass jdk/internal/misc/Signal$Handler
instanceKlass java/lang/Terminator
instanceKlass java/nio/Buffer$2
instanceKlass jdk/internal/access/JavaNioAccess
instanceKlass java/nio/Buffer$1
instanceKlass jdk/internal/misc/ScopedMemoryAccess
instanceKlass java/nio/charset/CodingErrorAction
instanceKlass java/nio/charset/CharsetEncoder
instanceKlass java/io/Writer
instanceKlass java/io/OutputStream
instanceKlass java/io/Flushable
instanceKlass java/io/FileDescriptor$1
instanceKlass jdk/internal/access/JavaIOFileDescriptorAccess
instanceKlass java/io/FileDescriptor
instanceKlass jdk/internal/util/StaticProperty
instanceKlass jdk/internal/reflect/MethodHandleAccessorFactory
instanceKlass jdk/internal/reflect/Reflection
instanceKlass java/lang/reflect/Modifier
instanceKlass java/lang/Class$Atomic
instanceKlass java/lang/Class$ReflectionData
instanceKlass jdk/internal/util/ModifiedUtf
instanceKlass java/nio/charset/StandardCharsets
instanceKlass java/nio/charset/Charset$5
instanceKlass sun/nio/cs/HistoricallyNamedCharset
instanceKlass java/util/Arrays
instanceKlass jdk/internal/util/Preconditions$3
instanceKlass jdk/internal/util/Preconditions$2
instanceKlass jdk/internal/util/Preconditions$4
instanceKlass java/util/function/BiFunction
instanceKlass jdk/internal/util/Preconditions$1
instanceKlass jdk/internal/util/Preconditions
instanceKlass java/nio/charset/Charset$4
instanceKlass jdk/internal/lang/LazyConstantImpl
instanceKlass java/lang/LazyConstant
instanceKlass java/nio/charset/Charset$3
instanceKlass java/lang/ScopedValue$Cache
instanceKlass java/lang/ScopedValue
instanceKlass java/nio/charset/spi/CharsetProvider
instanceKlass java/nio/charset/Charset
instanceKlass java/util/HashMap$HashIterator
instanceKlass java/util/concurrent/locks/LockSupport
instanceKlass java/util/concurrent/ConcurrentHashMap$Node
instanceKlass java/util/concurrent/ConcurrentHashMap$CounterCell
instanceKlass java/util/concurrent/locks/ReentrantLock
instanceKlass java/util/concurrent/locks/Lock
instanceKlass java/lang/Runtime
instanceKlass java/lang/VersionProps
instanceKlass java/lang/StringConcatHelper
instanceKlass jdk/internal/util/ArraysSupport
instanceKlass java/lang/StringLatin1
instanceKlass java/lang/StrictMath
instanceKlass jdk/internal/util/SystemProps$Raw
instanceKlass jdk/internal/util/SystemProps
instanceKlass java/lang/System$1
instanceKlass jdk/internal/access/JavaLangAccess
instanceKlass java/lang/ref/ReferenceQueue$Lock
instanceKlass java/lang/ref/ReferenceQueue
instanceKlass java/lang/ref/Reference$1
instanceKlass jdk/internal/access/JavaLangRefAccess
instanceKlass java/lang/Math
instanceKlass java/io/ObjectStreamClass
instanceKlass jdk/internal/reflect/ReflectionFactory
instanceKlass jdk/internal/access/SharedSecrets
instanceKlass java/lang/reflect/ReflectAccess
instanceKlass jdk/internal/access/JavaLangReflectAccess
instanceKlass java/util/Objects
instanceKlass jdk/internal/misc/CDS
instanceKlass java/lang/Module$ArchivedData
instanceKlass jdk/internal/misc/VM
instanceKlass java/lang/String$FoldCaseComparator
instanceKlass java/lang/String$CaseInsensitiveComparator
instanceKlass java/util/Comparator
instanceKlass java/io/ObjectStreamField
instanceKlass jdk/internal/math/FDBigInteger
instanceKlass java/lang/ModuleLayer
instanceKlass java/util/ImmutableCollections
instanceKlass jdk/internal/module/ModuleLoaderMap$Mapper
instanceKlass java/util/function/Function
instanceKlass java/lang/module/ResolvedModule
instanceKlass java/lang/module/Configuration
instanceKlass java/lang/module/ModuleDescriptor$Opens
instanceKlass java/util/HashMap$Node
instanceKlass java/util/Map$Entry
instanceKlass java/util/Collections$UnmodifiableMap
instanceKlass jdk/internal/module/ModuleHashes
instanceKlass jdk/internal/module/ModuleTarget
instanceKlass jdk/internal/module/SystemModuleFinders$2
instanceKlass jdk/internal/module/ModuleHashes$HashSupplier
instanceKlass jdk/internal/module/SystemModuleFinders$1
instanceKlass java/util/function/Supplier
instanceKlass java/net/URI
instanceKlass java/lang/module/ModuleDescriptor$Provides
instanceKlass java/lang/module/ModuleDescriptor$Exports
instanceKlass java/lang/module/ModuleDescriptor$Requires
instanceKlass java/lang/module/ModuleDescriptor$Version
instanceKlass java/lang/module/ModuleDescriptor
instanceKlass java/lang/module/ModuleReference
instanceKlass java/util/Set
instanceKlass jdk/internal/module/SystemModuleFinders$SystemModuleFinder
instanceKlass java/lang/module/ModuleFinder
instanceKlass jdk/internal/module/ArchivedModuleGraph
instanceKlass sun/util/locale/BaseLocale
instanceKlass java/util/jar/Attributes$Name
instanceKlass java/lang/Character$CharacterCache
instanceKlass java/lang/Short$ShortCache
instanceKlass java/lang/Byte$ByteCache
instanceKlass java/lang/Long$LongCache
instanceKlass java/lang/Integer$IntegerCache
instanceKlass jdk/internal/vm/FillerObject
instanceKlass jdk/internal/vm/vector/VectorSupport$VectorPayload
instanceKlass jdk/internal/vm/vector/VectorSupport
instanceKlass java/lang/reflect/RecordComponent
instanceKlass java/util/Iterator
instanceKlass java/lang/Void
instanceKlass java/lang/Number
instanceKlass java/lang/Character
instanceKlass java/lang/Boolean
instanceKlass java/util/concurrent/locks/AbstractOwnableSynchronizer
instanceKlass java/lang/LiveStackFrame
instanceKlass java/lang/ClassFrameInfo
instanceKlass java/lang/StackWalker$StackFrame
instanceKlass java/lang/StackStreamFactory$AbstractStackWalker
instanceKlass java/lang/StackWalker
instanceKlass java/nio/Buffer
instanceKlass java/lang/StackTraceElement
instanceKlass java/util/RandomAccess
instanceKlass java/util/List
instanceKlass java/util/SequencedCollection
instanceKlass java/util/AbstractCollection
instanceKlass java/util/Collection
instanceKlass java/lang/Iterable
instanceKlass java/util/concurrent/ConcurrentMap
instanceKlass java/util/AbstractMap
instanceKlass java/security/CodeSource
instanceKlass jdk/internal/loader/ClassLoaders
instanceKlass java/util/jar/Manifest
instanceKlass java/lang/Enum
instanceKlass java/net/URL
instanceKlass java/io/InputStream
instanceKlass java/io/Closeable
instanceKlass java/lang/AutoCloseable
instanceKlass jdk/internal/module/Modules
instanceKlass jdk/internal/misc/Unsafe
instanceKlass jdk/internal/misc/UnsafeConstants
instanceKlass java/lang/AbstractStringBuilder
instanceKlass java/lang/Appendable
instanceKlass java/lang/AssertionStatusDirectives
instanceKlass jdk/internal/foreign/abi/ABIDescriptor
instanceKlass jdk/internal/foreign/abi/NativeEntryPoint
instanceKlass java/lang/invoke/CallSite
instanceKlass java/lang/invoke/MethodType
instanceKlass java/lang/invoke/TypeDescriptor$OfMethod
instanceKlass java/lang/invoke/LambdaForm
instanceKlass java/lang/invoke/MethodHandleNatives
instanceKlass java/lang/invoke/MethodHandleImpl
instanceKlass java/lang/invoke/ResolvedMethodName
instanceKlass java/lang/invoke/MemberName
instanceKlass java/lang/invoke/VarHandle
instanceKlass java/lang/invoke/MethodHandle
instanceKlass jdk/internal/reflect/ConstructorAccessorImpl
instanceKlass jdk/internal/reflect/ConstructorAccessor
instanceKlass jdk/internal/reflect/CallerSensitive
instanceKlass java/lang/annotation/Annotation
instanceKlass jdk/internal/reflect/ConstantPool
instanceKlass jdk/internal/reflect/MethodAccessorImpl
instanceKlass jdk/internal/reflect/MethodAccessor
instanceKlass jdk/internal/vm/StackChunk
instanceKlass jdk/internal/vm/Continuation
instanceKlass jdk/internal/vm/ContinuationScope
instanceKlass java/lang/reflect/Parameter
instanceKlass java/lang/reflect/Member
instanceKlass java/lang/reflect/AccessibleObject
instanceKlass java/lang/Module
instanceKlass java/util/Map
instanceKlass java/util/Dictionary
instanceKlass java/lang/ThreadGroup
instanceKlass java/lang/Thread$UncaughtExceptionHandler
instanceKlass java/lang/Thread$Constants
instanceKlass java/lang/Thread$FieldHolder
instanceKlass java/lang/Thread
instanceKlass java/lang/Runnable
instanceKlass java/lang/ref/Reference
instanceKlass java/lang/Record
instanceKlass java/security/ProtectionDomain
instanceKlass java/lang/Throwable
instanceKlass java/lang/System
instanceKlass java/lang/ClassLoader
instanceKlass java/lang/Cloneable
instanceKlass java/lang/Class
instanceKlass java/lang/invoke/TypeDescriptor$OfField
instanceKlass java/lang/invoke/TypeDescriptor
instanceKlass java/lang/reflect/Type
instanceKlass java/lang/reflect/GenericDeclaration
instanceKlass java/lang/reflect/AnnotatedElement
instanceKlass java/lang/String
instanceKlass java/lang/constant/ConstantDesc
instanceKlass java/lang/constant/Constable
instanceKlass java/lang/CharSequence
instanceKlass java/lang/Comparable
instanceKlass java/io/Serializable
ciInstanceKlass java/lang/Object 1 1 163 7 1 10 12 1 1 10 7 12 1 1 1 10 7 12 1 1 1 10 12 1 1 8 1 10 12 1 1 10 7 12 1 1 1 10 12 1 10 12 1 1 100 1 8 1 10 12 1 10 100 12 1 1 1 100 1 10 12 1 7 1 10 12 1 1 8 1 3 8 1 100 1 5 0 1 1 1 1 1 1 1 1 1 1 1 1 1 1 1 1 7 1 1 1 1 1 1 1 1 1 1 1 1 1 7 1 1 1 1 1 1 3 1 1 1 1 8 1 7 1 1 12 10 1 12 10 1 12 10 8 1 1 12 10 1 1 12 10 1 1 12 10 1 100 1 100 1 12 11 8 1 1 12 9 1 1 12 10 9 1 12 10
ciInstanceKlass java/io/Serializable 1 1 7 100 1 100 1 1 1
ciInstanceKlass java/lang/System 1 1 591 10 100 12 1 1 1 10 7 12 1 1 1 10 12 1 1 10 12 1 9 12 1 1 10 7 12 1 1 1 11 100 12 1 1 1 10 100 12 1 1 1 10 12 1 1 100 1 8 1 10 12 1 9 12 1 1 9 12 1 1 10 7 12 1 1 1 10 7 12 1 1 1 10 12 1 1 10 12 1 10 7 12 1 1 1 10 12 1 10 12 1 1 7 1 10 12 1 1 100 1 8 1 10 10 12 1 1 100 1 8 1 10 10 7 12 1 1 10 12 10 7 12 1 1 10 7 12 1 1 1 100 1 8 1 10 10 7 12 1 1 1 10 7 12 1 1 1 100 1 10 100 12 1 1 1 10 12 1 1 10 7 12 1 1 1 10 12 1 1 10 12 1 10 12 1 8 1 10 12 1 1 10 12 1 1 8 1 10 12 1 7 1 7 1 10 12 1 9 7 12 1 1 1 10 7 12 1 1 1 10 12 1 10 12 1 10 7 12 1 1 1 100 1 8 1 10 9 12 1 1 9 12 1 10 12 1 10 100 12 1 1 10 12 1 10 12 1 1 100 1 10 8 1 10 12 1 1 10 12 1 10 12 1 1 10 12 1 1 8 1 11 7 12 1 1 10 12 11 12 1 1 11 7 12 1 1 1 11 7 12 1 1 11 12 1 1 7 1 11 12 1 10 12 1 8 1 10 12 1 1 8 1 8 1 8 1 8 1 11 12 1 10 12 1 1 10 12 1 10 12 1 8 1 10 12 1 1 8 1 9 12 1 8 1 10 7 12 1 1 8 1 7 1 9 7 12 1 1 1 10 12 1 7 1 9 12 10 9 12 7 1 10 12 9 12 1 1 8 1 10 12 1 1 8 1 9 12 1 10 7 12 1 1 10 12 1 10 12 1 1 11 7 12 1 1 10 12 10 7 12 1 1 1 9 12 1 1 100 1 100 1 8 1 10 12 1 1 10 12 1 8 1 8 1 10 8 1 8 1 8 1 8 1 8 1 10 8 1 10 7 12 1 1 1 10 7 12 1 1 1 10 12 1 1 7 1 10 10 12 1 10 12 1 9 12 1 1 1 1 1 1 1 1 1 1 1 1 100 1 1 7 1 1 1 1 1 1 1 1 1 1 3 1 1 1 1 1 1 1 1 1 1 1 1 1 1 1 1 1 1 1 1 1 1 1 1 1 1 1 1 1 1 1 1 1 1 1 1 1 1 1 1 1 1 1 1 1 1 1 1 1 1 1 100 1 1 1 1 1 1 1 1 1 1 1 1 1 1 1 1 1 1 1 1 1 1 1 1 1 100 1 100 1 1 1 1 1 1 1 1
staticfield java/lang/System in Ljava/io/InputStream; java/io/BufferedInputStream
staticfield java/lang/System out Ljava/io/PrintStream; java/io/PrintStream
staticfield java/lang/System err Ljava/io/PrintStream; java/io/PrintStream
instanceKlass java/security/Provider
instanceKlass java/security/Security$1
ciInstanceKlass java/util/Properties 1 1 690 10 7 12 1 1 1 100 1 10 7 12 1 1 7 1 10 12 1 9 12 1 1 9 12 1 1 9 12 1 1 10 7 12 1 1 1 10 12 1 1 8 1 10 7 12 1 1 1 7 1 10 12 1 10 12 1 1 8 1 10 12 1 7 1 10 12 10 12 1 1 9 12 1 1 10 12 1 1 7 1 10 12 1 10 12 1 10 12 1 1 100 1 8 1 10 12 1 10 12 1 10 12 1 1 10 12 1 100 1 3 10 10 100 12 1 1 1 10 12 1 10 12 1 1 8 1 10 12 1 10 12 1 1 8 1 10 100 12 1 1 10 12 1 1 10 12 1 10 12 1 1 100 1 10 12 1 10 12 1 1 100 1 9 100 12 1 1 1 10 12 1 10 12 1 1 10 12 1 1 10 12 1 1 100 1 9 12 1 1 7 1 100 1 10 12 1 100 1 11 7 12 1 1 1 11 12 1 1 11 100 12 1 1 1 11 7 12 1 1 1 11 12 1 1 11 12 1 11 12 1 10 12 1 1 8 1 10 12 1 10 100 12 1 1 10 12 1 100 1 10 10 12 1 10 12 1 100 1 10 10 12 1 1 10 100 12 1 1 9 100 12 1 1 10 12 1 1 10 100 12 1 1 1 100 1 100 1 100 1 10 8 1 8 1 10 12 1 10 12 1 10 12 1 1 10 10 12 1 1 10 12 1 1 7 1 10 10 12 1 11 7 12 1 1 10 7 12 1 1 1 8 1 10 100 12 1 1 11 11 7 1 8 1 10 100 1 11 10 12 1 10 10 12 1 10 12 1 1 10 12 1 1 10 12 1 1 10 12 1 10 12 1 10 10 12 1 10 12 1 10 12 1 10 10 12 1 1 10 12 1 1 10 10 12 1 10 12 1 10 12 1 10 12 1 10 12 1 1 10 12 1 1 10 12 1 10 12 1 10 12 1 1 10 12 10 12 1 1 10 12 1 1 10 12 1 10 12 1 1 10 12 1 1 10 12 10 11 12 1 4 11 10 12 1 1 10 100 12 1 1 11 12 1 10 12 1 1 10 100 12 1 1 10 12 1 100 1 8 1 10 12 1 10 10 100 12 1 1 1 100 1 6 0 10 12 1 1 11 100 12 1 1 1 10 12 1 10 12 1 1 1 1 1 5 0 1 1 1 1 1 1 1 1 1 1 1 1 1 1 1 1 1 1 1 1 1 1 1 1 1 1 1 1 1 1 1 1 1 1 1 1 1 1 1 100 1 1 1 1 1 1 1 1 1 1 1 1 1 1 1 1 1 1 1 1 100 1 1 1 1 1 1 1 1 1 1 1 1 100 1 100 1 1 1 1 1 100 1 1 1 1 1 1 1 1 1 1 1 1 1 1 1 1 1 1 1 1 1 1 1 1 1 1 1 1 1 1 1 1 1 1 1 1 1 1 1 1 1 1 1 1 1 1 1 1 1 1 1 1 1 1 1 1 1 1 1 1 1 1 1 1 1 1 1 1 1 1 1 1 1 1 1 1 1 100 1 1 1 1 1 1 1 1 1 1 1 100 1 1
staticfield java/util/Properties UNSAFE Ljdk/internal/misc/Unsafe; jdk/internal/misc/Unsafe
instanceKlass java/util/Hashtable
ciInstanceKlass java/util/Dictionary 1 1 36 10 7 12 1 1 1 100 1 1 1 1 1 1 1 1 1 1 1 1 1 1 1 1 1 1 1 1 1 1 1 1 1 1 1 1
instanceKlass org/apache/commons/logging/impl/WeakHashtable
instanceKlass java/util/Properties
ciInstanceKlass java/util/Hashtable 1 1 516 100 1 10 7 12 1 1 1 9 7 12 1 1 1 100 1 100 1 10 8 1 10 12 1 1 10 12 1 10 12 1 1 10 12 1 10 7 12 1 1 1 8 1 10 12 1 9 12 1 1 7 1 9 12 1 1 4 10 7 12 1 1 1 9 12 1 4 10 12 1 11 100 12 1 1 1 10 12 1 1 10 12 1 1 9 12 1 10 12 1 1 100 1 10 9 12 1 1 10 7 12 1 1 1 9 12 1 1 10 12 1 10 12 1 3 9 12 1 9 12 1 3 10 12 1 10 12 1 10 12 1 1 11 12 1 1 11 100 12 1 1 1 11 100 12 1 1 1 11 12 1 100 1 11 12 1 11 12 1 10 12 1 1 10 12 1 1 10 12 1 9 12 1 1 9 12 9 12 1 1 10 100 1 100 1 10 12 1 10 8 1 10 10 12 1 8 1 10 8 1 10 100 12 1 1 1 7 1 10 12 1 10 12 1 100 1 10 12 1 10 12 1 1 100 1 10 100 1 10 10 12 1 1 11 12 1 1 11 12 1 100 1 10 10 10 100 12 1 1 11 100 12 1 1 1 100 1 10 11 100 12 1 1 11 100 12 1 10 12 1 10 12 1 1 10 100 12 1 1 10 12 1 1 10 12 1 1 10 12 1 1 10 100 12 1 1 1 8 10 100 12 1 1 100 1 8 1 10 4 4 10 12 1 1 10 12 1 8 1 4 10 12 10 100 12 1 1 1 100 1 11 100 12 1 1 1 10 100 12 1 1 1 10 12 1 10 12 1 1 10 100 1 100 1 1 1 1 1 1 5 0 1 1 1 1 1 3 1 3 1 3 1 1 1 1 1 1 1 1 1 1 1 1 1 1 1 1 1 1 1 1 1 1 1 1 1 100 1 1 1 1 1 1 1 1 1 1 1 1 1 1 1 1 1 1 1 1 1 1 1 1 1 1 1 1 1 100 1 1 1 1 1 1 1 1 1 1 1 1 1 1 100 1 1 1 1 1 1 1 1 1 1 1 1 1 1 1 1 1 1 1 1 1 1 1 1 1 1 1 1 1 1 1 1 1 1 1 1 1 1 1 1 1 1 1 1 100 1 1 1 100 1 1 1 1 1 100 1 1 1 1 1 1 1 1 1 1 1 1 1 1 1 1 1 1
ciInstanceKlass java/util/Map 1 1 297 11 7 12 1 1 1 11 12 1 1 10 7 12 1 1 11 12 1 1 11 7 12 1 1 1 11 100 12 1 1 1 11 12 1 1 7 1 11 12 1 11 12 1 100 1 100 1 10 12 1 1 11 100 12 1 1 1 11 100 12 1 1 1 11 12 1 11 12 1 10 12 1 1 11 12 1 11 7 12 1 9 7 12 1 1 1 7 1 10 12 7 1 7 1 10 12 1 7 1 10 7 1 11 12 1 11 12 1 1 11 12 1 1 7 1 11 12 1 1 11 12 1 1 100 1 11 10 100 12 1 1 1 10 12 1 1 1 1 1 1 1 1 1 1 1 1 1 1 1 1 1 1 1 1 1 1 1 1 1 1 1 1 1 1 1 1 1 1 1 1 1 1 1 1 1 1 1 1 1 1 1 1 1 1 1 1 1 1 1 1 1 1 1 1 1 1 1 1 1 1 1 1 1 1 1 1 1 1 1 1 1 1 1 1 1 1 1 1 1 1 1 1 1 1 1 1 1 1 1 1 1 1 1 1 1 1 1 1 1 1 1 1 1 1 1 1 1 1 1 1 1 1 1 1 1 1 1 1 1 100 1 1 1 1 1 1 1 1 1 1 1 1 1 1 1 1 1 1 1 1 1 1 1 1 1 1 1 1 1 1 1 100 1 100 1 1
ciInstanceKlass java/lang/String 1 1 1518 10 7 12 1 1 1 8 1 9 7 12 1 1 1 9 12 1 1 9 12 1 1 9 12 1 1 10 12 1 10 12 1 1 10 12 1 1 9 12 1 10 7 12 1 1 1 10 12 1 1 10 12 1 10 7 12 1 1 1 10 12 1 1 10 12 1 1 10 12 1 10 12 1 1 10 12 1 10 7 12 1 1 1 7 1 9 7 12 1 1 1 10 12 1 1 9 7 12 1 1 10 12 1 9 7 12 1 1 10 12 1 10 12 1 1 10 12 1 10 7 12 1 1 1 10 12 1 10 12 1 1 10 12 1 1 10 7 12 1 1 1 10 12 1 1 10 12 10 12 1 1 3 10 12 1 1 7 1 11 12 1 1 11 12 1 11 12 1 1 10 100 12 1 1 1 10 12 1 1 9 100 12 1 1 1 10 12 1 1 10 12 1 11 12 1 10 12 1 1 7 1 100 1 10 12 1 10 7 12 1 1 1 10 12 1 10 12 1 10 12 1 1 10 12 1 10 12 1 10 12 10 12 1 100 1 100 1 7 1 10 10 12 1 1 10 12 1 10 12 1 10 12 1 1 10 12 1 1 10 100 12 1 1 100 1 11 10 7 12 1 1 11 12 1 11 12 1 10 12 1 10 12 1 10 12 10 12 1 1 10 10 100 12 1 1 1 10 100 12 1 1 10 12 1 1 10 100 12 1 1 10 12 1 10 12 1 1 10 12 1 1 10 12 1 10 12 1 10 12 1 10 12 1 1 10 12 1 10 12 1 1 10 12 1 1 10 12 1 1 10 100 12 1 1 1 10 12 1 10 12 1 7 1 10 12 1 1 10 12 1 1 10 12 1 3 3 10 12 1 7 1 10 12 1 1 10 12 1 1 10 12 1 1 10 12 1 1 10 12 1 1 10 12 1 10 12 1 1 10 12 1 1 10 12 1 10 12 1 10 12 1 10 12 1 1 10 12 1 10 12 1 10 12 1 10 12 1 10 12 1 10 12 1 10 10 12 1 100 1 10 8 1 10 12 1 1 10 12 1 8 1 10 12 1 1 100 1 10 10 12 1 1 10 8 1 10 12 1 10 10 12 10 12 1 1 10 12 1 1 7 1 5 0 100 1 8 1 10 10 12 1 1 5 0 5 0 5 0 10 12 1 1 10 100 1 10 12 1 10 12 1 10 12 1 10 10 12 1 1 10 12 1 10 12 1 10 12 1 10 12 1 10 12 1 10 12 1 1 10 12 1 1 10 12 1 1 10 10 12 1 1 10 10 12 1 100 1 10 9 100 12 1 1 1 11 100 12 1 1 1 10 12 1 1 10 12 1 1 10 7 1 10 12 1 10 12 1 10 7 12 1 1 1 10 12 1 10 12 1 1 10 12 1 11 7 1 11 12 10 12 1 10 12 1 1 9 12 1 1 11 7 12 1 1 1 10 12 1 1 10 10 12 1 10 12 1 9 12 1 10 12 10 10 12 1 10 12 1 1 10 10 12 1 10 12 1 10 12 1 1 10 12 1 1 10 10 12 1 1 10 10 7 12 1 1 1 10 12 1 10 12 1 10 12 10 10 12 10 10 12 1 10 12 1 10 10 12 10 12 1 1 10 12 10 10 12 10 12 1 10 12 10 12 10 10 12 1 10 12 1 1 10 12 1 10 10 12 1 10 7 12 1 1 1 10 12 1 1 10 10 7 12 1 1 1 11 10 12 1 10 12 1 1 10 12 1 1 10 7 12 1 1 1 10 12 1 10 12 1 10 12 1 10 12 1 10 12 1 10 12 1 100 1 10 10 12 1 10 12 1 1 8 1 10 12 1 3 3 10 12 1 10 12 1 1 10 12 7 1 10 10 12 1 1 10 12 10 12 1 10 12 1 10 12 1 1 10 12 1 1 11 7 12 1 1 1 7 1 10 12 1 10 12 1 1 8 1 10 12 1 10 12 1 11 100 12 1 1 1 11 100 12 1 1 11 12 1 10 12 1 10 12 1 1 10 10 7 12 1 1 1 10 12 1 10 12 1 10 10 12 10 12 1 1 10 10 12 1 10 10 12 1 10 10 12 1 10 10 12 1 10 12 1 1 10 10 12 1 8 1 10 12 1 1 18 12 1 1 11 100 12 1 1 1 3 18 12 1 18 12 1 8 1 10 100 12 1 1 1 11 12 1 1 10 12 10 10 12 1 10 11 12 1 1 10 12 1 1 11 12 1 18 3 11 10 11 11 10 12 1 10 12 1 1 8 1 10 12 1 10 12 1 10 12 1 1 10 12 1 11 100 12 1 100 1 100 1 10 12 100 1 10 10 100 12 1 1 1 100 1 10 7 1 10 10 12 1 10 10 12 1 8 1 10 10 12 1 8 1 8 1 10 12 1 10 12 1 10 10 12 10 7 12 1 1 10 100 12 1 1 10 100 12 1 1 8 1 10 12 1 10 12 1 10 9 12 1 10 12 9 7 12 1 1 1 10 12 1 10 12 1 10 12 1 10 12 10 12 1 10 12 1 8 1 10 100 12 1 1 1 10 12 10 12 1 1 10 12 10 12 10 12 7 1 9 12 1 1 7 1 10 7 1 10 100 1 100 1 100 1 100 1 1 1 1 1 1 5 0 1 1 1 1 1 3 1 3 1 1 1 1 1 1 1 1 1 1 1 1 1 1 1 100 1 1 1 1 1 1 1 1 1 1 1 1 1 1 1 1 1 1 1 1 1 1 1 1 1 1 1 1 1 1 1 100 1 1 1 1 1 1 1 1 1 1 1 1 1 1 1 1 1 1 1 1 1 1 1 1 1 1 1 1 1 1 1 1 100 1 7 1 1 1 1 1 1 1 1 1 1 1 1 1 1 1 1 1 1 1 1 1 1 1 1 1 1 1 1 1 1 1 1 1 1 1 1 1 1 1 1 1 1 1 1 1 1 1 1 1 1 1 1 1 1 1 1 1 1 1 1 1 1 1 1 1 1 100 1 1 1 1 1 1 1 1 1 1 1 1 1 1 1 1 1 1 1 1 1 1 1 1 1 1 1 1 1 1 1 1 1 1 1 1 1 1 1 1 1 1 1 1 1 1 1 1 1 1 1 1 1 1 1 1 1 1 1 1 1 1 1 1 1 1 1 1 1 1 1 1 1 1 1 1 1 1 1 1 1 1 1 1 1 1 1 1 1 1 1 1 1 1 1 1 1 1 1 1 1 1 1 1 1 1 1 1 1 100 1 1 1 1 1 1 1 1 1 1 1 1 1 1 1 1 1 1 1 1 1 1 1 100 1 1 1 1 1 1 1 1 1 1 1 1 1 1 1 7 1 1 1 1 1 1 1 1 1 1 1 1 1 1 1 16 15 10 12 16 15 10 12 15 10 12 15 10 12 15 10 100 12 1 1 1 1 100 1 1 1 1 1 100 1 100 1 1 1 1
staticfield java/lang/String COMPACT_STRINGS Z 1
staticfield java/lang/String serialPersistentFields [Ljava/io/ObjectStreamField; 0 [Ljava/io/ObjectStreamField;
staticfield java/lang/String CASE_INSENSITIVE_ORDER Ljava/util/Comparator; java/lang/String$CaseInsensitiveComparator
staticfield java/lang/String UNICODE_CASEFOLD_ORDER Ljava/util/Comparator; java/lang/String$FoldCaseComparator
ciInstanceKlass java/lang/Comparable 1 0 12 100 1 100 1 1 1 1 1 1 1 1
ciInstanceKlass java/lang/CharSequence 1 1 145 11 7 12 1 1 1 18 12 1 1 100 1 10 100 12 1 1 1 18 10 100 12 1 1 1 11 12 1 1 11 100 1 11 12 1 1 10 100 12 1 1 1 11 12 1 1 10 12 1 1 10 12 1 100 1 10 12 1 1 10 100 12 1 1 1 100 1 10 10 12 1 1 100 1 1 1 1 1 1 1 1 1 1 1 1 1 1 1 1 1 1 1 1 1 1 1 1 1 1 1 1 1 1 1 1 1 1 1 1 1 1 1 1 16 1 15 11 12 16 15 11 12 15 10 100 12 1 1 1 1 1 100 1 100 1 1 100 1 1 100 1 100 1 1
ciInstanceKlass java/lang/constant/Constable 1 0 11 100 1 100 1 1 1 1 1 1 1
ciInstanceKlass java/lang/constant/ConstantDesc 1 0 37 100 1 100 1 1 1 1 100 1 1 1 1 100 1 100 1 100 1 100 1 100 1 100 1 100 1 100 1 100 1 1 100 1 100 1 1
ciInstanceKlass java/lang/AutoCloseable 1 1 12 100 1 100 1 1 1 1 7 1 1 1
ciInstanceKlass java/io/Closeable 1 0 14 100 1 100 1 100 1 1 1 1 100 1 1 1
ciInstanceKlass java/lang/Appendable 1 0 14 100 1 100 1 1 1 1 100 1 1 1 1 1
ciInstanceKlass java/util/Iterator 1 1 53 100 1 8 1 10 12 1 1 10 7 12 1 1 1 11 7 12 1 1 1 11 12 1 1 11 7 12 1 1 1 100 1 1 1 1 1 1 1 1 1 1 1 1 1 1 1 1 1 1 1 1 1
instanceKlass jakarta/servlet/ServletInputStream
instanceKlass java/io/ObjectInputStream
instanceKlass java/lang/ProcessBuilder$NullInputStream
instanceKlass sun/nio/ch/NioSocketImpl$1
instanceKlass sun/nio/ch/ChannelInputStream
instanceKlass sun/nio/ch/SocketInputStream
instanceKlass java/nio/channels/Channels$1
instanceKlass java/net/Socket$SocketInputStream
instanceKlass java/util/jar/JarVerifier$VerifierStream
instanceKlass java/util/zip/ZipFile$ZipFileInputStream
instanceKlass java/io/FilterInputStream
instanceKlass java/io/FileInputStream
instanceKlass java/io/ByteArrayInputStream
ciInstanceKlass java/io/InputStream 1 1 197 100 1 10 7 12 1 1 1 100 1 10 10 7 12 1 1 1 10 7 12 1 1 1 10 12 1 100 1 100 1 3 10 12 1 1 100 1 8 1 10 12 1 10 7 12 1 1 1 3 100 1 8 1 10 10 7 12 1 1 1 7 1 10 11 7 12 1 1 1 10 12 1 1 11 12 1 1 11 7 12 1 1 1 11 12 1 1 7 1 10 7 12 1 1 1 5 0 10 12 1 10 12 1 1 100 1 10 8 1 10 8 1 8 1 10 12 1 1 10 100 12 1 1 1 100 1 5 0 10 12 1 100 1 100 1 1 1 1 3 1 3 1 1 1 1 1 1 1 1 1 1 1 1 1 1 1 1 1 1 1 1 1 1 1 1 1 1 1 1 1 1 1 1 1 1 1 1 1 1 1 1 1 1 1 1 1 1 1 1 1 1 1 1 1 1 1
instanceKlass net/bytebuddy/dynamic/loading/InjectionClassLoader
instanceKlass org/mockito/internal/creation/bytebuddy/ModuleHandler$MockitoMockClassLoader
instanceKlass net/bytebuddy/utility/dispatcher/JavaDispatcher$DynamicClassLoader
instanceKlass java/security/SecureClassLoader
ciInstanceKlass java/lang/ClassLoader 1 1 1189 10 7 12 1 1 1 9 12 1 1 10 7 12 1 1 1 9 12 1 1 10 7 12 1 1 1 7 1 10 12 1 1 10 12 1 1 9 12 1 1 10 12 1 1 100 1 10 12 10 12 1 1 10 7 12 1 1 1 100 1 8 1 10 12 1 10 7 1 10 7 1 7 1 7 1 10 12 1 10 12 1 9 12 1 1 10 10 7 12 1 1 1 9 12 1 1 9 12 1 9 12 1 1 9 12 1 9 12 1 1 9 12 1 1 7 1 10 12 1 9 12 1 1 10 12 1 1 10 7 12 1 1 1 9 12 1 9 12 1 1 9 12 1 10 12 1 1 9 12 10 12 1 1 7 1 10 8 1 10 12 1 1 10 12 1 10 7 1 7 1 10 7 12 1 1 1 10 7 12 1 1 1 8 1 10 12 1 10 12 1 10 12 1 1 10 12 1 1 10 12 1 1 10 12 1 1 10 12 1 1 10 12 1 7 1 10 12 1 10 7 12 1 1 1 10 12 1 1 10 12 1 10 12 1 10 12 1 10 12 1 10 12 1 1 10 10 12 1 10 12 1 10 10 12 1 1 10 12 1 1 100 1 8 1 10 8 1 10 12 1 10 12 1 100 1 8 1 10 12 1 1 10 12 1 1 10 10 12 1 1 10 12 1 1 10 12 1 1 10 7 1 10 12 1 10 12 1 1 10 12 1 1 10 12 1 1 10 12 1 1 10 12 1 1 10 12 1 1 10 12 1 1 10 7 12 1 1 1 10 12 1 10 12 1 10 12 1 1 10 12 1 10 12 1 10 12 1 10 12 1 11 100 12 1 1 1 11 12 1 1 11 100 12 1 1 1 10 12 1 1 11 12 1 100 1 10 12 1 1 10 7 12 1 1 1 11 7 12 1 1 1 10 12 1 1 11 12 1 10 12 1 10 12 1 1 8 1 9 12 1 10 12 1 1 8 1 8 1 10 7 12 1 1 100 1 10 10 12 10 12 1 10 12 1 10 12 1 10 12 1 1 10 7 12 1 1 10 12 1 10 7 1 7 1 10 12 1 1 10 12 1 10 7 1 10 12 1 100 1 18 12 1 10 100 12 1 1 1 10 100 12 1 1 1 10 7 12 1 1 10 12 1 10 12 1 100 1 10 12 1 8 1 10 10 12 1 1 10 12 1 10 12 1 1 7 1 10 12 1 1 10 100 12 1 1 10 12 1 10 7 12 1 1 10 12 1 8 1 100 1 10 10 12 1 9 7 12 1 1 10 7 12 1 1 10 12 1 100 1 8 1 10 12 1 10 8 1 8 1 10 12 1 1 10 12 1 1 10 12 1 1 10 100 12 1 1 100 1 100 1 10 12 1 1 100 1 100 1 10 12 1 10 12 1 10 12 1 10 12 1 10 12 1 10 12 1 1 10 12 1 8 1 7 1 18 12 1 1 10 12 1 1 10 12 1 10 12 1 10 12 1 8 1 10 12 1 10 12 1 18 12 1 11 100 12 1 1 1 100 1 10 12 1 1 10 12 1 10 11 12 1 1 10 18 10 12 1 1 11 100 12 1 18 12 1 11 12 1 1 10 12 1 10 12 1 1 10 12 1 1 100 1 8 1 10 10 12 1 8 1 8 1 10 100 12 1 1 10 12 1 100 1 10 10 12 1 8 1 8 1 8 1 10 12 1 10 12 1 10 12 1 1 10 12 1 1 10 12 1 10 100 12 1 1 1 11 100 12 1 100 1 10 11 10 12 1 10 12 1 10 12 1 1 9 100 12 1 1 9 12 1 1 9 12 9 12 1 9 12 1 9 12 1 8 10 12 1 1 10 7 12 1 1 1 10 12 1 1 10 12 1 1 10 12 1 1 8 1 10 12 1 1 8 10 12 1 1 10 100 12 1 1 8 1 10 12 1 1 11 100 12 1 1 1 11 100 12 1 1 11 12 1 1 100 1 11 12 1 11 12 1 9 12 1 1 8 1 8 1 8 1 8 1 8 1 10 100 12 1 1 8 8 10 12 1 10 12 1 10 12 1 11 12 1 10 100 12 1 1 1 100 1 10 12 1 10 12 1 10 12 1 1 1 1 1 1 1 1 1 1 1 1 1 1 1 1 1 1 1 1 1 1 1 1 1 1 1 1 100 1 1 1 1 1 1 1 1 1 1 1 1 1 1 1 1 1 1 1 1 1 1 1 1 1 7 1 1 1 1 1 1 1 1 1 1 1 1 1 1 1 1 1 1 1 1 1 1 1 1 1 1 1 1 1 1 1 1 1 1 1 1 1 1 1 1 1 1 1 1 1 1 1 100 1 1 1 1 1 1 1 1 1 1 1 1 1 1 1 1 1 1 1 1 1 100 1 1 1 1 1 1 1 1 1 1 1 1 1 1 1 1 1 1 1 1 1 1 1 1 1 1 1 1 1 1 1 1 1 1 1 1 1 1 1 1 1 1 1 1 100 1 1 1 1 1 1 1 1 1 1 1 1 1 1 1 1 1 1 1 1 1 1 1 1 1 1 1 1 1 1 1 1 1 1 1 1 1 1 1 1 1 1 1 1 1 1 1 1 1 1 1 1 1 1 1 1 16 15 10 12 16 1 16 15 10 12 16 1 16 1 15 10 12 16 15 10 12 16 15 10 12 16 15 10 7 12 1 1 1 1 1 1 1 100 1 100 1 1
staticfield java/lang/ClassLoader nocerts [Ljava/security/cert/Certificate; 0 [Ljava/security/cert/Certificate;
staticfield java/lang/ClassLoader $assertionsDisabled Z 1
instanceKlass java/util/concurrent/DelayScheduler
instanceKlass java/util/concurrent/ForkJoinWorkerThread
instanceKlass java/util/logging/LogManager$Cleaner
instanceKlass com/intellij/rt/execution/application/AppMainV2$1
instanceKlass jdk/internal/misc/InnocuousThread
instanceKlass java/lang/ref/Finalizer$FinalizerThread
instanceKlass java/lang/ref/Reference$ReferenceHandler
instanceKlass java/lang/BaseVirtualThread
ciInstanceKlass java/lang/Thread 1 1 756 9 7 12 1 1 1 9 7 12 1 1 1 9 12 1 9 12 1 10 12 1 1 9 12 1 1 10 100 12 1 1 10 12 1 10 100 12 1 1 100 1 8 1 10 12 1 1 9 12 1 1 9 12 1 9 12 1 1 7 1 10 12 1 1 10 12 1 7 1 10 12 10 12 1 1 9 12 1 1 10 12 1 100 1 10 12 1 10 12 1 1 10 12 1 1 10 12 1 10 12 1 1 100 1 8 1 10 9 7 12 1 1 1 10 12 1 1 10 3 8 1 100 1 5 0 10 7 12 1 1 1 9 12 1 10 12 1 1 10 7 1 100 1 8 1 10 10 12 1 10 12 1 1 10 12 1 1 10 7 12 1 1 10 12 1 10 12 1 10 7 12 1 1 5 0 9 12 1 10 7 12 1 1 1 10 12 1 1 9 12 1 1 10 100 12 1 1 10 100 12 1 1 1 10 12 1 10 12 1 1 9 12 1 1 10 7 12 1 1 9 12 1 8 1 9 100 12 1 1 1 5 0 100 1 10 100 1 10 100 1 10 7 1 10 8 1 10 12 1 1 10 7 12 1 10 12 1 10 12 1 100 1 8 1 10 10 12 1 10 12 1 1 10 100 12 1 1 1 10 100 12 1 1 1 10 12 1 7 1 9 12 1 1 100 1 10 10 12 1 9 12 1 1 10 12 1 1 10 12 1 1 10 12 1 10 12 1 9 12 1 1 10 10 12 1 1 10 12 1 1 11 7 12 1 1 10 100 12 1 1 9 12 1 1 9 12 1 1 10 100 12 1 1 10 12 1 1 10 12 1 10 100 12 1 1 10 12 1 9 12 1 1 10 12 1 11 100 12 1 1 11 12 1 10 12 1 10 12 1 10 12 1 9 12 1 10 10 12 1 10 12 1 1 9 12 1 9 12 10 12 1 8 1 10 12 1 10 12 1 10 12 1 10 12 1 10 12 1 1 10 12 1 10 12 1 1 10 100 12 1 1 10 12 1 10 12 1 10 12 1 10 12 1 1 9 7 12 1 1 1 8 1 10 9 12 1 10 12 1 100 1 8 1 10 10 12 1 8 1 10 12 1 1 9 12 8 1 10 10 12 1 10 12 1 8 1 10 12 1 10 8 1 9 12 1 1 10 12 1 1 10 10 12 1 10 12 1 100 10 7 12 1 1 1 10 12 1 1 10 12 1 1 10 100 12 1 1 1 11 100 12 1 1 1 10 12 1 1 9 12 1 10 12 1 10 12 1 1 11 100 12 1 1 1 10 12 1 1 1 1 3 1 3 1 3 1 3 1 1 1 1 1 1 1 1 1 1 1 1 1 1 1 1 1 1 1 1 1 1 1 1 1 1 1 100 1 1 1 1 1 1 1 1 1 1 1 1 1 1 1 1 1 1 100 1 1 1 1 1 1 1 1 1 1 1 1 1 1 1 100 1 1 1 1 1 1 1 1 1 1 1 1 1 1 1 1 1 1 1 1 1 1 1 1 1 1 1 1 1 1 1 1 1 1 1 1 1 1 1 1 1 1 1 1 1 1 1 1 1 1 1 1 1 1 1 1 1 1 1 1 1 1 1 1 1 1 1 1 100 100 1 1 1 1 1 1 1 1 1 1 1 1 1 1 1 1 1 1 1 1 1 1 1 100 1 100 1 100 1 1 1 1 100 1 1 1 1 1 1 1 1 1 1 1 1
staticfield java/lang/Thread NEW_THREAD_BINDINGS Ljava/lang/Object; java/lang/Class
staticfield java/lang/Thread EMPTY_STACK_TRACE [Ljava/lang/StackTraceElement; 0 [Ljava/lang/StackTraceElement;
ciInstanceKlass java/lang/Runnable 1 0 11 100 1 100 1 1 1 1 1 1 1
ciInstanceKlass java/lang/Class 1 1 1658 10 7 12 1 1 1 10 7 12 1 1 9 12 1 1 9 12 1 1 9 12 1 1 9 12 1 1 9 12 1 1 9 12 1 10 12 1 1 8 1 10 12 1 8 1 8 1 10 12 1 1 10 7 12 1 1 1 10 12 1 7 1 10 10 12 1 10 12 1 1 10 12 1 1 10 12 1 1 10 7 12 1 1 10 12 1 10 12 1 10 12 1 1 10 12 1 8 1 10 12 1 8 1 10 12 1 8 1 8 1 10 12 1 1 10 100 12 1 1 1 18 12 1 1 11 100 12 1 1 1 8 1 8 1 8 1 10 100 12 1 1 1 11 12 1 1 8 1 10 12 1 10 10 12 1 1 10 12 1 8 1 10 12 1 1 8 1 10 12 1 10 12 1 1 11 7 12 1 1 1 11 100 12 1 1 1 11 8 1 18 8 1 10 12 1 10 7 12 1 1 10 12 1 1 10 12 1 1 10 7 12 1 1 1 10 12 1 1 10 12 1 1 10 7 12 1 1 1 10 7 12 1 1 1 10 7 12 1 10 12 1 1 10 7 1 10 12 1 8 1 10 8 1 8 1 8 1 8 1 8 1 8 1 8 1 8 1 9 100 12 1 1 9 100 1 9 100 1 9 100 1 9 100 1 9 100 1 9 100 1 9 100 1 9 100 1 9 12 1 1 7 1 8 1 10 12 10 12 1 1 100 1 10 12 1 1 10 7 12 1 1 1 10 7 12 1 1 1 7 1 7 1 10 10 12 1 1 10 12 1 1 100 1 10 100 12 1 1 1 10 12 1 1 10 12 1 1 10 12 9 12 1 1 10 12 1 9 12 1 1 9 12 1 1 10 12 1 1 10 7 1 10 12 1 10 12 1 1 10 9 12 1 10 12 1 8 1 10 12 1 1 10 12 1 1 10 12 1 10 12 1 10 12 1 1 9 7 12 1 1 1 10 12 1 10 7 12 1 1 10 12 1 10 12 1 10 12 1 10 12 1 9 100 12 1 1 1 9 12 1 10 12 1 10 12 1 1 9 12 1 1 10 7 10 12 1 1 10 100 12 1 1 10 12 1 10 10 100 12 1 1 1 11 100 12 1 1 9 12 1 11 12 1 1 10 12 1 10 12 1 1 10 7 1 10 10 12 1 1 10 12 1 1 10 12 1 10 10 12 1 1 100 1 8 1 10 10 12 1 1 10 12 1 100 1 11 12 1 10 12 1 1 10 12 1 10 12 1 10 12 1 1 8 1 10 12 1 8 1 9 12 1 10 12 1 10 12 1 10 12 1 10 12 100 1 9 12 1 10 12 1 9 12 1 10 12 1 10 12 1 10 12 1 10 10 12 1 10 12 1 10 12 1 10 12 1 10 12 1 10 12 1 7 1 10 10 12 1 10 12 1 11 12 1 10 12 1 1 10 12 1 1 10 12 1 1 10 12 1 1 10 12 1 1 10 12 1 1 7 1 10 10 12 1 1 10 12 1 1 10 12 1 1 10 10 12 1 10 12 1 1 10 12 1 1 10 12 1 1 10 12 1 1 10 12 10 12 1 1 10 7 12 1 1 1 10 12 1 10 12 1 1 10 12 1 10 7 12 1 1 10 12 1 1 10 10 12 1 1 100 1 10 10 12 1 1 10 100 12 1 1 1 100 1 100 1 10 12 1 1 10 12 1 10 10 12 1 1 10 12 1 10 12 1 10 12 1 10 100 12 1 1 1 11 7 12 1 1 10 12 1 10 12 1 9 100 12 1 1 8 1 10 12 1 10 12 1 10 12 1 10 12 1 1 9 12 1 9 12 1 1 10 7 12 1 1 9 12 1 10 12 1 1 10 10 12 1 10 7 12 1 1 1 10 7 12 1 1 1 10 7 12 1 1 9 12 1 1 10 12 1 9 12 1 10 12 1 1 10 12 1 10 12 1 1 9 12 1 1 9 12 1 10 12 1 10 12 1 1 9 12 1 100 1 10 10 12 1 1 7 1 10 100 11 100 1 9 12 1 1 9 12 1 10 12 1 9 12 1 1 9 12 1 10 12 1 10 12 1 1 9 12 1 7 1 10 10 12 1 1 10 10 12 1 10 12 10 10 12 1 10 12 1 1 10 12 1 8 10 7 8 1 18 8 1 8 1 10 12 1 9 12 1 9 12 1 1 10 12 1 7 1 7 1 10 12 1 9 12 1 1 10 10 12 1 9 12 1 8 1 10 12 1 10 10 12 1 1 100 1 100 1 9 12 1 100 1 8 1 10 10 7 12 1 1 1 10 12 11 7 12 1 1 1 10 12 1 10 12 1 1 10 8 1 10 12 1 8 1 10 12 1 1 9 7 12 1 1 11 12 7 1 11 7 12 1 1 9 12 1 10 100 12 1 1 1 10 7 12 1 1 10 12 1 1 9 12 1 9 10 12 1 1 10 12 1 1 10 12 1 1 10 12 1 1 10 12 1 1 11 12 1 11 12 1 1 11 7 12 1 1 11 12 1 7 1 11 12 1 10 7 12 1 1 1 10 12 1 11 12 1 10 7 12 1 1 1 10 12 1 10 7 12 1 1 1 11 12 1 11 12 1 1 10 12 1 10 12 1 1 9 12 1 1 10 12 1 10 100 12 1 1 1 10 12 1 1 10 12 1 10 12 1 10 12 1 10 7 12 1 1 1 10 12 1 8 1 10 12 1 10 12 1 10 12 1 8 1 8 1 10 7 12 1 1 10 7 12 1 1 100 1 10 12 10 7 12 1 1 1 10 7 12 1 1 1 10 12 1 1 10 12 1 18 12 1 1 11 12 1 1 18 11 12 1 18 12 1 11 12 1 10 12 1 10 12 1 7 1 8 1 8 1 10 10 12 10 12 1 8 1 10 12 1 7 1 9 12 1 1 100 1 100 1 100 1 100 1 1 1 3 1 3 1 3 1 1 1 1 1 1 1 1 1 5 0 1 1 1 1 1 1 1 1 1 1 1 1 1 1 1 1 1 1 1 1 1 1 1 1 1 1 1 1 1 100 1 1 1 1 1 1 1 1 1 1 1 100 1 1 1 1 1 1 1 1 1 1 1 1 1 1 1 1 1 1 1 1 1 1 1 1 1 1 1 1 1 1 1 1 1 1 1 1 100 1 1 1 1 1 1 1 1 1 1 1 1 1 1 1 1 1 1 1 1 1 1 1 1 1 1 1 1 1 1 100 1 1 1 1 1 1 1 1 1 1 1 1 1 1 1 1 1 1 1 1 1 1 1 1 1 1 1 1 1 1 1 1 1 1 1 1 1 1 1 1 1 1 1 1 1 1 1 1 1 1 1 1 1 1 1 1 1 1 1 100 1 100 1 1 1 1 1 1 1 1 1 1 1 1 1 1 1 1 1 1 1 1 1 1 1 1 1 1 1 1 1 1 1 1 1 1 1 1 1 1 1 1 1 1 1 1 1 1 1 1 1 1 1 1 1 1 1 1 1 1 1 1 1 1 1 1 1 1 1 1 1 1 1 1 1 1 1 1 1 1 1 1 1 1 1 1 1 1 1 1 1 1 1 1 1 1 1 1 1 1 1 1 1 1 1 1 1 1 1 1 1 1 1 1 1 1 1 1 1 1 1 1 1 1 16 15 10 12 16 15 11 12 16 1 15 10 12 16 16 15 10 12 16 15 16 1 15 10 12 16 15 10 100 12 1 1 1 1 1 100 1 1 1 1 1 1 1 1 100 1 1 100 1 100 1 1 100 1 100 1 1
staticfield java/lang/Class EMPTY_CLASS_ARRAY [Ljava/lang/Class; 0 [Ljava/lang/Class;
staticfield java/lang/Class serialPersistentFields [Ljava/io/ObjectStreamField; 0 [Ljava/io/ObjectStreamField;
ciInstanceKlass java/lang/reflect/AnnotatedElement 1 1 165 11 7 12 1 1 1 11 12 1 1 100 1 10 100 12 1 1 1 10 12 1 1 10 12 1 1 10 12 1 10 100 12 1 1 1 11 12 1 1 11 100 12 1 1 10 100 12 1 1 1 10 12 1 10 100 12 1 1 1 18 12 1 1 11 100 12 1 1 18 12 1 18 12 1 1 10 100 12 1 1 1 11 100 12 1 1 1 100 1 10 100 12 1 1 1 1 1 1 1 1 1 1 1 1 1 1 1 1 1 1 1 1 1 1 1 1 1 1 100 1 1 1 1 1 1 1 1 1 1 1 16 15 16 1 16 1 15 11 12 16 16 1 15 10 100 12 1 1 1 16 1 15 10 100 12 1 1 1 1 100 1 100 1 1
ciInstanceKlass java/lang/reflect/Type 1 1 17 11 100 12 1 1 1 100 1 1 1 1 1 1 1 1 1
ciInstanceKlass java/lang/invoke/TypeDescriptor 1 0 17 100 1 100 1 1 1 1 1 1 100 1 100 1 1 1 1
ciInstanceKlass java/lang/invoke/TypeDescriptor$OfField 1 0 21 100 1 100 1 100 1 1 1 1 1 1 1 1 1 1 1 1 1 1 1
ciInstanceKlass java/lang/reflect/GenericDeclaration 1 0 30 100 1 100 1 100 1 1 1 1 1 1 1 1 100 1 8 1 1 12 10 1 1 1 8 1 1 1 8 1
ciInstanceKlass java/lang/Module 1 1 1098 10 7 12 1 1 1 9 7 12 1 1 1 10 7 12 1 1 1 9 12 1 9 12 1 1 9 12 1 1 10 12 1 1 10 12 1 10 12 1 1 10 7 12 1 1 1 7 1 10 7 12 1 1 1 10 12 1 1 11 7 12 1 1 1 10 12 1 1 10 12 1 8 1 10 7 12 1 1 1 10 7 12 1 1 1 10 7 12 1 1 1 10 12 1 1 10 12 1 9 12 1 1 10 7 12 1 1 1 9 7 12 1 1 1 100 1 10 8 1 10 12 1 1 10 12 1 10 12 8 1 10 7 12 1 1 1 10 100 12 1 1 1 10 100 12 1 1 1 8 1 10 12 1 8 1 9 12 1 100 1 8 1 10 12 1 10 8 1 8 1 8 1 10 7 12 1 1 1 8 1 10 100 12 1 1 1 8 1 10 100 12 1 1 10 12 1 10 12 1 9 12 1 1 11 12 1 9 7 12 1 1 10 7 12 1 1 1 10 100 12 1 1 1 10 12 1 1 8 1 10 12 1 1 10 12 1 10 12 1 1 9 7 12 1 1 1 10 12 1 1 10 12 1 1 9 12 1 10 12 1 10 12 1 10 12 1 9 12 1 1 11 7 12 1 1 10 12 1 1 9 12 1 9 12 1 10 12 1 10 12 1 100 1 8 1 10 10 12 1 1 10 12 1 8 1 10 12 1 10 12 1 1 10 12 1 10 12 1 1 8 1 8 1 10 12 1 1 10 12 1 10 12 1 1 18 12 1 1 10 12 1 1 11 12 1 9 12 1 11 12 7 1 10 12 1 18 12 1 11 12 1 1 11 12 1 1 11 12 1 10 12 1 1 10 12 1 1 9 12 1 10 12 10 7 12 1 1 10 7 1 18 12 1 1 11 100 12 1 1 1 18 12 1 11 12 1 1 10 100 12 1 1 1 11 12 1 1 10 7 12 1 1 11 12 1 1 10 12 1 1 7 1 11 12 1 7 1 7 1 10 12 1 10 7 12 1 1 1 10 7 12 1 1 1 10 11 7 12 1 8 1 10 12 1 10 12 1 1 10 7 12 1 1 10 12 1 10 12 1 7 1 10 12 1 10 11 12 1 10 12 11 12 1 1 11 7 12 1 1 11 12 1 1 10 12 1 1 9 12 1 1 100 1 10 10 12 1 1 11 100 1 10 12 1 1 11 12 1 10 11 10 12 1 11 10 12 1 1 10 12 1 1 10 12 1 1 10 7 12 1 1 10 12 1 10 12 1 1 10 10 12 1 1 10 12 1 18 12 1 11 12 1 18 12 1 10 12 1 10 12 1 10 12 7 1 10 12 1 10 12 1 10 12 1 9 12 1 7 1 10 10 10 10 12 1 10 12 1 10 12 1 10 12 1 1 10 12 1 1 10 12 1 9 12 1 10 12 1 100 1 8 1 10 12 1 1 10 12 1 10 100 12 1 1 100 1 10 12 1 1 100 1 8 1 100 1 9 100 12 1 1 1 11 100 12 1 1 10 12 1 1 11 12 1 1 18 12 1 1 11 12 1 1 100 1 10 12 1 10 12 1 1 100 1 100 1 10 12 8 1 10 12 1 1 10 12 1 1 10 100 12 1 1 10 12 1 1 10 12 1 10 12 10 12 1 1 100 1 10 10 12 1 1 10 100 12 1 1 1 100 1 10 100 12 1 1 1 10 100 12 1 1 8 1 18 12 1 1 100 1 100 1 9 12 1 1 9 12 1 9 12 1 11 100 12 1 1 1 100 1 11 12 1 1 100 1 10 12 1 8 1 10 12 1 10 12 10 12 1 8 1 10 10 100 12 1 1 10 12 1 1 7 1 10 10 12 1 10 7 12 1 1 9 12 1 9 12 1 9 12 1 9 12 1 9 12 1 10 12 10 12 1 100 1 1 1 1 1 1 1 1 1 1 1 1 1 1 1 1 1 1 1 1 1 1 1 1 1 1 1 1 1 1 1 1 1 1 1 1 1 1 1 1 1 1 1 1 1 1 1 1 1 1 1 1 1 1 1 1 1 1 1 1 1 1 1 1 1 1 1 1 1 1 1 1 1 1 1 1 1 1 1 1 1 1 1 1 1 1 1 1 1 1 1 1 1 1 1 1 1 1 1 1 1 1 1 1 1 1 1 1 1 1 1 100 100 1 1 1 1 1 1 1 1 1 1 1 1 1 1 1 1 1 1 1 1 1 1 1 1 1 1 100 1 7 1 1 1 1 1 1 1 1 1 1 1 1 1 1 1 1 1 1 100 1 1 1 1 1 1 1 1 1 1 1 1 1 1 1 1 1 1 1 1 1 1 1 1 1 1 1 16 15 10 12 16 15 10 12 16 1 16 15 10 12 16 16 15 10 16 1 15 10 12 16 1 15 10 12 16 1 16 1 15 10 12 16 15 10 7 12 1 1 1 15 10 100 12 1 1 1 1 1 1 1 1 1 1 1 1 1 1 100 1 100 1 1
staticfield java/lang/Module ALL_UNNAMED_MODULE Ljava/lang/Module; java/lang/Module
staticfield java/lang/Module ALL_UNNAMED_MODULE_SET Ljava/util/Set; java/util/ImmutableCollections$Set12
staticfield java/lang/Module EVERYONE_MODULE Ljava/lang/Module; java/lang/Module
staticfield java/lang/Module EVERYONE_SET Ljava/util/Set; java/util/ImmutableCollections$Set12
staticfield java/lang/Module $assertionsDisabled Z 1
ciInstanceKlass jdk/internal/misc/Unsafe 1 1 1272 10 7 12 1 1 1 10 7 12 1 1 9 12 1 1 9 12 1 1 10 12 1 1 10 7 12 1 1 1 10 12 1 1 10 12 1 1 10 12 1 1 10 12 1 1 10 12 1 1 10 12 1 1 10 12 1 1 10 12 1 1 10 12 1 1 10 12 1 1 10 12 1 1 10 12 1 1 10 12 1 1 10 12 1 10 12 1 100 1 10 10 12 1 1 10 12 1 1 5 0 10 12 1 1 10 12 1 1 10 7 12 1 1 1 10 12 1 1 10 12 1 10 12 1 10 12 1 1 10 12 1 1 10 12 1 10 12 1 100 1 100 1 10 8 1 10 12 1 1 10 12 1 8 1 10 12 1 1 10 12 1 10 12 1 10 12 1 1 10 12 1 10 12 1 1 10 12 1 1 10 12 1 10 12 1 10 12 1 10 12 1 1 10 12 1 10 12 1 10 12 1 1 10 12 1 5 0 5 0 5 0 10 12 1 10 12 1 10 12 1 10 12 1 10 12 1 10 12 1 10 12 1 10 12 1 10 12 1 1 10 12 1 10 12 1 100 1 8 1 10 100 1 10 10 12 1 1 10 12 1 1 8 1 8 1 8 1 100 1 8 1 10 12 1 10 100 12 1 1 1 10 10 12 1 10 12 1 1 10 12 1 1 10 12 1 10 12 1 1 10 12 1 9 7 12 1 1 9 12 1 100 1 10 10 12 1 1 8 1 10 8 1 8 1 10 12 1 1 9 7 12 1 1 1 9 100 1 9 7 1 9 7 1 9 9 100 1 9 7 1 9 100 1 10 12 1 1 10 12 1 1 10 12 1 1 10 12 1 1 5 0 5 0 9 12 1 1 10 12 1 10 12 1 10 12 1 1 10 12 1 1 10 12 1 8 1 3 10 12 1 1 10 12 1 1 10 12 1 10 12 1 1 10 12 1 1 10 12 1 10 12 1 10 12 1 10 12 1 10 12 1 10 12 1 1 10 12 1 1 10 12 1 10 12 1 10 12 1 10 12 1 10 12 1 10 12 1 1 10 12 1 1 10 12 1 10 12 1 10 12 1 10 12 1 10 12 1 10 12 1 1 10 12 1 1 10 12 1 1 10 12 1 1 10 12 1 10 12 1 10 12 1 10 12 1 10 12 1 10 12 1 10 12 1 1 10 12 1 1 10 12 1 10 12 1 10 12 1 10 12 1 10 12 1 10 12 1 10 12 1 1 10 12 1 1 10 12 1 10 12 1 10 12 1 10 12 1 10 12 1 10 12 1 10 12 1 10 12 1 1 10 12 1 10 12 1 10 12 1 10 12 1 10 12 1 1 10 12 1 10 12 1 10 12 1 10 12 1 10 12 1 10 12 1 10 12 1 10 12 1 1 10 12 1 10 12 1 10 12 1 10 12 1 10 12 1 10 12 1 1 10 12 1 10 12 1 10 12 1 1 10 12 1 10 12 1 10 12 1 10 12 1 10 12 1 10 12 1 10 12 1 10 12 1 10 12 1 10 12 1 10 12 1 10 12 1 10 12 1 10 12 1 10 12 1 10 12 1 10 12 1 10 12 1 10 12 1 10 12 1 10 12 1 10 12 1 10 12 1 100 1 10 100 1 10 9 12 1 5 0 10 12 1 1 5 0 10 12 1 5 0 10 12 1 10 12 1 10 12 1 1 10 12 1 1 10 12 1 10 12 1 10 12 1 10 12 1 1 10 12 1 10 12 1 10 12 1 10 12 1 10 12 1 1 10 12 1 10 12 1 10 12 1 10 12 1 1 10 12 1 10 12 1 10 12 1 1 10 12 1 10 12 1 10 12 1 10 12 1 1 10 12 1 10 10 12 1 1 10 12 1 10 12 1 1 10 12 1 10 12 5 0 5 0 5 0 10 12 1 1 10 12 1 10 12 1 10 12 10 100 12 1 1 8 1 100 1 11 12 1 1 8 1 11 12 1 1 11 100 12 1 1 10 12 1 10 7 1 10 12 1 1 9 12 1 1 7 1 9 12 1 7 1 9 12 1 7 1 9 12 1 7 1 9 12 1 7 1 9 12 1 7 1 9 12 1 7 1 9 12 1 7 1 9 12 1 10 12 1 9 12 1 9 12 1 9 12 1 9 12 1 9 12 1 9 12 1 9 12 1 9 12 1 9 12 1 9 12 1 1 1 5 0 1 1 1 1 1 1 1 1 1 1 1 1 1 1 1 1 1 1 1 1 1 1 1 1 1 1 1 1 1 1 1 1 1 1 1 1 1 1 1 1 1 1 1 1 1 1 1 1 1 1 1 1 1 1 1 1 1 1 1 1 1 1 1 1 1 1 1 1 1 1 1 1 1 1 1 1 1 1 1 1 1 1 1 1 1 1 1 1 1 1 1 1 1 100 1 1 1 1 1 1 1 1 1 1 1 1 1 1 1 1 1 1 1 1 1 1 1 1 1 1 1 1 1 1 1 1 1 1 1 1 1 1 1 1 1 1 1 1 1 1 1 1 1 1 1 1 1 1 1 1 1 1 1 1 1 1 1 1 1 1 1 1 1 1 1 1 1 1 1 1 1 1 1 1 1 1 1 1 1 1 1 1 1 1 1 1 1 1 1 1 1 1 1 1 1 1 1 1 1 1 1 1 1 1 1 1 1 1 1 1 1 1 1 1 1 1 1 1 1 1 1 1 1 1 1 1 1 1 1 1 1 1 1 1 1 1 1 1 1 1 1 1 1 1 1 1 1 1 1 1 1 1 1 1 1 1 1 1 1 1 1 1 1 1 1 1 1 1 1 1 1 1 1 1 1 1 1 1 1 1 1 1 1 1 1 1 1 1 1 1 1 1 1 1 1 1 1 1 1 1 1 1 1 1 1 1 1 1
staticfield jdk/internal/misc/Unsafe theUnsafe Ljdk/internal/misc/Unsafe; jdk/internal/misc/Unsafe
staticfield jdk/internal/misc/Unsafe ARRAY_BOOLEAN_BASE_OFFSET J 16
staticfield jdk/internal/misc/Unsafe ARRAY_BYTE_BASE_OFFSET J 16
staticfield jdk/internal/misc/Unsafe ARRAY_SHORT_BASE_OFFSET J 16
staticfield jdk/internal/misc/Unsafe ARRAY_CHAR_BASE_OFFSET J 16
staticfield jdk/internal/misc/Unsafe ARRAY_INT_BASE_OFFSET J 16
staticfield jdk/internal/misc/Unsafe ARRAY_LONG_BASE_OFFSET J 16
staticfield jdk/internal/misc/Unsafe ARRAY_FLOAT_BASE_OFFSET J 16
staticfield jdk/internal/misc/Unsafe ARRAY_DOUBLE_BASE_OFFSET J 16
staticfield jdk/internal/misc/Unsafe ARRAY_OBJECT_BASE_OFFSET J 16
staticfield jdk/internal/misc/Unsafe ARRAY_BOOLEAN_INDEX_SCALE I 1
staticfield jdk/internal/misc/Unsafe ARRAY_BYTE_INDEX_SCALE I 1
staticfield jdk/internal/misc/Unsafe ARRAY_SHORT_INDEX_SCALE I 2
staticfield jdk/internal/misc/Unsafe ARRAY_CHAR_INDEX_SCALE I 2
staticfield jdk/internal/misc/Unsafe ARRAY_INT_INDEX_SCALE I 4
staticfield jdk/internal/misc/Unsafe ARRAY_LONG_INDEX_SCALE I 8
staticfield jdk/internal/misc/Unsafe ARRAY_FLOAT_INDEX_SCALE I 4
staticfield jdk/internal/misc/Unsafe ARRAY_DOUBLE_INDEX_SCALE I 8
staticfield jdk/internal/misc/Unsafe ARRAY_OBJECT_INDEX_SCALE I 4
staticfield jdk/internal/misc/Unsafe ADDRESS_SIZE I 8
ciInstanceKlass java/lang/Thread$FieldHolder 1 1 55 10 7 12 1 1 1 9 7 12 1 1 1 9 12 1 1 9 12 1 1 9 12 1 1 9 12 1 1 1 1 1 1 1 1 1 1 1 1 100 1 100 1 1 1 1 100 1 1 1 100 1 100 1 1
ciInstanceKlass java/lang/Thread$Constants 0 0 47 100 1 10 100 12 1 1 1 10 12 1 1 10 12 1 1 10 100 12 1 1 8 1 10 12 1 9 100 12 1 1 1 1 1 1 1 1 1 1 1 1 1 1 1 1 1
ciInstanceKlass java/lang/ThreadGroup 1 1 380 10 7 12 1 1 1 9 7 12 1 1 1 8 1 9 12 1 1 100 1 9 12 1 1 9 12 1 1 10 7 12 1 1 1 10 12 1 1 10 12 1 10 12 1 1 10 12 1 1 10 12 1 10 12 1 10 12 1 10 100 12 1 1 1 10 12 1 1 18 12 1 1 11 100 12 1 1 1 10 12 1 1 10 12 1 1 10 12 1 1 10 100 12 1 1 1 10 12 1 11 12 1 1 11 100 12 1 1 11 12 1 1 10 12 1 1 10 12 1 10 12 1 11 12 1 11 12 1 1 10 12 1 100 1 10 18 12 1 1 11 100 12 1 1 1 11 12 1 1 9 100 12 1 1 1 10 12 1 1 8 1 10 100 12 1 1 1 10 100 12 1 1 1 10 12 1 1 11 12 10 12 1 1 10 12 1 1 11 100 1 9 12 1 100 1 10 8 1 10 12 1 1 10 12 1 1 8 1 10 12 1 10 100 12 1 1 1 10 12 1 1 10 7 1 8 1 10 8 1 10 12 1 10 12 1 8 1 9 12 1 1 9 12 1 10 100 12 1 1 1 100 9 12 1 1 7 1 9 12 1 10 12 10 12 1 1 100 10 12 9 12 1 10 12 1 100 1 10 100 1 10 10 12 1 10 12 1 1 1 1 1 1 1 1 1 1 1 1 1 1 1 1 3 1 1 1 1 1 1 1 1 1 1 1 100 1 1 1 1 1 1 1 1 1 1 1 1 1 1 1 1 1 1 1 1 1 1 1 1 1 1 1 1 1 1 1 1 1 1 1 1 1 1 1 1 16 15 10 12 16 16 15 10 12 16 15 10 100 12 1 1 1 1 1 100 1 100 1 1
staticfield java/lang/ThreadGroup $assertionsDisabled Z 1
ciInstanceKlass java/lang/Thread$UncaughtExceptionHandler 1 0 16 100 1 100 1 1 1 1 1 1 1 1 100 1 1 1
instanceKlass java/lang/ThreadBuilders$BoundVirtualThread
instanceKlass java/lang/VirtualThread
ciInstanceKlass java/lang/BaseVirtualThread 0 0 36 10 100 12 1 1 1 100 1 1 1 1 1 1 1 1 1 1 1 1 1 1 1 1 1 1 1 1 100 1 100 1 1 100 1 1
ciInstanceKlass java/lang/VirtualThread 0 0 941 9 100 12 1 1 1 9 12 1 1 10 100 12 1 1 1 10 100 12 1 1 1 10 100 12 1 1 1 9 12 1 1 100 1 10 12 1 9 12 1 1 18 12 1 1 9 12 1 1 10 12 1 1 100 1 10 12 1 10 12 1 1 10 12 1 1 10 12 1 10 12 1 1 9 12 1 1 10 12 1 10 100 12 1 10 12 1 10 12 1 10 12 1 10 12 1 9 12 1 1 11 100 12 1 1 1 100 1 10 100 12 1 1 1 10 12 1 1 11 100 12 1 1 1 10 10 12 1 10 12 1 10 12 1 100 1 10 12 1 1 100 1 9 12 1 1 5 0 10 100 12 1 1 1 9 12 1 100 1 100 1 10 10 12 1 10 12 1 1 10 12 1 10 12 1 1 10 12 1 10 12 10 12 1 100 1 10 10 12 1 10 12 1 1 9 12 1 1 10 12 1 1 9 12 1 1 10 12 1 9 12 1 10 100 12 1 1 10 9 10 10 12 1 1 10 12 1 1 10 100 12 1 1 10 100 1 10 9 10 100 1 10 12 1 1 10 12 1 10 10 12 1 1 9 12 1 10 12 1 10 12 1 9 12 1 1 10 12 1 10 12 1 10 12 1 1 9 12 1 1 10 12 1 10 12 1 1 10 12 1 10 12 1 1 9 12 1 18 9 100 12 1 1 1 10 12 1 1 9 12 1 10 12 1 10 12 1 1 9 12 1 10 12 1 9 12 1 1 18 12 1 9 12 1 9 12 1 10 12 9 12 1 1 10 100 12 1 1 10 12 1 10 12 1 1 10 100 12 1 1 10 12 1 100 1 8 1 10 12 1 10 12 1 1 10 12 1 10 12 1 10 12 1 10 100 12 1 1 10 12 1 10 12 1 10 12 1 10 12 1 10 100 12 1 1 8 1 10 12 1 10 12 1 10 12 1 10 12 1 1 10 12 1 10 12 10 12 10 12 1 100 1 10 10 12 1 10 12 1 1 10 12 1 1 10 12 1 10 12 1 10 12 1 1 10 12 1 1 11 100 12 1 1 11 12 1 10 12 9 100 12 1 1 1 9 12 1 10 12 1 1 9 12 1 9 12 1 9 12 1 9 12 1 100 1 10 10 12 1 1 10 12 1 100 1 100 1 10 8 1 10 12 1 1 10 12 1 10 12 1 10 10 12 1 8 1 10 10 12 1 10 12 1 10 100 12 1 1 8 1 8 1 10 12 1 1 10 10 9 100 12 1 1 1 10 12 1 1 10 12 1 10 10 12 9 12 1 10 12 1 1 10 12 1 9 12 1 10 12 1 1 9 12 1 10 12 1 1 9 12 1 10 12 1 1 18 12 1 1 8 1 10 12 1 1 8 1 8 1 10 100 12 1 1 1 10 100 12 1 1 1 10 12 1 10 12 1 1 10 12 1 18 12 1 1 18 12 1 1 5 0 9 12 1 10 12 1 10 12 1 10 100 1 10 12 1 1 9 12 1 9 12 1 1 10 12 1 1 10 12 1 10 12 10 12 1 1 10 100 12 1 1 10 12 1 1 100 1 8 1 10 10 12 1 8 10 12 1 1 8 8 9 12 1 8 8 10 12 1 10 12 1 1 8 1 18 12 1 10 100 12 1 1 10 12 1 10 12 1 3 1 3 1 3 1 3 1 3 1 3 1 3 1 3 1 3 1 3 1 3 1 3 1 3 3 1 3 3 1 3 3 1 3 3 1 3 1 1 1 1 1 1 1 1 1 1 1 1 1 1 1 1 1 100 1 1 1 1 1 1 1 1 1 1 1 1 1 1 1 1 1 1 1 1 1 100 1 1 1 1 1 1 1 1 1 1 1 1 1 1 1 1 1 1 1 1 1 1 1 1 1 1 1 1 1 1 1 1 1 1 100 1 1 1 1 1 1 1 1 1 1 1 1 1 1 1 1 1 1 1 1 1 1 1 1 1 1 1 100 1 1 1 1 1 1 1 1 1 1 1 1 1 1 1 1 1 1 1 1 1 1 100 1 1 16 15 10 12 15 10 12 15 10 12 16 15 10 12 16 15 10 12 16 15 10 12 16 15 10 12 15 10 100 12 1 1 1 1 1 1 1 100 1 1 1 100 1 100 1 1
ciInstanceKlass java/lang/ThreadBuilders$BoundVirtualThread 0 0 132 10 100 12 1 1 1 9 100 12 1 1 1 10 100 12 1 1 1 9 12 1 1 10 12 1 1 10 12 1 1 9 12 1 1 10 100 12 1 1 1 10 12 1 1 100 1 8 1 10 12 1 10 12 1 1 10 12 1 1 10 12 1 1 10 100 12 1 1 1 8 1 10 12 1 8 1 10 12 1 1 10 100 12 1 1 9 100 12 1 1 1 10 12 1 1 10 10 12 1 1 1 1 1 1 1 1 1 1 1 1 1 1 1 1 1 1 1 1 1 1 1 1 1 1 1 1 100 1 1 1 1
instanceKlass net/bytebuddy/asm/Advice$NoExceptionHandler
instanceKlass java/lang/Exception
instanceKlass java/lang/Error
ciInstanceKlass java/lang/Throwable 1 1 412 10 7 12 1 1 1 9 7 12 1 1 1 9 12 1 1 9 12 1 9 12 1 1 9 12 1 10 12 1 1 9 12 1 1 10 12 1 1 10 100 12 1 1 1 9 12 1 1 10 12 1 1 10 12 1 100 1 7 1 10 8 1 10 12 1 1 8 1 10 100 12 1 1 10 10 12 1 100 1 8 1 10 10 7 12 1 1 10 12 1 8 1 9 100 12 1 1 1 10 12 1 1 7 1 10 12 10 12 1 7 1 10 10 7 12 1 1 1 11 7 12 1 1 1 10 7 12 1 1 1 10 12 1 1 10 12 1 1 8 1 10 12 1 10 12 1 1 8 1 8 1 10 12 1 1 10 12 1 8 1 8 1 9 12 1 10 100 12 1 1 100 1 10 11 12 1 8 1 8 1 10 7 12 1 1 8 1 10 12 1 8 1 100 1 10 12 1 9 12 1 1 10 12 1 10 7 12 1 9 12 1 1 10 12 1 1 100 1 8 1 10 12 1 10 100 12 1 1 10 12 1 1 100 1 10 100 12 1 1 1 10 12 1 11 100 12 1 1 1 11 100 12 1 1 1 11 12 1 8 1 10 12 1 1 8 1 10 10 9 100 12 1 1 1 8 1 10 12 1 1 11 10 100 1 8 1 10 11 12 1 1 8 1 9 12 1 10 100 12 1 1 11 9 12 1 1 11 12 1 1 100 10 12 1 10 12 1 1 100 1 1 1 1 5 0 1 1 1 1 1 1 1 1 1 1 1 1 100 1 1 1 1 1 1 1 1 1 1 1 1 1 1 1 1 1 1 1 1 1 1 1 1 1 1 1 1 1 1 1 1 1 1 1 1 1 1 1 1 1 1 1 100 1 100 1 1 1 1 1 1 1 1 1 1 1 1 1 1 1 1 1 1 1 7 1 12 10 1 1 12 10
staticfield java/lang/Throwable UNASSIGNED_STACK [Ljava/lang/StackTraceElement; 0 [Ljava/lang/StackTraceElement;
staticfield java/lang/Throwable SUPPRESSED_SENTINEL Ljava/util/List; java/util/Collections$EmptyList
staticfield java/lang/Throwable EMPTY_THROWABLE_ARRAY [Ljava/lang/Throwable; 0 [Ljava/lang/Throwable;
staticfield java/lang/Throwable $assertionsDisabled Z 1
ciInstanceKlass jdk/internal/vm/ContinuationScope 0 0 50 10 100 12 1 1 1 10 100 12 1 1 1 100 1 9 100 12 1 1 1 10 12 1 1 10 100 12 1 1 1 10 12 1 1 10 12 1 1 1 1 1 1 1 1 1 1 1 1 1
ciInstanceKlass jdk/internal/vm/StackChunk 1 1 32 10 100 12 1 1 1 9 100 12 1 1 1 9 12 1 1 9 12 1 1 1 1 1 1 1 1 1 1 1 1 1
ciInstanceKlass java/lang/Boolean 1 1 146 10 7 12 1 1 1 9 7 12 1 1 1 10 12 1 1 10 12 1 8 1 10 7 12 1 1 9 12 1 1 9 12 1 10 12 1 1 10 12 1 1 10 12 1 1 10 12 1 10 7 12 1 1 1 10 12 1 1 9 100 12 1 1 9 12 10 100 12 1 1 1 10 12 1 1 8 1 10 7 12 1 1 1 9 12 1 1 100 1 100 1 100 1 1 1 1 1 1 5 0 1 1 1 1 1 1 1 1 1 1 1 1 1 1 1 1 1 1 1 1 1 1 1 1 1 1 1 1 1 1 1 1 1 1 1 100 1 1 1 1 1 1 1 1 1
staticfield java/lang/Boolean TRUE Ljava/lang/Boolean; java/lang/Boolean
staticfield java/lang/Boolean FALSE Ljava/lang/Boolean; java/lang/Boolean
staticfield java/lang/Boolean TYPE Ljava/lang/Class; java/lang/Class
ciInstanceKlass java/lang/Character 1 1 603 7 1 100 1 100 1 9 12 1 1 8 1 9 12 1 1 100 1 9 12 1 1 10 100 12 1 1 1 10 100 12 1 1 1 10 100 12 1 1 1 10 7 12 1 1 1 9 7 12 1 1 1 10 12 1 10 12 1 1 10 12 1 1 10 7 12 1 1 10 12 1 1 3 3 3 3 3 10 12 1 1 10 12 1 3 11 7 12 1 1 1 11 12 1 1 10 12 1 1 10 12 1 1 100 1 10 10 12 1 3 10 12 1 1 10 12 1 10 12 1 1 100 1 8 1 10 12 1 1 10 12 1 10 12 1 10 12 1 10 100 12 1 1 1 10 12 1 10 12 1 10 12 1 1 10 12 1 10 7 12 1 1 10 10 12 1 10 10 12 1 10 12 1 1 10 12 1 10 10 12 1 10 12 1 10 12 1 10 12 1 10 12 1 10 12 1 10 12 1 10 12 10 10 12 10 10 12 1 10 10 12 1 10 10 12 1 10 10 12 1 10 12 1 10 12 1 10 12 1 10 12 1 10 12 1 10 12 1 10 10 12 1 10 10 12 1 10 10 12 1 1 10 10 12 1 10 5 0 10 12 1 10 12 1 10 10 12 1 10 10 12 1 1 10 10 12 1 10 10 12 1 9 12 1 1 100 1 10 10 12 1 10 12 1 1 3 10 100 12 1 1 1 10 12 1 10 100 12 1 1 100 1 10 10 12 1 1 10 12 1 1 10 12 1 1 8 1 10 12 1 9 100 12 1 1 1 10 12 1 10 10 12 1 10 12 1 1 10 12 1 10 10 12 1 1 10 10 12 1 1 100 1 8 1 10 12 1 1 10 7 12 1 1 1 8 1 10 12 1 1 9 12 1 1 100 1 100 1 100 1 1 1 1 3 1 3 1 3 1 3 1 1 1 1 1 3 1 1 3 1 3 1 3 1 3 1 3 1 3 1 3 1 3 1 3 1 3 1 3 1 3 1 3 1 3 1 3 1 3 1 3 1 3 1 3 1 3 1 3 1 3 1 3 1 3 1 3 1 3 1 3 1 3 1 1 1 1 1 1 1 1 1 1 1 1 1 1 1 1 1 1 1 3 1 1 1 1 1 1 1 3 1 1 3 1 1 1 1 1 3 1 1 5 0 1 1 1 1 1 1 1 1 1 1 1 1 1 1 1 1 1 1 1 1 1 1 1 1 1 1 1 1 1 1 1 1 1 1 1 1 1 1 1 1 1 1 1 1 1 1 1 1 1 1 1 1 1 1 1 1 1 1 1 1 1 1 1 1 1 1 1 1 1 1 1 1 1 1 1 1 1 1 1 1 1 1 1 1 1 1 1 1 1 100 1 100 1 1 1 1 1 1
staticfield java/lang/Character TYPE Ljava/lang/Class; java/lang/Class
staticfield java/lang/Character $assertionsDisabled Z 1
ciInstanceKlass java/lang/Float 1 1 277 7 1 100 1 10 100 12 1 1 1 10 100 12 1 1 1 4 100 1 10 12 1 1 10 12 1 1 8 1 8 1 10 100 12 1 1 1 10 12 1 1 10 12 1 1 10 100 1 4 10 7 12 1 1 9 12 1 1 10 12 1 1 10 12 1 10 10 12 1 1 10 12 1 10 12 1 3 3 100 1 4 4 4 3 10 12 1 1 9 12 1 1 100 1 10 3 3 4 4 10 12 1 3 3 3 10 12 1 1 10 12 1 1 10 12 1 10 100 12 1 1 1 10 12 1 1 10 12 1 1 10 7 12 1 1 1 8 1 10 12 1 1 9 12 1 1 100 1 100 1 100 1 1 1 1 4 1 4 1 1 1 4 1 1 3 1 3 1 3 1 3 1 3 1 1 1 1 5 0 1 1 1 1 1 1 1 1 1 1 100 1 1 1 1 1 1 1 1 1 1 1 1 1 1 1 1 1 1 1 1 1 1 1 1 1 1 1 1 1 1 1 1 1 1 1 1 1 1 1 1 1 1 1 1 1 1 1 1 1 1 1 1 1 1 1 1 1 1 1 1 1 1 1 1 1 1 1 1 1 1 1 1 1 100 1 1 1 1 1 1 1 100 1 100 1 1
staticfield java/lang/Float TYPE Ljava/lang/Class; java/lang/Class
staticfield java/lang/Float $assertionsDisabled Z 1
instanceKlass java/math/BigInteger
instanceKlass java/util/concurrent/atomic/Striped64
instanceKlass java/math/BigDecimal
instanceKlass java/util/concurrent/atomic/AtomicLong
instanceKlass java/util/concurrent/atomic/AtomicInteger
instanceKlass java/lang/Long
instanceKlass java/lang/Integer
instanceKlass java/lang/Short
instanceKlass java/lang/Byte
instanceKlass java/lang/Double
instanceKlass java/lang/Float
ciInstanceKlass java/lang/Number 1 1 37 10 7 12 1 1 1 10 100 12 1 1 1 100 1 1 1 1 5 0 1 1 1 1 1 1 1 1 1 1 1 1 1 1 1 1 1
ciInstanceKlass java/lang/Double 1 1 268 7 1 100 1 10 100 12 1 1 1 10 12 1 1 10 10 12 1 1 8 1 8 1 10 100 12 1 1 1 6 0 100 1 5 0 5 0 10 7 12 1 1 1 10 12 1 1 10 100 12 1 1 1 9 100 12 1 1 1 10 12 1 1 10 100 12 1 1 1 10 12 1 1 10 12 1 1 10 7 1 6 0 10 7 12 1 1 9 12 1 1 10 12 1 10 12 1 10 12 1 10 12 10 12 1 5 0 10 12 1 1 10 12 1 1 10 12 1 10 100 12 1 1 1 10 12 1 1 10 12 1 1 8 1 10 7 12 1 1 1 9 12 1 1 100 1 100 1 100 1 1 1 6 0 1 6 0 1 6 0 1 1 1 6 0 1 1 3 1 3 1 3 1 3 1 3 1 1 1 1 5 0 1 1 1 1 1 1 1 1 1 1 1 1 1 1 1 1 1 100 1 1 1 1 1 100 1 1 1 1 1 1 1 1 1 1 1 1 1 1 1 1 1 1 1 1 1 1 1 1 1 1 1 1 1 1 1 1 1 1 1 1 1 1 1 1 1 1 1 1 1 1 1 1 100 1 1 1 1 1 1 1 100 1 100 1 1
staticfield java/lang/Double TYPE Ljava/lang/Class; java/lang/Class
ciInstanceKlass java/lang/Byte 1 1 212 7 1 100 1 10 100 12 1 1 1 9 12 1 1 8 1 9 12 1 1 100 1 10 12 1 1 10 12 1 1 10 100 12 1 1 1 10 100 12 1 1 1 9 7 12 1 1 1 10 12 1 1 100 1 100 1 10 12 1 1 8 1 10 12 1 1 8 1 10 12 1 10 12 1 10 12 1 10 12 1 1 10 12 1 10 12 1 10 12 1 1 10 8 1 8 1 10 7 1 9 12 1 1 10 12 1 1 10 12 1 1 10 12 1 1 10 12 1 5 0 10 12 1 1 8 1 10 7 12 1 1 1 9 12 1 1 100 1 100 1 1 1 3 1 3 1 1 1 1 3 1 3 1 1 5 0 1 1 1 1 1 1 1 1 1 1 1 1 1 1 1 1 1 1 1 1 1 1 1 1 1 1 1 1 1 1 1 1 1 1 1 1 1 1 1 1 1 1 1 1 1 1 1 1 1 1 1 1 1 1 1
staticfield java/lang/Byte TYPE Ljava/lang/Class; java/lang/Class
ciInstanceKlass java/lang/Short 1 1 220 7 1 100 1 100 1 10 100 12 1 1 1 10 12 1 1 100 1 100 1 10 12 1 1 8 1 10 12 1 1 8 1 10 12 1 10 12 1 10 12 1 10 12 1 1 10 12 1 1 10 12 1 9 12 1 1 8 1 9 12 1 1 100 1 10 12 1 1 10 12 1 10 100 12 1 1 1 10 100 12 1 1 1 9 7 12 1 1 1 10 12 1 10 12 1 1 10 8 1 8 1 10 7 1 9 12 1 1 10 12 1 1 10 12 1 1 10 12 1 1 10 12 1 3 3 5 0 10 12 1 1 8 1 10 7 12 1 1 1 9 12 1 1 100 1 100 1 1 1 3 1 3 1 1 1 1 3 1 3 1 1 5 0 1 1 1 1 1 1 1 1 1 1 1 1 1 1 1 1 1 1 1 1 1 1 1 1 1 1 1 1 1 1 1 1 1 1 1 1 1 1 1 1 1 1 1 1 1 1 1 1 1 1 1 1 1 1 1 1
staticfield java/lang/Short TYPE Ljava/lang/Class; java/lang/Class
ciInstanceKlass java/lang/Integer 1 1 431 7 1 100 1 7 1 10 12 1 1 9 7 12 1 1 1 9 12 1 1 10 100 12 1 1 1 10 12 1 1 10 100 12 1 1 1 10 10 12 1 1 10 100 12 1 1 1 10 12 1 10 12 1 1 10 7 12 1 1 1 10 12 1 1 10 12 1 1 10 7 12 1 1 10 12 1 1 10 12 1 100 1 8 1 10 12 1 1 8 1 100 1 10 12 1 1 10 12 1 1 8 1 10 12 1 1 8 1 10 12 1 1 10 12 1 1 10 12 1 1 3 3 10 7 12 1 1 1 11 7 1 10 12 1 1 11 10 12 1 1 10 12 1 1 8 1 10 12 1 10 12 1 8 1 100 1 10 12 1 8 1 10 12 1 1 10 12 1 8 1 10 12 1 10 12 1 7 1 9 12 1 1 9 12 1 1 10 12 1 10 7 1 9 12 1 10 12 1 10 12 1 10 12 1 1 10 12 1 1 10 7 12 1 1 1 10 12 1 1 8 1 8 1 10 12 1 1 8 1 8 1 8 1 8 1 8 1 8 1 10 12 1 10 12 1 10 12 1 5 0 3 3 3 3 10 12 1 10 12 1 3 10 12 1 10 100 12 1 1 1 10 12 1 1 10 12 1 1 8 1 10 7 12 1 1 1 9 12 1 1 100 1 100 1 100 1 1 1 1 3 1 1 1 1 1 3 1 3 1 1 5 0 1 1 1 1 1 1 1 1 1 100 1 1 1 1 1 1 1 1 1 1 1 1 1 1 1 1 1 1 1 1 1 1 1 1 1 1 1 1 1 1 1 1 1 1 1 1 1 1 1 1 1 1 1 1 1 1 1 1 1 1 1 1 1 1 1 1 1 1 1 1 1 1 1 1 1 1 1 1 1 1 1 1 1 1 1 1 1 1 1 1 1 1 1 1 1 1 1 1 1 1 1 1 1 100 1 1 1 1 1 1 1 1 1 100 1 100 1 1
staticfield java/lang/Integer TYPE Ljava/lang/Class; java/lang/Class
staticfield java/lang/Integer digits [B 36
ciInstanceKlass java/lang/Long 1 1 493 7 1 100 1 7 1 10 12 1 1 9 7 12 1 1 1 9 7 12 1 1 1 10 100 12 1 1 1 10 12 1 1 10 100 12 1 1 1 10 10 12 10 12 1 10 12 1 10 12 1 5 0 5 0 7 1 10 12 1 1 10 12 1 1 10 12 1 10 12 1 10 12 1 10 12 1 1 10 100 12 1 1 10 12 1 10 12 1 1 10 12 1 1 10 12 1 1 10 12 1 1 10 7 12 1 1 1 10 12 1 1 10 12 1 1 10 7 12 1 1 10 12 1 1 10 12 1 100 1 8 1 10 12 1 8 1 100 1 10 12 1 10 12 1 1 8 1 10 12 1 1 8 1 10 12 1 1 10 12 1 1 10 12 1 1 5 0 5 0 10 100 12 1 1 1 11 100 1 10 12 1 1 11 10 12 1 1 10 12 1 1 8 1 5 0 10 12 1 1 10 12 1 1 8 1 8 1 10 12 1 8 1 10 12 1 10 12 1 5 0 5 0 9 7 12 1 1 1 10 12 1 10 12 1 1 8 1 8 1 10 12 1 1 8 1 8 1 8 1 8 1 8 1 8 1 10 12 1 10 12 1 10 7 1 9 12 1 1 10 12 1 10 12 1 1 10 12 1 1 10 100 12 1 1 1 10 12 1 1 10 12 1 10 12 1 10 12 1 5 0 5 0 5 0 10 12 1 1 10 12 1 5 0 5 0 10 12 10 12 1 10 100 12 1 1 1 10 12 1 1 10 12 1 1 8 1 10 7 12 1 1 1 9 12 1 1 100 1 100 1 100 1 1 1 1 5 0 1 1 1 1 3 1 3 1 5 0 1 1 1 1 1 1 1 1 1 100 1 1 1 1 1 1 1 1 1 1 1 1 1 1 1 1 1 1 1 1 1 1 1 1 1 1 1 1 1 1 1 1 1 1 1 1 1 1 1 1 1 1 1 1 1 1 1 1 1 1 1 1 1 1 1 1 1 1 1 1 1 1 1 1 1 1 1 1 1 1 1 1 1 1 1 1 1 1 1 1 1 1 1 1 1 1 1 1 1 1 1 1 1 1 1 1 1 1 1 1 100 1 1 1 1 1 1 1 1 1 100 1 100 1 1
staticfield java/lang/Long TYPE Ljava/lang/Class; java/lang/Class
ciInstanceKlass java/lang/Void 1 1 31 10 100 12 1 1 1 8 1 10 7 12 1 1 1 9 7 12 1 1 1 1 1 1 1 1 1 1 1 1 1
staticfield java/lang/Void TYPE Ljava/lang/Class; java/lang/Class
ciInstanceKlass jdk/internal/vm/vector/VectorSupport 0 0 601 100 1 10 100 12 1 1 1 9 12 1 1 10 100 12 1 1 1 100 1 10 12 1 11 100 12 1 1 1 11 100 12 1 1 1 11 100 12 1 1 1 11 100 12 1 1 11 100 12 1 1 11 100 12 1 1 11 100 12 1 1 11 100 12 1 1 11 100 12 1 1 11 100 12 1 1 11 100 12 1 1 1 11 100 12 1 1 11 100 12 1 1 1 11 100 12 1 1 1 11 100 12 1 1 11 100 12 1 1 1 11 100 12 1 1 100 1 10 12 1 1 11 100 12 1 1 11 100 12 1 1 11 100 12 1 1 11 100 1 11 100 12 1 1 11 100 12 1 1 11 100 12 1 1 9 12 1 1 10 100 12 1 1 11 100 12 1 1 10 100 12 1 1 1 10 100 12 1 1 10 12 1 1 10 12 1 1 1 1 1 3 1 3 1 3 1 3 1 3 1 3 1 3 1 3 1 3 1 3 1 3 1 3 1 3 1 3 1 3 1 3 1 3 1 3 1 3 1 3 1 3 1 3 1 3 1 3 1 3 1 3 1 3 1 3 1 3 1 3 1 3 1 3 1 3 1 3 1 3 1 3 1 3 1 3 1 3 1 3 1 3 1 3 1 3 1 3 1 3 1 3 1 3 1 3 1 3 1 3 1 3 1 3 1 3 1 1 1 3 1 3 1 3 1 3 1 3 1 3 1 1 1 1 1 1 1 1 1 1 1 1 1 1 1 1 1 1 1 1 1 1 1 1 1 1 1 1 1 1 1 1 1 1 1 1 1 1 1 1 1 1 1 1 1 1 1 1 1 1 1 1 1 1 1 1 1 1 1 1 1 1 1 1 1 1 1 1 1 1 1 1 1 1 1 1 1 1 1 1 1 1 1 1 1 1 1 1 1 1 1 1 1 1 1 1 1 1 1 1 1 1 1 1 1 1 1 1 1 1 1 1 1 1 1 1 1 1 1 1 1 1 1 1 1 1 1 1 1 1 1 1 1 1 1 1 1 1 1 1 1 1 1 1 1 1 1 1 1 1 1 1 1 1 1 1 1 1 1 1 1 1 1 1 1 1 1 1 1 1 1 1 1 1 1 1 1 1 1 1 1 1 1 1 1 1 1 1 1 1 1 1 1 1 1 1 1 1 1 1 1 1 1 1 1 1 1 1 1 1 1 1 1 1 1 1 1 1 1 1 1 1 1 1 1 1 1 1 1 1 1 1 1 1 1 1 1 1 1 1 1 1 1 1 1 1 1 1 1 1 1 100 1 100 1 100 1 100 1 100 1 1 1 1 1 1 1 1 1 1 1 1 1 1 1 1 1 1 1 1 1 1 1 1 1 1 1 1 1 1 1
instanceKlass jdk/internal/vm/vector/VectorSupport$VectorShuffle
instanceKlass jdk/internal/vm/vector/VectorSupport$VectorMask
instanceKlass jdk/internal/vm/vector/VectorSupport$Vector
ciInstanceKlass jdk/internal/vm/vector/VectorSupport$VectorPayload 0 0 32 10 100 12 1 1 1 9 100 12 1 1 1 10 100 12 1 1 1 1 1 1 1 1 1 1 1 1 1 1 1 1
ciInstanceKlass jdk/internal/vm/vector/VectorSupport$Vector 0 0 28 10 100 12 1 1 1 100 1 1 1 1 1 1 1 1 1 1 1 1 1 1 1 100 1 1 1 1
ciInstanceKlass jdk/internal/vm/vector/VectorSupport$VectorMask 0 0 28 10 100 12 1 1 1 100 1 1 1 1 1 1 1 1 1 1 1 1 1 1 1 100 1 1 1 1
ciInstanceKlass jdk/internal/vm/vector/VectorSupport$VectorShuffle 0 0 28 10 100 12 1 1 1 100 1 1 1 1 1 1 1 1 1 1 1 1 1 1 1 100 1 1 1 1
ciInstanceKlass jdk/internal/vm/FillerObject 0 0 16 10 100 12 1 1 1 100 1 1 1 1 1 1 1 1
instanceKlass java/lang/ref/PhantomReference
instanceKlass java/lang/ref/FinalReference
instanceKlass java/lang/ref/WeakReference
instanceKlass java/lang/ref/SoftReference
ciInstanceKlass java/lang/ref/Reference 1 1 194 9 7 12 1 1 1 9 7 12 1 1 10 12 1 1 10 12 1 1 9 12 1 1 10 12 1 1 9 12 1 1 9 12 1 1 10 12 1 10 7 12 1 1 10 12 1 1 10 12 1 7 1 8 1 10 12 1 1 7 1 10 12 1 1 10 12 1 1 10 12 1 10 12 1 1 10 12 1 1 10 12 1 10 12 1 10 12 1 9 12 1 100 1 100 1 10 12 9 12 1 9 12 1 9 12 1 100 1 10 10 12 1 10 10 7 12 1 1 7 1 10 10 7 12 1 1 1 1 1 1 1 1 1 1 1 1 1 1 1 1 1 1 1 100 1 1 1 100 1 1 1 1 1 1 1 1 1 1 1 1 1 1 1 1 1 1 1 1 1 1 1 1 1 1 1 1 1 1 1 1 1 1 1 1 1 100 1 100 1 100 1 1 1
staticfield java/lang/ref/Reference processPendingLock Ljava/lang/Object; java/lang/Object
staticfield java/lang/ref/Reference $assertionsDisabled Z 1
instanceKlass java/util/ResourceBundle$BundleReference
instanceKlass jakarta/persistence/spi/PersistenceProviderResolverHolder$DefaultPersistenceProviderResolver$PersistenceProviderReference
instanceKlass org/hibernate/validator/internal/util/ConcurrentReferenceHashMap$SoftValueReference
instanceKlass org/hibernate/validator/internal/util/ConcurrentReferenceHashMap$SoftKeyReference
instanceKlass org/springframework/util/ConcurrentReferenceHashMap$SoftEntryReference
instanceKlass sun/util/locale/provider/LocaleResources$ResourceReference
instanceKlass sun/util/resources/Bundles$BundleReference
instanceKlass jdk/internal/util/SoftReferenceKey
instanceKlass java/lang/invoke/LambdaFormEditor$Transform
ciInstanceKlass java/lang/ref/SoftReference 1 1 50 10 7 12 1 1 1 9 7 12 1 1 1 9 12 1 10 12 1 10 12 1 1 1 1 1 1 1 1 1 1 1 1 1 1 1 1 1 1 1 1 1 1 100 1 1 1 1 1 1
instanceKlass java/util/ResourceBundle$KeyElementReference
instanceKlass jakarta/persistence/spi/PersistenceProviderResolverHolder$DefaultPersistenceProviderResolver$LoaderReference
instanceKlass net/bytebuddy/TypeCache$StorageKey
instanceKlass org/mockito/internal/util/concurrent/WeakConcurrentMap$WeakKey
instanceKlass org/apache/commons/logging/impl/WeakHashtable$WeakKey
instanceKlass com/intellij/rt/debugger/agent/CaptureStorage$ConcurrentIdentityWeakHashMap$WeakKey
instanceKlass java/util/logging/LogManager$LoggerWeakRef
instanceKlass java/util/logging/Level$KnownLevel
instanceKlass java/lang/ThreadLocal$ThreadLocalMap$Entry
instanceKlass java/lang/WeakPairMap$WeakRefPeer
instanceKlass jdk/internal/util/WeakReferenceKey
instanceKlass java/util/WeakHashMap$Entry
ciInstanceKlass java/lang/ref/WeakReference 1 1 34 10 7 12 1 1 1 10 12 1 100 1 1 1 1 1 1 1 1 1 1 1 1 1 1 1 1 1 1 1 1 1 1 1
instanceKlass java/lang/ref/Finalizer
ciInstanceKlass java/lang/ref/FinalReference 1 1 50 10 100 12 1 1 1 10 100 12 1 1 1 10 12 1 1 100 1 8 1 10 12 1 1 1 1 1 1 1 1 1 1 1 1 1 1 1 1 1 1 1 1 1 1 1 1 1 100 1
instanceKlass jdk/internal/ref/PhantomCleanable
ciInstanceKlass java/lang/ref/PhantomReference 1 1 47 10 7 12 1 1 1 10 12 1 1 10 7 12 1 1 1 1 1 1 1 1 1 1 1 1 1 1 1 1 1 1 1 1 1 1 1 1 1 1 1 1 1 1 1 1 1
ciInstanceKlass java/lang/ref/Finalizer 1 1 177 9 7 12 1 1 1 10 100 12 1 1 1 9 12 1 1 9 12 1 1 9 12 1 9 12 1 9 12 1 1 10 12 1 100 1 8 1 10 12 1 10 12 1 1 9 12 1 100 1 10 12 1 100 1 11 100 12 1 1 10 12 1 100 1 10 12 1 10 7 12 1 1 1 10 12 1 1 10 100 12 1 1 8 1 10 12 1 10 12 1 10 12 1 100 1 10 12 1 10 100 12 1 1 1 100 1 10 10 12 1 1 7 1 10 12 1 10 12 1 1 10 12 1 1 10 7 12 1 1 1 7 1 10 7 1 10 10 12 1 1 1 1 1 1 1 1 1 1 1 1 1 1 1 1 1 1 1 1 1 1 1 1 1 1 100 1 1 1 1 1 1 1 1 1 1 1
staticfield java/lang/ref/Finalizer lock Ljava/lang/Object; java/lang/Object
staticfield java/lang/ref/Finalizer ENABLED Z 1
staticfield java/lang/ref/Finalizer $assertionsDisabled Z 1
instanceKlass java/lang/reflect/Executable
instanceKlass java/lang/reflect/Field
ciInstanceKlass java/lang/reflect/AccessibleObject 1 1 374 10 7 12 1 1 1 10 7 12 1 1 1 10 7 12 1 1 1 10 12 1 1 9 12 1 1 7 1 10 7 12 1 1 1 11 12 1 100 1 10 12 1 7 1 100 1 10 12 1 1 10 12 1 1 10 12 1 1 10 12 1 1 10 12 1 1 7 1 10 7 12 1 1 1 10 12 1 1 11 10 7 12 1 1 1 10 12 1 1 10 12 1 10 12 1 10 12 1 1 10 12 1 8 1 100 1 100 1 10 10 12 1 1 8 1 10 12 1 10 12 1 8 1 8 1 8 1 8 1 8 1 8 1 8 1 8 1 8 1 100 1 10 12 1 10 12 1 9 100 12 1 1 1 10 12 1 1 10 12 1 10 100 1 100 1 8 1 10 8 1 10 12 1 8 1 10 12 1 10 12 1 1 10 100 1 8 1 10 11 7 12 1 1 1 10 12 1 1 10 12 1 1 10 12 1 1 9 12 1 1 100 1 10 12 1 7 1 10 12 1 10 12 1 1 10 100 1 10 12 1 10 12 10 12 1 10 12 1 10 12 1 1 10 12 1 9 12 1 10 100 12 1 1 8 1 10 12 1 1 8 1 10 100 12 1 1 1 9 12 1 100 1 10 7 1 10 10 7 12 1 1 1 10 7 12 1 1 1 9 12 1 1 1 1 1 1 1 1 1 1 1 1 1 1 1 1 1 1 1 1 1 1 1 1 1 1 1 1 1 1 1 1 1 1 1 1 1 1 1 1 1 1 1 1 1 1 1 1 1 1 1 1 1 1 1 1 1 1 1 1 1 1 1 1 1 1 1 1 1 1 1 1 1 1 1 1 1 1 1 1 1 1 1
staticfield java/lang/reflect/AccessibleObject reflectionFactory Ljdk/internal/reflect/ReflectionFactory; jdk/internal/reflect/ReflectionFactory
ciInstanceKlass java/lang/reflect/Method 1 1 468 9 7 12 1 1 1 10 7 12 1 1 1 10 7 12 1 1 9 12 1 1 9 12 1 1 10 12 1 1 10 12 1 1 10 12 1 1 10 7 12 1 1 10 7 12 1 1 1 9 12 1 1 9 12 1 9 12 1 1 9 12 1 9 12 1 9 12 1 1 9 12 1 9 12 1 1 9 12 1 9 12 1 100 1 8 1 10 12 1 10 12 1 9 12 1 1 10 7 12 1 1 1 10 12 1 1 10 12 1 1 10 12 1 10 12 1 1 9 7 12 1 1 1 10 12 1 1 10 12 10 7 12 1 1 10 12 1 1 10 12 1 10 12 1 10 12 1 10 7 12 1 1 1 10 12 1 1 9 12 1 10 7 1 10 7 12 1 1 1 10 7 12 1 1 10 12 1 1 10 12 1 1 10 12 1 10 7 12 1 1 1 10 12 1 10 8 1 10 12 1 10 12 1 7 1 8 1 8 1 8 1 10 12 1 10 12 1 1 10 12 1 1 10 10 12 1 1 10 12 1 11 100 1 10 12 1 9 12 1 1 10 12 1 1 10 12 1 10 12 1 1 10 12 1 1 11 7 12 1 1 1 11 12 1 9 12 1 1 10 12 1 10 12 1 10 12 1 10 12 1 10 12 1 10 12 1 9 12 1 1 10 7 12 1 1 1 10 7 12 1 1 10 12 1 1 10 7 12 1 1 1 10 7 12 1 1 1 10 7 12 1 1 1 11 7 12 1 1 1 10 7 12 1 1 1 7 1 100 1 100 1 10 12 1 10 12 1 1 10 12 1 100 1 8 1 10 12 1 10 10 12 1 1 10 12 1 1 10 12 1 1 10 12 1 1 8 1 10 12 1 1 1 1 1 1 1 1 1 1 1 1 1 1 1 1 1 1 1 1 1 1 1 1 1 1 1 1 1 1 1 1 1 1 1 1 1 1 1 1 1 1 1 1 1 1 1 1 1 1 1 1 1 100 1 7 1 7 1 1 1 1 1 1 1 1 1 1 1 1 1 1 1 1 1 1 1 1 1 1 1 1 1 1 1 1 1 1
ciInstanceKlass java/lang/reflect/Member 1 1 37 100 1 10 12 1 1 100 1 100 1 1 1 1 3 1 3 1 1 1 1 1 1 1 1 1 1 1 1 1 1 1 1 1 1 1 1
instanceKlass java/lang/reflect/Constructor
instanceKlass java/lang/reflect/Method
ciInstanceKlass java/lang/reflect/Executable 1 1 582 10 7 12 1 1 1 10 7 12 1 1 1 10 7 12 1 1 1 11 7 12 1 1 1 10 7 12 1 1 1 10 12 1 1 10 7 12 1 1 1 10 7 12 1 1 1 10 12 1 8 1 10 10 12 1 1 10 12 1 1 10 7 12 1 1 1 18 12 1 1 11 7 12 1 1 1 8 1 8 1 8 1 10 7 12 1 1 1 11 12 1 1 7 1 8 1 8 1 10 12 1 100 1 8 1 10 12 1 8 1 11 100 12 1 1 1 100 1 11 7 12 1 1 1 11 12 1 8 1 18 8 1 10 12 1 10 12 1 1 18 8 1 10 12 1 100 1 10 12 1 10 12 1 11 12 1 10 12 1 1 8 1 8 1 10 12 1 1 10 12 1 1 10 10 12 1 9 12 1 1 9 100 12 1 1 1 10 100 12 1 1 1 10 12 1 10 12 1 1 10 7 12 1 1 10 12 1 10 12 1 10 12 1 10 7 12 1 1 100 1 10 100 12 1 1 1 10 12 1 1 10 7 12 1 1 10 12 1 10 12 1 1 9 7 12 1 1 1 10 7 10 12 1 10 12 1 3 100 1 8 1 10 12 1 10 12 1 10 10 12 1 10 12 1 1 8 1 8 1 8 1 9 12 1 1 9 12 1 10 12 1 100 1 8 1 10 12 1 10 12 1 10 12 1 1 10 12 1 1 10 12 1 10 12 10 12 1 7 1 10 12 1 10 12 1 1 100 1 10 100 12 1 1 1 7 1 10 7 12 1 1 1 10 12 1 1 11 7 12 1 1 10 12 1 10 100 12 1 1 1 10 12 1 1 9 12 1 10 12 1 1 10 12 1 10 12 1 1 9 7 12 1 1 1 10 7 12 1 1 1 10 12 1 10 12 1 1 9 12 1 10 10 10 10 7 12 1 1 1 10 12 1 9 12 1 10 12 1 1 9 12 1 100 1 100 1 1 1 1 1 1 1 1 1 1 1 1 1 1 1 1 1 1 1 1 1 1 1 1 1 1 1 1 1 1 1 1 1 1 1 1 100 1 1 1 1 1 1 1 1 1 1 1 1 1 1 1 1 1 1 1 100 1 1 1 1 1 1 1 1 1 1 1 1 1 1 1 1 1 1 1 1 1 1 1 1 1 1 1 1 1 1 1 1 1 1 1 1 1 1 1 1 1 1 1 100 1 1 1 1 1 1 1 1 1 1 1 1 1 1 1 1 1 1 1 1 1 1 100 1 1 16 15 16 1 16 1 15 10 12 16 15 10 7 12 1 1 1 1 100 1 1 1 100 1 1 100 1 100 1 1
ciInstanceKlass java/lang/reflect/Constructor 1 1 437 10 7 12 1 1 1 10 7 12 1 1 9 7 12 1 1 1 9 12 1 1 10 12 1 1 10 12 1 1 10 12 1 1 10 7 12 1 1 10 7 12 1 1 1 9 12 1 1 9 12 1 1 9 12 1 9 12 1 1 9 12 1 9 12 1 1 9 12 1 1 9 12 1 100 1 8 1 10 12 1 10 12 1 9 12 1 1 10 7 12 1 1 1 10 12 1 1 10 12 1 1 10 12 1 7 1 100 1 8 1 10 10 12 1 10 12 1 10 12 1 1 9 7 12 1 1 1 10 7 12 1 1 10 12 1 1 10 12 1 10 12 1 1 10 7 12 1 1 1 10 7 12 1 1 10 12 1 1 10 12 1 10 7 12 1 1 1 8 1 10 10 12 1 100 1 8 1 10 12 1 10 12 1 1 10 12 1 1 10 12 1 10 12 1 10 12 1 1 10 12 1 1 9 12 1 1 10 12 1 1 10 12 1 1 10 12 1 1 11 7 12 1 1 1 10 12 1 1 10 12 1 10 12 1 10 12 1 8 1 9 12 1 1 10 7 12 1 1 1 10 7 12 1 1 10 12 1 1 10 12 1 1 10 12 1 1 10 12 1 1 10 12 1 9 100 12 1 1 10 12 1 10 12 1 10 12 1 100 1 8 1 10 10 12 1 1 10 12 1 10 10 12 1 1 10 12 1 1 10 100 12 1 1 1 11 100 12 1 1 1 10 12 1 1 9 100 12 1 1 1 10 100 12 1 1 1 10 12 1 1 1 1 1 1 1 1 1 1 1 1 1 1 1 1 1 1 1 1 1 1 1 1 1 1 1 1 1 1 1 1 1 1 1 1 1 1 1 1 1 1 1 1 1 1 1 1 1 1 1 1 1 1 1 1 100 1 100 1 100 1 100 1 1 1 1 1 1 1 1 1 1 1 1 1 1 1 1 1 1 1 1 1 1 1 1 1 1 1 1 1 1 1 1 100 1 1
ciInstanceKlass java/lang/reflect/Field 1 1 829 9 7 12 1 1 1 10 12 1 1 10 7 12 1 1 1 10 7 12 1 1 9 12 1 1 9 12 1 1 10 12 1 1 10 12 1 1 10 12 1 1 10 7 12 1 1 10 7 12 1 1 1 9 12 1 1 9 12 1 9 12 1 9 12 1 1 9 12 1 1 9 12 1 9 12 1 1 7 1 8 1 10 12 1 10 12 1 9 12 1 1 9 12 1 10 7 12 1 1 10 12 1 1 10 12 1 1 10 12 1 9 12 1 1 10 12 1 1 9 100 12 1 1 1 10 7 12 1 1 1 7 1 10 12 1 1 10 12 1 1 10 12 1 10 12 1 10 7 1 10 7 12 1 1 100 1 10 8 1 10 12 1 1 10 12 1 1 8 1 10 12 10 12 1 8 1 8 1 10 11 100 1 9 12 1 10 12 1 1 10 12 1 1 11 7 12 1 1 1 10 12 1 11 12 1 1 11 12 1 1 11 12 1 1 11 12 1 1 11 12 1 1 11 12 1 1 11 12 1 1 11 12 1 1 11 12 1 1 10 12 1 18 12 1 1 10 12 1 1 11 12 1 1 18 12 1 11 12 1 1 18 12 1 11 12 1 1 18 12 1 11 12 1 1 18 12 1 11 12 1 1 18 12 1 11 12 1 1 18 12 1 11 12 1 1 18 12 1 11 12 1 1 18 12 1 10 12 1 10 100 12 1 1 10 12 1 10 12 1 10 12 1 10 12 1 1 10 12 1 1 10 12 1 10 7 12 1 1 10 12 1 1 11 7 1 10 12 1 7 1 10 100 12 1 1 1 10 7 12 1 1 1 9 12 1 10 7 12 1 1 1 11 7 12 1 1 1 10 12 1 1 10 12 1 1 9 7 12 1 1 10 7 12 1 1 1 10 12 1 1 10 12 1 1 11 100 12 1 10 12 1 10 12 1 10 12 1 9 12 1 100 1 10 10 12 1 1 7 1 10 12 1 1 10 10 12 1 1 10 12 1 1 10 100 12 1 1 1 9 100 12 1 1 1 10 12 1 1 10 100 12 1 1 1 10 12 1 9 12 1 10 12 1 10 12 1 10 100 12 1 1 10 8 1 10 100 12 1 1 1 8 1 10 100 12 1 1 1 9 12 1 10 9 100 12 1 1 1 10 100 12 1 1 1 18 12 1 1 10 12 1 1 10 12 1 1 10 100 12 1 1 1 10 12 1 1 10 12 1 10 12 1 10 10 12 1 1 10 12 1 10 100 12 1 1 1 10 100 12 1 1 10 12 1 8 1 10 12 1 1 10 100 12 1 1 1 10 100 12 1 1 1 8 1 8 1 8 1 8 1 8 1 8 1 10 12 1 1 8 1 8 1 8 1 10 12 1 8 1 8 1 10 12 1 8 1 8 1 8 1 8 1 8 1 10 12 1 1 10 100 12 1 1 8 1 10 12 1 100 1 1 1 1 1 1 1 1 1 1 1 1 1 1 1 1 1 1 1 1 1 1 1 1 1 1 1 1 1 1 1 1 1 1 1 1 1 1 1 1 1 1 1 1 1 1 1 1 1 1 1 1 1 1 1 1 1 1 1 1 1 1 1 1 1 1 1 1 1 1 100 1 1 1 1 1 1 1 1 1 1 1 1 1 1 1 1 1 1 1 1 1 1 1 1 1 1 100 1 1 1 1 1 1 1 1 1 1 1 1 1 1 1 1 1 1 1 1 1 1 1 1 1 1 1 1 1 1 1 1 16 15 10 12 15 10 12 15 10 12 15 10 12 15 10 12 15 10 12 15 10 12 15 10 12 15 10 12 16 15 10 12 16 1 15 10 100 12 1 1 1 1 100 1 1 1 100 1 1 1 1 100 1 1 100 1 100 1 1
staticfield java/lang/reflect/Field $assertionsDisabled Z 1
ciInstanceKlass java/lang/reflect/Parameter 1 1 253 10 7 12 1 1 1 9 7 12 1 1 1 9 12 1 1 9 12 1 1 9 12 1 10 12 1 1 10 12 1 1 7 1 10 10 12 1 1 11 100 12 1 1 1 10 12 1 10 7 12 1 1 1 10 12 1 1 10 12 1 10 12 1 1 8 1 8 1 10 7 12 1 1 1 10 12 1 10 12 9 100 12 1 1 1 9 100 12 1 1 1 10 12 1 1 10 7 12 1 1 1 10 100 12 1 1 1 10 12 1 8 1 10 12 1 9 12 1 1 10 12 1 1 9 12 1 1 10 12 1 1 10 12 1 1 10 12 1 1 10 12 1 10 10 12 1 10 7 12 1 1 1 10 12 1 1 11 7 12 1 1 10 7 12 1 1 7 1 10 100 12 1 1 1 10 12 1 1 10 12 1 1 10 12 1 1 10 12 1 1 9 12 1 7 1 10 11 12 1 11 12 1 1 100 1 1 1 1 1 1 1 1 1 1 1 1 1 1 1 1 1 1 1 1 1 1 1 1 1 1 1 1 1 1 1 1 1 1 1 1 1 1 1 100 1 1 1 1 1 100 1 1
ciInstanceKlass java/lang/reflect/RecordComponent 1 1 196 10 100 12 1 1 1 9 7 12 1 1 1 9 12 1 1 9 12 1 10 12 1 1 10 12 1 1 10 7 12 1 1 1 10 12 1 1 9 12 1 1 10 12 1 1 10 12 1 1 10 12 1 10 7 12 1 1 10 7 12 1 1 9 12 1 1 10 7 12 1 1 1 11 7 12 1 1 1 10 9 100 12 1 1 1 10 100 12 1 1 1 9 12 1 1 10 100 12 1 1 1 10 12 1 1 11 100 12 1 1 10 100 12 1 1 100 1 9 12 1 9 12 1 1 9 12 1 10 7 12 1 1 1 10 12 1 1 10 12 1 1 100 1 10 10 12 1 10 12 1 1 8 1 10 12 1 10 12 1 9 12 1 100 1 1 1 1 1 1 1 1 1 1 1 1 1 1 1 1 1 1 1 1 1 1 100 1 1 1 1 1 1 100 1 1
ciInstanceKlass java/lang/StringBuffer 0 0 487 10 100 12 1 1 1 10 12 1 10 12 1 10 12 1 1 9 100 12 1 1 1 10 12 1 1 10 12 1 10 12 1 1 9 12 1 1 10 12 1 10 12 1 1 10 12 1 1 10 12 1 10 12 1 1 10 12 1 10 12 1 1 10 12 1 1 10 100 12 1 1 1 10 12 1 1 10 12 1 10 12 1 10 12 1 10 12 1 10 12 1 10 12 1 10 12 1 10 12 1 10 12 1 10 12 1 10 12 1 10 12 1 10 12 1 10 12 1 1 10 12 1 10 12 1 1 10 12 1 1 10 10 12 1 1 10 12 1 10 12 1 10 12 1 10 12 1 10 12 1 10 12 1 10 12 10 12 1 10 12 1 10 12 1 10 12 1 1 10 12 1 10 12 1 10 10 12 1 1 10 12 1 10 12 1 10 12 1 8 1 10 12 1 10 10 100 12 1 1 1 10 10 12 1 1 9 12 1 1 10 100 12 1 1 10 100 1 8 10 100 12 1 1 1 8 10 12 1 8 1 10 12 1 10 12 1 10 100 12 1 1 1 10 100 12 1 1 1 100 1 10 12 100 1 8 1 10 10 12 1 1 10 12 1 1 10 12 1 10 12 1 10 12 1 1 10 12 1 10 12 1 10 12 1 10 12 1 10 12 1 10 12 10 12 1 10 12 1 10 12 1 10 12 1 10 12 1 10 12 1 10 12 1 10 12 1 10 12 1 10 12 1 10 12 10 12 10 12 1 10 12 1 10 12 1 10 12 10 12 1 10 12 1 10 12 1 10 12 1 10 12 1 10 12 1 10 12 1 10 12 1 10 12 1 10 12 1 10 12 1 100 1 10 12 1 9 100 12 1 1 1 9 100 1 9 12 1 1 100 1 100 1 100 1 100 1 1 1 1 5 0 1 1 1 1 1 1 1 1 1 1 1 1 1 1 1 1 1 1 1 1 1 1 1 1 1 1 1 1 1 1 1 1 1 1 1 1 1 1 1 1 1 1 1 1 1 1 1 1 1 1 1 1 1 1 1 1 1 1 1 1 100 1 1 1 1 1 100 1 1 1 1 1 1 1 1 1 1 1 1 1 1 1 1 1 1
instanceKlass java/lang/StringBuilder
instanceKlass java/lang/StringBuffer
ciInstanceKlass java/lang/AbstractStringBuilder 1 1 653 7 1 10 7 12 1 1 1 9 7 12 1 1 1 9 12 1 9 12 1 1 9 12 1 1 10 7 12 1 1 1 10 12 1 1 100 1 3 3 10 12 1 10 12 1 1 10 12 1 1 11 7 1 100 1 100 1 10 8 1 10 12 1 10 12 1 10 12 1 1 10 12 1 10 12 1 9 12 1 10 12 1 9 12 1 1 10 7 12 1 1 1 10 10 12 1 10 12 1 10 12 1 1 9 12 1 100 1 8 1 10 12 1 10 12 1 1 8 1 10 7 12 1 1 1 10 12 1 1 8 1 10 7 12 1 1 1 100 1 8 1 10 100 1 10 12 1 10 12 1 1 10 100 12 1 1 1 10 12 1 1 10 12 1 1 10 12 1 1 10 12 1 1 10 7 12 1 1 1 10 12 1 100 1 10 10 7 12 1 1 1 9 12 1 1 9 12 1 10 12 1 1 10 10 12 1 1 10 12 1 1 10 12 1 1 10 12 1 1 10 12 1 1 10 12 1 1 10 12 1 1 10 12 1 10 10 10 12 1 10 12 1 1 10 8 1 10 12 1 1 10 12 1 10 12 1 10 12 1 10 10 7 12 1 1 1 10 12 1 1 10 12 1 10 12 1 10 12 1 10 12 100 1 9 12 1 1 9 12 1 10 12 1 1 100 1 9 12 1 9 12 10 12 1 10 12 1 1 10 12 1 1 10 12 1 10 12 1 1 10 12 1 10 12 1 1 10 12 1 1 10 10 7 12 1 1 1 10 12 1 10 12 1 10 12 1 1 10 12 1 10 12 1 1 10 12 1 10 12 1 10 12 1 10 12 1 10 12 1 10 12 1 10 12 1 10 12 1 1 10 12 1 10 12 1 10 12 10 12 1 1 18 12 1 1 100 1 10 100 12 1 1 1 18 10 12 1 1 10 12 1 1 10 12 1 10 12 1 10 12 1 1 10 12 1 10 12 1 1 11 12 1 1 10 12 1 10 12 1 1 10 12 1 10 12 1 10 12 1 10 100 1 8 1 10 10 12 1 1 10 100 12 1 1 1 10 12 1 10 12 1 1 100 1 10 12 100 1 10 100 1 10 10 7 12 1 1 100 1 1 1 1 1 1 1 1 1 1 1 100 1 1 1 1 1 1 1 1 1 1 1 1 1 1 1 1 1 1 1 1 1 1 1 1 1 1 1 1 1 1 1 1 1 1 1 1 1 1 1 1 1 1 1 1 1 1 1 1 1 1 1 1 100 1 1 1 1 1 1 1 1 1 1 1 1 1 1 1 1 1 1 1 1 1 1 1 1 1 1 1 1 1 1 1 1 1 1 1 1 1 1 1 1 1 1 1 1 1 1 1 1 1 1 1 1 1 1 1 1 1 100 1 1 1 1 1 1 100 1 1 1 1 1 1 100 1 1 16 1 15 10 12 16 15 10 12 15 10 100 12 1 1 1 1 1 1 1 100 1 100 1 1
staticfield java/lang/AbstractStringBuilder EMPTYVALUE [B 0
staticfield java/lang/AbstractStringBuilder $assertionsDisabled Z 1
ciInstanceKlass java/lang/StringBuilder 1 1 425 10 7 12 1 1 1 10 12 1 10 12 1 10 12 1 1 10 7 12 1 1 1 10 7 12 1 1 1 10 12 1 10 12 1 10 12 1 10 12 1 10 12 1 10 12 1 10 12 1 10 12 1 10 12 1 10 12 1 10 12 1 10 12 1 10 12 1 10 12 1 1 10 12 1 10 12 1 1 10 12 1 1 10 12 1 10 12 1 10 12 1 10 12 1 10 12 1 10 12 1 10 12 1 10 12 10 12 1 10 12 1 10 12 1 10 12 1 1 10 12 1 10 12 1 10 12 10 12 1 1 10 12 1 10 12 1 10 12 1 1 8 1 10 12 1 10 100 12 1 1 1 9 12 1 1 10 12 1 10 12 1 10 12 1 1 9 12 1 1 10 100 12 1 1 1 10 100 1 10 12 1 1 10 100 12 1 1 10 12 1 10 12 1 1 100 1 100 1 8 1 10 10 12 1 1 10 12 1 10 12 1 10 12 1 1 10 12 1 10 12 1 10 12 1 10 12 1 10 12 1 10 12 10 12 1 10 12 1 10 12 1 10 12 1 10 12 1 10 12 1 10 12 1 10 12 1 10 12 1 1 10 12 1 1 10 12 1 10 12 1 10 12 1 10 12 10 12 10 12 1 10 12 1 10 12 1 10 12 10 12 1 10 12 1 10 12 1 10 12 1 10 12 1 10 12 1 10 12 1 10 12 1 10 12 1 1 10 12 1 10 12 1 1 10 12 1 10 12 1 1 10 12 1 10 12 1 1 10 12 1 10 12 1 10 12 1 10 10 10 12 1 100 1 100 1 100 1 100 1 1 1 1 5 0 1 1 1 1 1 1 1 1 1 1 1 1 1 1 1 1 1 1 1 1 1 1 1 1 1 1 1 1 1 1 1 1 1 1 1 1 1 1 1 1 1 1 1 1 100 1 1 1 100 1 1 1 1 1 1 1 1 1 1 1
ciInstanceKlass java/security/CodeSource 1 1 396 10 7 12 1 1 1 9 7 12 1 1 1 9 12 1 1 9 12 1 1 9 12 1 1 10 7 12 1 1 1 9 12 1 1 10 100 12 1 1 10 100 10 100 12 1 1 1 10 12 1 1 10 12 1 1 100 1 10 10 100 12 1 1 1 10 100 12 1 1 1 10 12 1 1 100 1 10 12 1 1 10 12 1 1 10 12 1 1 10 12 1 10 10 100 1 10 12 1 1 10 100 12 1 1 1 10 12 1 1 10 12 1 10 12 1 8 1 10 12 1 10 12 1 10 12 1 1 10 12 1 8 1 10 12 1 1 10 100 1 10 10 12 1 1 8 1 10 12 1 10 12 1 10 12 1 8 1 8 1 9 12 1 1 100 1 8 1 10 12 1 10 12 1 1 8 1 10 12 1 8 1 8 1 8 1 10 100 12 1 1 10 12 1 1 10 12 1 10 12 1 1 10 12 1 1 10 12 1 1 100 1 100 1 10 12 1 10 12 10 12 1 1 10 100 12 1 1 10 12 1 100 1 10 12 10 100 12 1 1 1 10 8 1 10 12 1 10 12 1 1 100 1 10 12 1 1 100 1 100 1 8 1 8 1 10 10 12 1 1 10 100 12 1 1 1 100 1 10 12 10 12 1 1 11 100 12 1 1 10 10 12 1 11 10 12 1 8 1 100 1 10 12 1 10 12 1 1 10 12 1 11 12 1 1 100 1 1 1 1 5 0 1 1 1 1 1 1 1 1 1 1 1 1 1 1 1 1 1 1 1 1 1 1 1 1 1 1 1 1 1 1 1 1 1 1 1 1 1 1 1 1 1 1 1 1 1 1 1 1 1 1 1 1 1 1 1 1 1 1 1 1 1 1 1 1 1 1 100 1 1 1 1 1 1 1
ciInstanceKlass java/security/ProtectionDomain 1 1 141 10 7 12 1 1 1 9 7 12 1 1 1 9 12 1 1 9 12 1 1 10 7 12 1 1 7 1 9 12 1 9 12 1 1 7 1 9 12 1 1 9 12 1 10 100 12 1 1 10 100 12 1 1 1 10 12 1 1 10 12 1 8 1 100 1 8 1 10 12 1 10 11 12 1 1 10 100 12 1 1 1 10 12 1 1 8 1 11 8 1 10 12 1 8 1 8 1 8 1 10 12 1 8 1 8 1 1 1 1 1 1 1 1 100 1 1 100 1 1 1 1 1 1 1 1 1 1 1 1 1 1 1 1 1 1 1 100 1 1 1
instanceKlass java/net/URLClassLoader
instanceKlass jdk/internal/loader/BuiltinClassLoader
ciInstanceKlass java/security/SecureClassLoader 1 1 171 10 7 12 1 1 1 7 1 10 12 1 9 7 12 1 1 1 10 12 1 10 12 1 10 12 1 1 10 12 1 1 10 12 1 7 1 10 7 1 10 12 1 7 1 10 12 1 11 7 12 1 1 1 7 1 10 100 12 1 1 1 11 12 1 1 11 100 12 1 1 1 11 100 12 1 1 11 12 1 1 9 12 1 1 10 100 12 1 1 1 11 12 1 1 8 1 10 100 12 1 1 1 9 12 1 1 100 1 10 8 1 10 12 1 1 10 12 1 8 1 10 12 1 1 10 100 12 1 1 1 11 12 1 10 12 1 1 1 1 1 1 1 1 1 1 1 1 1 1 1 1 1 1 1 1 1 1 1 1 1 1 1 1 1 1 1 1 1 1 1
ciInstanceKlass java/net/URL 1 1 772 10 7 12 1 1 1 10 12 1 10 7 12 1 1 9 12 1 1 9 12 1 10 12 1 1 9 12 1 1 10 7 12 1 1 1 8 1 10 12 1 1 100 1 10 10 12 1 1 8 1 10 12 1 1 9 12 1 100 1 8 1 10 12 1 10 12 1 8 1 9 12 1 10 12 1 1 9 12 1 10 12 1 10 12 1 9 12 1 9 12 1 8 1 9 12 1 10 12 1 1 8 1 9 12 1 1 10 12 1 1 10 7 12 1 1 1 8 1 10 12 1 7 1 10 12 1 10 12 1 10 12 1 10 12 1 1 10 12 1 1 8 1 10 12 1 1 10 12 1 8 1 9 12 1 8 1 10 12 1 10 7 12 1 1 1 100 1 10 12 1 10 12 1 1 10 7 12 1 1 1 100 1 8 1 10 10 12 1 8 1 10 12 1 1 10 12 1 10 12 1 10 12 1 10 12 1 10 12 1 10 12 1 8 1 10 12 1 8 1 10 10 100 1 10 10 12 1 8 1 10 7 12 1 1 1 10 12 1 9 12 1 1 10 12 1 10 100 12 1 1 1 100 1 10 12 1 10 12 1 10 12 1 10 12 1 10 12 1 10 12 10 10 12 1 8 1 100 1 10 100 12 1 1 1 10 12 1 1 10 12 1 10 12 1 1 8 1 9 100 12 1 1 1 10 100 12 1 1 1 10 12 1 10 12 1 10 7 12 1 1 1 10 12 1 1 10 12 1 9 12 1 1 9 12 1 1 100 1 8 1 10 9 12 1 1 10 7 12 1 1 8 1 10 100 12 1 1 8 1 10 12 1 1 10 12 1 8 1 8 1 10 7 12 1 1 1 100 1 10 100 12 1 1 1 10 12 1 10 12 1 9 12 1 1 10 7 12 1 1 8 1 10 100 12 1 1 1 10 12 1 1 18 12 1 1 10 100 12 1 1 8 9 100 12 1 1 1 10 12 1 1 10 12 1 10 12 1 1 10 100 12 1 1 11 7 12 1 1 10 12 1 10 12 1 9 12 1 10 12 1 1 10 100 12 1 1 10 100 12 1 1 1 8 10 100 12 1 1 100 1 10 8 8 10 12 1 8 8 8 100 1 10 12 1 9 12 1 1 10 12 1 10 12 1 1 10 12 1 10 12 10 12 1 1 10 12 1 1 10 10 10 12 1 10 12 1 10 12 1 10 12 1 10 12 1 10 10 12 1 100 1 8 1 10 10 10 12 1 1 10 12 1 10 12 1 1 8 1 100 1 10 100 12 1 1 1 10 12 1 1 11 100 12 1 1 11 12 1 10 7 1 10 10 12 1 10 7 1 10 12 1 9 7 12 1 1 1 9 12 1 1 7 1 10 10 7 12 1 1 1 100 1 1 1 1 1 5 0 1 1 1 1 1 1 1 1 1 1 1 1 1 1 1 1 1 1 1 1 1 1 1 1 1 1 1 1 1 1 1 1 1 1 1 1 1 1 1 1 1 1 1 1 1 1 1 100 1 1 1 1 1 1 1 1 1 1 1 1 1 1 1 1 1 1 1 1 1 1 1 1 1 1 1 1 1 1 1 1 1 1 1 1 100 1 1 1 1 1 1 1 1 1 1 1 1 1 100 1 1 1 1 1 1 1 1 1 1 1 1 1 1 1 1 1 1 1 1 100 1 1 1 1 1 1 1 16 15 10 12 16 1 15 10 100 12 1 1 1 1 1 1 100 1 1 1 1 100 1 100 1 1
staticfield java/net/URL defaultFactory Ljava/net/URLStreamHandlerFactory; java/net/URL$DefaultFactory
staticfield java/net/URL IN_LOOKUP Ljava/lang/ScopedValue; java/lang/ScopedValue
staticfield java/net/URL handlers Ljava/util/Hashtable; java/util/Hashtable
staticfield java/net/URL streamHandlerLock Ljava/lang/Object; java/lang/Object
staticfield java/net/URL serialPersistentFields [Ljava/io/ObjectStreamField; 7 [Ljava/io/ObjectStreamField;
ciInstanceKlass java/util/jar/Manifest 1 1 320 10 7 12 1 1 1 7 1 10 9 7 12 1 1 1 7 1 10 9 12 1 1 9 12 1 1 10 12 1 10 12 1 1 10 12 1 1 10 12 1 1 10 12 1 1 11 7 1 11 12 1 1 10 12 1 1 10 100 12 1 1 1 100 1 100 1 10 8 1 10 12 1 1 10 12 1 1 10 12 1 10 12 1 11 100 1 10 12 1 10 12 1 1 11 12 1 1 10 12 1 11 12 1 1 11 100 12 1 1 1 11 100 12 1 1 11 12 1 1 100 1 10 12 1 8 1 11 12 1 7 1 10 12 1 1 11 12 1 10 12 1 10 12 1 10 9 7 12 1 1 1 10 12 1 1 10 100 12 1 10 12 1 10 12 1 9 100 12 1 1 1 8 1 10 12 1 8 1 8 1 7 1 10 12 1 10 12 1 10 12 1 1 100 1 8 1 10 12 1 1 8 1 10 10 12 1 1 8 1 10 12 1 1 10 100 12 1 1 1 10 12 1 10 11 12 1 1 10 12 1 1 10 7 12 1 1 1 10 12 1 1 10 12 1 10 12 1 1 11 10 12 1 11 10 12 1 100 1 1 1 1 1 1 1 1 1 1 1 1 1 1 1 1 1 1 1 1 1 1 1 1 1 1 1 1 1 1 1 1 1 1 1 100 1 1 1 1 1 1 1 1 1 1 1 1 1 1 100 1 1 1 1 1 1 1 1 1 1 1
ciInstanceKlass java/io/ByteArrayInputStream 1 1 135 10 7 12 1 1 1 9 7 12 1 1 1 9 12 1 1 9 12 1 9 12 1 10 100 12 1 1 1 10 7 12 1 1 1 10 7 12 1 1 1 10 100 12 1 1 1 10 12 1 1 10 100 12 1 1 1 100 1 100 1 100 1 3 10 100 1 10 100 12 1 1 1 9 12 1 1 100 1 10 10 7 12 1 1 1 1 1 1 1 1 1 1 1 1 1 1 1 1 1 1 1 1 1 1 1 1 1 1 1 1 1 1 1 1 1 1 1 100 1 100 1 1 1 1 1 1 1 1 1 1 1 1 1 1
staticfield java/io/ByteArrayInputStream $assertionsDisabled Z 1
instanceKlass java/nio/DoubleBuffer
instanceKlass java/nio/FloatBuffer
instanceKlass java/nio/LongBuffer
instanceKlass java/nio/IntBuffer
instanceKlass java/nio/ShortBuffer
instanceKlass java/nio/CharBuffer
instanceKlass java/nio/ByteBuffer
ciInstanceKlass java/nio/Buffer 1 1 259 100 1 10 7 12 1 1 1 9 7 12 1 1 1 9 12 1 9 12 1 1 9 12 1 9 12 1 1 10 12 1 1 10 12 1 1 10 12 100 1 100 1 10 8 1 10 12 1 1 10 12 1 8 1 8 1 10 12 1 1 10 12 1 8 1 9 12 1 1 100 1 8 1 10 12 1 8 1 8 1 9 12 10 12 1 8 1 8 1 8 1 10 12 1 8 1 8 1 8 1 100 1 10 100 1 10 100 1 10 9 12 1 1 10 7 12 1 1 1 100 1 10 12 1 1 10 12 1 10 100 12 1 1 10 7 12 1 1 1 10 7 12 1 1 1 9 12 1 1 10 7 12 1 1 1 9 12 1 1 7 1 10 10 12 1 1 7 1 10 10 7 12 1 1 1 1 1 3 1 1 1 1 1 1 1 1 1 1 1 1 1 1 100 1 1 1 1 1 1 1 100 1 1 1 1 1 1 1 1 1 1 1 1 1 1 1 1 1 1 1 1 1 1 1 1 1 1 1 1 1 1 1 1 1 1 1 1 1 1 1 1 1 1 100 1 100 1 100 1 100 1 100 1 100 1 100 1 1
staticfield java/nio/Buffer UNSAFE Ljdk/internal/misc/Unsafe; jdk/internal/misc/Unsafe
staticfield java/nio/Buffer SCOPED_MEMORY_ACCESS Ljdk/internal/misc/ScopedMemoryAccess; jdk/internal/misc/ScopedMemoryAccess
staticfield java/nio/Buffer IOOBE_FORMATTER Ljava/util/function/BiFunction; jdk/internal/util/Preconditions$4
staticfield java/nio/Buffer $assertionsDisabled Z 1
ciInstanceKlass java/lang/AssertionStatusDirectives 0 0 24 10 100 12 1 1 1 100 1 1 1 1 1 1 1 1 1 1 1 1 1 1 1 1
instanceKlass sun/nio/fs/WindowsFileSystemProvider$EntryAttributes
instanceKlass org/springframework/core/io/support/PropertySourceDescriptor
instanceKlass org/springframework/core/io/support/SpringFactoriesLoader$Factories
instanceKlass org/springframework/web/method/annotation/ExceptionHandlerMethodResolver$ExceptionMapping
instanceKlass org/springframework/web/util/RfcUriParser$UriRecord
instanceKlass org/springframework/util/ConcurrentLruCache$CacheEntry
instanceKlass jdk/internal/classfile/impl/AbstractInstruction$SwitchCaseImpl
instanceKlass java/text/DecimalFormat$NumericPosition
instanceKlass org/junit/platform/engine/support/store/NamespacedHierarchicalStore$EvaluatedValue
instanceKlass org/springframework/batch/core/job/parameters/JobParameter
instanceKlass org/junit/jupiter/engine/extension/TempDirectory$FieldContext
instanceKlass org/junit/platform/engine/support/store/NamespacedHierarchicalStore$CompositeKey
instanceKlass org/junit/jupiter/engine/extension/TempDirectory$FailureTracker
instanceKlass org/junit/jupiter/engine/execution/InvocationInterceptorChain$InterceptedInvocation
instanceKlass org/junit/jupiter/engine/descriptor/DefaultTestInstanceFactoryContext
instanceKlass org/junit/jupiter/engine/extension/TimeoutDuration
instanceKlass java/lang/reflect/Executable$ParameterData
instanceKlass org/junit/platform/engine/support/hierarchical/NodeTestTaskContext
instanceKlass java/lang/invoke/StringConcatFactory$InlineHiddenClassStrategy$MethodHandlePair
instanceKlass jdk/internal/classfile/impl/ClassFileImpl$ClassHierarchyResolverOptionImpl
instanceKlass org/junit/jupiter/engine/discovery/DeclaredMethodSelector
instanceKlass fr/natsystem/projet/model/JobStatusResponse
instanceKlass fr/natsystem/projet/model/ContourCommune
instanceKlass fr/natsystem/projet/Step/DownloadTaskletTest$TestContext
instanceKlass fr/natsystem/projet/model/TarifCommune
instanceKlass fr/natsystem/projet/model/AdresseKey
instanceKlass fr/natsystem/projet/model/Dvf
instanceKlass fr/natsystem/projet/model/Adresse
instanceKlass org/springframework/batch/core/job/parameters/JobParameters
instanceKlass jdk/jfr/internal/event/EventConfiguration
instanceKlass jdk/jfr/internal/util/Bytecode$FieldDesc
instanceKlass jdk/jfr/internal/tracing/Modification
instanceKlass jdk/jfr/internal/EventControl$NamedControl
instanceKlass jdk/jfr/internal/util/Rate
instanceKlass jdk/jfr/internal/util/TimespanRate
instanceKlass jdk/internal/classfile/impl/StackCounter$Target
instanceKlass jdk/internal/classfile/impl/StackMapDecoder$StackMapFrameImpl
instanceKlass jdk/internal/classfile/impl/StackMapDecoder$ObjectVerificationTypeInfoImpl
instanceKlass java/lang/reflect/Proxy$ProxyBuilder$ProxyClassContext
instanceKlass java/lang/ClassValue$Version
instanceKlass jdk/internal/util/ImmutableBitSetPredicate$SmallImmutableBitSetPredicate
instanceKlass java/util/Formatter$FixedString
instanceKlass jdk/net/UnixDomainPrincipal
instanceKlass java/util/zip/ZipFile$EntryPos
instanceKlass java/security/SecureClassLoader$CodeSourceKey
instanceKlass sun/nio/fs/WindowsPathParser$Result
instanceKlass sun/util/locale/LanguageTag
instanceKlass jdk/internal/module/ModuleReferenceImpl$CachedHash
instanceKlass java/util/stream/Collectors$CollectorImpl
instanceKlass java/lang/invoke/MethodHandles$Lookup$ClassDefiner
instanceKlass jdk/internal/classfile/impl/ClassHierarchyImpl$ClassHierarchyInfoImpl
instanceKlass java/lang/classfile/ClassHierarchyResolver$1Factory
instanceKlass jdk/internal/classfile/impl/RawBytecodeHelper$CodeRange
instanceKlass jdk/internal/classfile/impl/StackMapGenerator$Type
instanceKlass jdk/internal/classfile/impl/Util$1WithCodeMethodHandler
instanceKlass jdk/internal/classfile/impl/DirectCodeBuilder$DeferredLabel
instanceKlass java/lang/invoke/InvokerBytecodeGenerator$ClassData
instanceKlass jdk/internal/classfile/impl/AnnotationImpl
instanceKlass jdk/internal/reflect/ReflectionFactory$Config
instanceKlass jdk/internal/foreign/abi/UpcallLinker$CallRegs
instanceKlass jdk/internal/foreign/abi/VMStorage
ciInstanceKlass java/lang/Record 1 1 38 10 7 12 1 1 1 7 1 1 1 1 1 1 1 1 1 1 1 1 1 1 1 8 1 7 1 1 12 10 3 1 7 1 1 12 10 1
instanceKlass tools/jackson/core/util/InternCache
instanceKlass com/fasterxml/jackson/core/util/InternCache
ciInstanceKlass java/util/concurrent/ConcurrentHashMap 1 1 1225 100 1 7 1 10 7 12 1 1 1 10 12 1 1 9 12 1 1 3 10 7 12 1 1 1 3 100 1 10 7 12 1 1 1 100 1 10 100 12 1 1 1 100 1 11 12 1 1 11 12 1 11 12 1 1 9 12 1 1 9 12 1 9 12 1 1 10 7 12 1 1 1 7 1 10 12 1 1 10 12 1 1 10 7 12 1 1 1 4 10 12 1 11 7 12 1 1 10 12 1 10 12 1 1 100 1 10 5 0 10 12 1 9 12 1 10 12 1 1 5 0 10 12 1 10 12 1 9 12 1 1 10 12 1 1 9 12 1 9 12 1 1 10 12 1 1 9 12 1 10 12 1 1 9 12 1 1 10 12 1 1 100 1 10 7 1 10 12 1 10 12 1 1 10 12 1 1 10 12 1 1 10 12 1 10 12 1 1 10 12 1 1 100 1 10 12 1 1 7 1 100 1 8 1 10 12 1 10 12 1 1 10 12 1 1 10 10 12 1 11 12 1 1 11 7 12 1 1 1 11 7 12 1 1 1 11 12 1 7 1 11 12 1 11 12 1 10 12 1 1 10 12 1 1 9 12 1 1 10 100 12 1 1 1 9 10 12 1 1 9 12 1 10 12 1 1 5 0 9 12 1 1 7 1 10 12 1 9 12 1 1 7 1 10 12 1 9 12 1 7 1 10 100 1 10 10 12 1 1 8 1 10 12 1 10 12 1 1 11 100 1 100 1 10 12 1 10 100 12 1 1 1 8 1 10 100 12 1 1 1 8 1 10 12 1 8 1 10 12 1 10 12 1 1 10 100 12 1 1 10 12 1 10 12 1 10 12 1 9 12 1 9 10 12 1 9 12 1 11 7 12 1 1 1 11 7 12 1 1 1 100 1 10 12 11 100 12 1 1 10 11 7 12 1 10 12 1 100 1 10 12 1 100 1 10 10 9 7 12 1 1 1 3 10 100 12 1 1 9 12 1 10 12 1 1 9 12 1 1 9 12 1 10 12 1 1 10 100 12 1 1 9 12 1 9 7 12 1 1 10 12 1 1 10 12 1 3 9 12 1 9 12 1 10 12 1 1 7 1 9 3 100 1 10 12 1 9 12 1 10 12 1 9 12 1 10 12 1 9 12 1 10 100 12 1 1 1 100 10 12 1 100 1 5 0 10 100 12 1 1 100 1 10 12 1 1 10 12 1 10 12 1 100 1 10 12 1 10 100 1 100 1 10 10 12 1 10 100 1 10 12 1 10 100 1 10 12 1 10 100 1 10 12 1 1 100 1 10 12 1 10 10 12 1 100 1 10 12 1 10 10 12 1 100 1 10 12 1 10 100 1 10 12 1 10 100 1 10 12 1 10 100 1 10 12 1 10 100 1 10 12 1 10 100 1 10 12 1 10 100 1 10 12 1 10 100 1 10 12 1 10 100 1 10 10 100 1 10 10 100 1 10 10 100 1 10 12 1 10 100 1 10 12 1 10 100 1 10 12 1 10 100 1 10 12 1 10 100 1 10 12 1 10 100 1 10 10 100 1 10 10 100 1 10 10 100 1 10 12 1 10 100 1 10 12 1 10 100 1 10 12 1 10 100 1 10 12 1 10 100 1 10 12 1 10 10 12 1 10 12 1 7 1 7 1 10 12 1 9 12 1 1 9 12 1 1 10 12 1 1 8 10 12 1 1 8 8 8 8 7 10 12 1 1 10 12 1 1 100 1 8 1 10 7 1 100 1 100 1 1 1 5 0 1 1 3 1 3 1 1 1 1 3 1 3 1 3 1 1 1 1 1 3 1 3 1 3 1 1 1 1 1 1 1 1 1 1 1 1 1 1 1 1 1 1 1 1 1 1 1 1 1 1 1 1 100 1 1 1 1 1 1 1 1 1 1 1 1 1 1 1 1 1 1 1 1 1 1 1 1 1 1 1 1 1 1 1 1 1 1 1 1 1 1 1 1 1 1 1 1 1 1 1 1 1 1 1 1 1 1 1 1 1 1 1 1 1 1 1 1 1 1 1 1 1 1 1 1 1 1 1 100 1 1 1 1 1 1 1 1 1 1 100 1 1 1 1 1 1 1 1 1 1 1 100 1 1 1 1 1 1 1 1 1 1 1 1 1 1 1 1 1 1 1 1 1 1 1 1 1 1 1 1 1 1 1 1 1 1 1 1 1 1 1 1 1 1 1 1 1 1 1 1 1 1 1 1 1 1 1 1 1 1 1 1 1 1 1 1 1 1 1 1 1 1 1 1 1 1 1 1 1 1 1 1 1 1 1 1 1 1 1 1 1 1 1 1 1 1 1 1 1 1 1 1 1 1 1 1 1 1 1 1 1 1 1 1 1 1 1 1 1 1 1 1 1 1 1 1 1 1 1 1 1 1 1 1 1 1 1 1 1 1 1 1 1 1 1 1 1 1 1 1 1 1 1 1 1 1 1 1 1 1 1 1 1 1 1 1 1 1 1 1 1 1 1 1 1 1 1 1 1 1 1 1 1 1 1 1 1 1 1 1 1 1 1 1 1 1 1 1 1 1 1 1 1 1 1 1 1 1 1 1 1 1 1 1 1 1 1 1 1 1 1 1 1 1 1 1 100 1 100 1 100 1 100 1 100 1 100 1 100 1 100 1 100 1 1 1 1 1 1 1 1 1 1 1 1 1 1 1 1 1 1 1 1 1 1 1 1 1 1 1 1 1 1 1 1 1 1 1 1 1 1 1 1 1 1 1 1 1 1 1 1 1 1 1 1 1 1 1 1 1 1
staticfield java/util/concurrent/ConcurrentHashMap serialPersistentFields [Ljava/io/ObjectStreamField; 3 [Ljava/io/ObjectStreamField;
staticfield java/util/concurrent/ConcurrentHashMap U Ljdk/internal/misc/Unsafe; jdk/internal/misc/Unsafe
staticfield java/util/concurrent/ConcurrentHashMap SIZECTL J 44
staticfield java/util/concurrent/ConcurrentHashMap TRANSFERINDEX J 56
staticfield java/util/concurrent/ConcurrentHashMap BASECOUNT J 48
staticfield java/util/concurrent/ConcurrentHashMap CELLSBUSY J 60
staticfield java/util/concurrent/ConcurrentHashMap CELLVALUE J 144
staticfield java/util/concurrent/ConcurrentHashMap ABASE J 16
staticfield java/util/concurrent/ConcurrentHashMap ASHIFT I 2
instanceKlass com/fasterxml/jackson/databind/util/internal/PrivateMaxEntriesMap
instanceKlass tools/jackson/databind/util/internal/PrivateMaxEntriesMap
instanceKlass org/hibernate/validator/internal/util/ConcurrentReferenceHashMap
instanceKlass org/springframework/util/ConcurrentReferenceHashMap
instanceKlass java/util/TreeMap
instanceKlass java/util/Collections$SingletonMap
instanceKlass java/util/concurrent/ConcurrentSkipListMap
instanceKlass java/util/IdentityHashMap
instanceKlass java/util/EnumMap
instanceKlass java/util/WeakHashMap
instanceKlass java/util/Collections$EmptyMap
instanceKlass sun/util/PreHashedMap
instanceKlass java/util/HashMap
instanceKlass java/util/ImmutableCollections$AbstractImmutableMap
instanceKlass java/util/concurrent/ConcurrentHashMap
ciInstanceKlass java/util/AbstractMap 1 1 200 10 7 12 1 1 1 10 7 12 1 1 1 11 7 12 1 1 1 10 11 12 1 1 11 7 12 1 1 1 11 12 1 1 7 1 11 12 1 10 12 1 1 11 12 1 100 1 10 11 12 1 11 7 1 10 12 1 1 11 12 1 9 12 1 1 7 1 10 12 1 9 12 1 1 7 1 10 11 11 12 1 1 11 12 1 100 1 100 1 11 12 1 8 1 7 1 10 10 12 1 1 8 1 10 12 1 10 12 1 1 10 12 1 1 1 1 1 1 1 1 1 1 1 1 1 1 1 1 1 1 1 1 1 1 1 1 1 1 1 1 1 1 1 1 1 1 1 1 1 1 1 1 100 1 1 1 1 1 1 1 100 1 1 1 1 1 1 1 1 1 100 1 1 1 1 1 1 1 1 1 1 1 100 1 100 1 100 1 100 1 100 1 1 1 1 1 1 1 1
ciInstanceKlass java/util/concurrent/ConcurrentMap 1 1 201 11 7 12 1 1 1 10 7 12 1 1 11 12 1 1 11 100 12 1 1 1 11 100 12 1 1 1 11 12 1 1 100 1 11 12 1 11 12 1 100 1 11 100 12 1 1 1 18 12 1 11 12 1 1 11 7 12 1 1 11 12 1 1 11 100 12 1 11 12 1 1 11 12 1 1 100 1 100 1 1 1 1 1 1 1 1 1 1 1 1 1 1 1 1 1 1 1 1 1 1 1 1 1 1 1 1 1 1 1 1 1 1 1 1 1 1 1 1 1 1 1 1 1 1 1 1 1 1 1 1 1 1 1 1 1 1 1 1 16 15 11 12 15 10 100 12 1 1 1 1 1 100 1 100 1 1 1 100 1 8 1 1 12 10 1 8 1 1 1 8 1 1 8 1 1 1 8 1 1 1 8 1 1 8 1 8 1 8 1 1 1 8 1 1 8 1 1 1 8 1
ciInstanceKlass java/util/Collection 1 1 115 11 100 12 1 1 1 100 1 11 7 12 1 1 1 10 100 12 1 1 1 11 12 1 1 11 100 12 1 1 1 11 12 1 1 11 100 12 1 1 1 11 12 1 1 10 100 12 1 1 1 11 12 1 10 7 12 1 1 1 100 1 100 1 1 1 1 1 1 1 1 1 1 1 1 1 1 1 1 1 1 1 1 1 1 1 1 1 1 1 1 1 1 1 1 1 1 1 1 1 1 1 1 1 1 1 1 1 1 1 1 1 1 1 1
instanceKlass jdk/internal/loader/ClassLoaders$BootClassLoader
instanceKlass jdk/internal/loader/ClassLoaders$PlatformClassLoader
instanceKlass jdk/internal/loader/ClassLoaders$AppClassLoader
ciInstanceKlass jdk/internal/loader/BuiltinClassLoader 1 1 652 9 7 12 1 1 1 10 7 12 1 1 1 10 7 12 1 1 1 9 12 1 1 9 12 1 1 7 1 10 12 1 9 12 1 10 12 1 9 12 1 10 7 12 1 1 1 10 7 12 1 1 1 10 7 12 1 1 1 11 7 12 1 1 1 100 1 100 1 10 10 12 1 1 8 1 10 12 1 10 12 7 1 10 12 1 10 12 1 1 11 7 12 1 1 1 11 7 12 1 1 1 11 12 1 1 7 1 8 1 8 1 10 9 12 1 1 10 7 12 1 1 11 12 1 1 10 12 1 1 10 12 1 1 10 12 1 1 11 7 12 1 1 1 10 7 12 1 1 7 1 10 100 12 1 1 1 10 7 12 1 1 1 10 12 1 10 12 1 100 1 8 1 10 12 1 1 10 8 1 10 12 1 1 10 12 1 1 10 12 1 1 11 7 12 1 1 11 12 1 7 1 10 11 12 1 1 11 10 12 1 1 7 1 10 12 1 10 7 12 1 10 12 1 11 12 1 1 11 7 1 11 12 1 7 1 10 12 1 1 100 1 100 1 11 12 1 1 10 12 1 10 12 10 12 1 10 7 12 1 1 1 7 1 10 10 12 1 1 10 12 1 1 10 12 1 1 10 12 1 9 12 1 1 100 1 10 10 12 1 1 10 12 1 1 10 12 1 10 12 10 12 1 1 10 12 1 1 10 12 1 1 10 12 1 10 12 1 1 10 12 1 1 10 12 1 10 12 1 1 10 12 1 7 1 10 12 10 7 12 1 1 1 10 12 1 11 12 1 7 1 10 12 1 7 1 100 1 10 12 1 10 12 1 11 12 1 1 10 12 1 1 10 12 1 1 10 12 1 1 10 12 1 1 10 12 1 10 12 1 10 12 1 10 12 1 8 1 10 12 1 1 10 7 12 1 1 10 12 1 100 1 8 1 8 1 10 10 12 1 8 1 8 1 10 7 12 1 1 1 11 7 12 1 1 1 9 7 12 1 1 1 10 7 12 1 1 1 9 12 1 9 12 1 9 12 1 9 12 1 9 12 1 9 12 1 10 7 12 1 1 1 8 1 10 12 1 7 1 10 11 12 1 1 10 12 10 12 1 10 12 1 100 1 10 12 1 10 12 1 11 11 12 1 10 7 12 1 1 10 7 12 1 1 8 1 10 7 12 1 1 10 12 1 1 1 1 1 1 1 1 1 1 1 1 1 1 1 1 1 1 1 1 1 1 1 1 1 1 1 1 1 1 1 1 1 1 1 1 1 1 1 1 1 1 1 1 1 1 1 1 1 1 1 1 1 1 1 100 1 1 1 1 1 1 1 1 1 1 1 1 1 100 1 100 1 1 1 1 1 1 1 1 1 1 1 1 1 1 1 1 1 1 1 1 1 1 1 1 1 1 1 1 1 1 1 1 1 1 1 1 1 1 1 1 1 1 1 1 1 1 1 100 1 1 1 100 1 1 1 1 1
staticfield jdk/internal/loader/BuiltinClassLoader packageToModule Ljava/util/Map; java/util/concurrent/ConcurrentHashMap
staticfield jdk/internal/loader/BuiltinClassLoader $assertionsDisabled Z 1
ciInstanceKlass jdk/internal/loader/ClassLoaders$AppClassLoader 1 1 57 8 1 10 7 12 1 1 1 10 7 12 1 1 1 10 12 1 1 10 7 12 1 1 1 100 1 10 12 1 1 1 1 1 1 1 1 1 1 1 1 1 1 1 1 1 1 1 1 1 1 1 1 100 1 1 1
ciInstanceKlass jdk/internal/loader/ClassLoaders$PlatformClassLoader 1 1 42 8 1 10 7 12 1 1 1 10 7 12 1 1 1 100 1 10 12 1 100 1 1 1 1 1 1 1 1 1 1 1 1 1 1 100 1 1 1 100 1 1
ciInstanceKlass java/lang/ArithmeticException 1 1 26 10 100 12 1 1 1 10 12 1 100 1 1 1 1 5 0 1 1 1 1 1 1 1 1 1
instanceKlass net/minidev/json/parser/ParseException
instanceKlass org/json/JSONException
instanceKlass javax/xml/transform/TransformerException
instanceKlass jakarta/xml/bind/JAXBException
instanceKlass jakarta/servlet/ServletException
instanceKlass org/xml/sax/SAXException
instanceKlass javax/xml/stream/XMLStreamException
instanceKlass org/springframework/batch/core/step/NoSuchStepException
instanceKlass org/springframework/batch/core/job/JobExecutionException
instanceKlass javax/management/JMException
instanceKlass ch/qos/logback/core/boolex/EvaluationException
instanceKlass ch/qos/logback/core/util/DynamicClassLoadingException
instanceKlass ch/qos/logback/core/util/IncompatibleClassException
instanceKlass ch/qos/logback/core/joran/spi/JoranException
instanceKlass java/util/concurrent/TimeoutException
instanceKlass org/springframework/validation/BindException
instanceKlass java/sql/SQLException
instanceKlass java/util/concurrent/ExecutionException
instanceKlass java/lang/invoke/StringConcatException
instanceKlass java/net/URISyntaxException
instanceKlass java/util/zip/DataFormatException
instanceKlass java/security/GeneralSecurityException
instanceKlass java/security/PrivilegedActionException
instanceKlass sun/nio/fs/WindowsException
instanceKlass sun/util/locale/LocaleSyntaxException
instanceKlass java/text/ParseException
instanceKlass java/lang/CloneNotSupportedException
instanceKlass java/lang/instrument/UnmodifiableClassException
instanceKlass java/lang/InterruptedException
instanceKlass java/io/IOException
instanceKlass java/lang/ReflectiveOperationException
instanceKlass java/lang/RuntimeException
ciInstanceKlass java/lang/Exception 1 1 40 10 7 12 1 1 1 10 12 1 10 12 1 10 12 1 10 12 1 100 1 1 1 1 5 0 1 1 1 1 1 1 1 1 1 1 1 1 1 1
instanceKlass org/springframework/test/context/aot/TestContextAotException
instanceKlass com/jayway/jsonpath/internal/EvaluationAbortException
instanceKlass com/jayway/jsonpath/JsonPathException
instanceKlass org/springframework/validation/method/MethodValidationException
instanceKlass javax/xml/catalog/CatalogException
instanceKlass java/lang/reflect/MalformedParametersException
instanceKlass tools/jackson/core/JacksonException
instanceKlass java/nio/file/FileSystemNotFoundException
instanceKlass org/springframework/context/NoSuchMessageException
instanceKlass org/hibernate/AssertionFailure
instanceKlass jakarta/el/ELException
instanceKlass jakarta/persistence/PersistenceException
instanceKlass jakarta/validation/ValidationException
instanceKlass org/springframework/batch/infrastructure/item/ItemStreamException
instanceKlass org/springframework/batch/core/job/UnexpectedJobExecutionException
instanceKlass org/assertj/core/util/introspection/IntrospectionError
instanceKlass java/util/EmptyStackException
instanceKlass java/lang/reflect/MalformedParameterizedTypeException
instanceKlass java/lang/WrongThreadException
instanceKlass org/mockito/exceptions/base/MockitoInitializationException
instanceKlass org/mockito/exceptions/base/MockitoException
instanceKlass org/springframework/core/NestedRuntimeException
instanceKlass java/lang/reflect/InaccessibleObjectException
instanceKlass org/apache/logging/log4j/util/InternalException
instanceKlass org/apache/logging/log4j/LoggingException
instanceKlass org/apache/commons/logging/LogConfigurationException
instanceKlass ch/qos/logback/core/LogbackException
instanceKlass java/security/ProviderException
instanceKlass org/opentest4j/IncompleteExecutionException
instanceKlass org/springframework/batch/infrastructure/item/validator/ValidationException
instanceKlass org/springframework/batch/infrastructure/item/ItemReaderException
instanceKlass java/lang/annotation/IncompleteAnnotationException
instanceKlass java/lang/reflect/UndeclaredThrowableException
instanceKlass java/lang/invoke/WrongMethodTypeException
instanceKlass org/junit/platform/commons/JUnitException
instanceKlass org/jetbrains/coverage/org/objectweb/asm/tree/UnsupportedClassVersionException
instanceKlass java/nio/file/ProviderNotFoundException
instanceKlass java/util/concurrent/RejectedExecutionException
instanceKlass com/intellij/rt/coverage/instrumentation/ClassWriterImpl$FrameComputationClassNotFoundException
instanceKlass java/lang/NegativeArraySizeException
instanceKlass java/lang/SecurityException
instanceKlass java/nio/file/FileSystemAlreadyExistsException
instanceKlass java/io/UncheckedIOException
instanceKlass java/time/DateTimeException
instanceKlass java/util/MissingResourceException
instanceKlass java/lang/MatchException
instanceKlass java/util/IllformedLocaleException
instanceKlass java/nio/BufferUnderflowException
instanceKlass java/nio/BufferOverflowException
instanceKlass java/util/ConcurrentModificationException
instanceKlass java/lang/TypeNotPresentException
instanceKlass java/util/NoSuchElementException
instanceKlass java/lang/UnsupportedOperationException
instanceKlass java/lang/IllegalStateException
instanceKlass java/lang/IllegalArgumentException
instanceKlass java/lang/IndexOutOfBoundsException
instanceKlass java/lang/ArithmeticException
instanceKlass java/lang/NullPointerException
instanceKlass jdk/internal/vm/PreemptedException
instanceKlass java/lang/IllegalCallerException
instanceKlass java/lang/IllegalMonitorStateException
instanceKlass java/lang/ArrayStoreException
instanceKlass java/lang/ClassCastException
ciInstanceKlass java/lang/RuntimeException 1 1 40 10 7 12 1 1 1 10 12 1 10 12 1 10 12 1 10 12 1 100 1 1 1 1 5 0 1 1 1 1 1 1 1 1 1 1 1 1 1 1
ciInstanceKlass java/lang/ArrayIndexOutOfBoundsException 1 1 45 10 7 12 1 1 1 10 12 1 100 1 10 8 1 10 12 1 1 10 12 1 10 12 1 1 100 1 1 1 1 5 0 1 1 1 1 1 1 1 1 1 1 1 1
ciInstanceKlass java/lang/ArrayStoreException 1 1 26 10 100 12 1 1 1 10 12 1 100 1 1 1 1 5 0 1 1 1 1 1 1 1 1 1
ciInstanceKlass java/lang/ClassCastException 1 1 26 10 100 12 1 1 1 10 12 1 100 1 1 1 1 5 0 1 1 1 1 1 1 1 1 1
ciInstanceKlass java/lang/ClassNotFoundException 1 1 96 7 1 10 7 12 1 1 1 10 12 1 10 12 1 1 10 100 12 1 1 1 8 1 10 100 12 1 1 1 10 7 12 1 1 10 100 12 1 1 1 10 100 12 1 1 1 10 12 1 1 7 1 10 12 1 9 12 1 1 1 1 1 5 0 1 1 1 1 1 1 1 1 1 1 1 1 1 1 1 1 1 1 100 1 1 1 1 1 1 1 1 1 1 1 1
staticfield java/lang/ClassNotFoundException serialPersistentFields [Ljava/io/ObjectStreamField; 1 [Ljava/io/ObjectStreamField;
instanceKlass java/lang/reflect/Proxy$InvocationException
instanceKlass java/lang/InstantiationException
instanceKlass java/lang/IllegalAccessException
instanceKlass java/lang/reflect/InvocationTargetException
instanceKlass java/lang/NoSuchFieldException
instanceKlass java/lang/NoSuchMethodException
instanceKlass java/lang/ClassNotFoundException
ciInstanceKlass java/lang/ReflectiveOperationException 1 1 34 10 7 12 1 1 1 10 12 1 10 12 1 10 12 1 100 1 1 1 1 5 0 1 1 1 1 1 1 1 1 1 1 1
ciInstanceKlass java/lang/IllegalCallerException 0 0 35 10 100 12 1 1 1 10 12 1 10 12 1 10 12 1 100 1 1 1 1 5 0 1 1 1 1 1 1 1 1 1 1 1 1
ciInstanceKlass java/lang/IllegalMonitorStateException 1 1 26 10 100 12 1 1 1 10 12 1 100 1 1 1 1 5 0 1 1 1 1 1 1 1 1 1
ciInstanceKlass java/lang/BootstrapMethodError 0 0 45 10 100 12 1 1 1 10 12 1 10 12 1 10 100 12 1 1 1 10 100 12 1 1 1 1 1 1 5 0 1 1 1 1 1 1 1 1 1 1 1 100 1 1 1
instanceKlass javax/xml/transform/TransformerFactoryConfigurationError
instanceKlass java/lang/ThreadDeath
instanceKlass java/lang/annotation/AnnotationFormatError
instanceKlass java/io/IOError
instanceKlass java/util/ServiceConfigurationError
instanceKlass java/nio/charset/CoderMalfunctionError
instanceKlass java/lang/AssertionError
instanceKlass java/lang/VirtualMachineError
instanceKlass java/lang/LinkageError
ciInstanceKlass java/lang/Error 1 1 58 10 7 12 1 1 1 9 12 1 1 10 100 12 1 1 1 10 100 12 1 1 1 10 12 1 10 12 1 10 12 1 10 12 1 100 1 1 1 1 5 0 1 1 1 1 1 1 1 1 100 1 1 1 1 1 1 1
instanceKlass java/lang/ClassFormatError
instanceKlass java/lang/ExceptionInInitializerError
instanceKlass java/lang/IncompatibleClassChangeError
instanceKlass java/lang/BootstrapMethodError
instanceKlass java/lang/NoClassDefFoundError
ciInstanceKlass java/lang/LinkageError 1 1 31 10 7 12 1 1 1 10 12 1 10 12 1 100 1 1 1 1 5 0 1 1 1 1 1 1 1 1 1 1 1
ciInstanceKlass java/lang/NullPointerException 1 1 52 10 7 12 1 1 1 10 12 1 9 7 12 1 1 1 10 12 1 1 9 12 1 1 10 12 1 1 10 12 1 1 1 1 5 0 1 1 1 1 1 1 1 1 100 1 100 1 100 1 1 1
ciInstanceKlass jdk/internal/vm/PreemptedException 1 1 21 10 100 12 1 1 1 100 1 1 1 1 5 0 1 1 1 1 1 1 1
ciInstanceKlass java/lang/InternalError 1 1 34 10 7 12 1 1 1 10 12 1 10 12 1 10 12 1 100 1 1 1 1 5 0 1 1 1 1 1 1 1 1 1 1 1
instanceKlass java/lang/StackOverflowError
instanceKlass java/lang/OutOfMemoryError
instanceKlass java/lang/InternalError
ciInstanceKlass java/lang/VirtualMachineError 1 1 34 10 7 12 1 1 1 10 12 1 10 12 1 10 12 1 100 1 1 1 1 5 0 1 1 1 1 1 1 1 1 1 1 1
ciInstanceKlass java/lang/NoClassDefFoundError 0 0 26 10 100 12 1 1 1 10 12 1 100 1 1 1 1 5 0 1 1 1 1 1 1 1 1 1
ciInstanceKlass java/lang/OutOfMemoryError 1 1 26 10 100 12 1 1 1 10 12 1 100 1 1 1 1 5 0 1 1 1 1 1 1 1 1 1
ciInstanceKlass java/lang/StackOverflowError 1 1 26 10 100 12 1 1 1 10 12 1 100 1 1 1 1 5 0 1 1 1 1 1 1 1 1 1
ciInstanceKlass java/lang/StackTraceElement 1 1 235 10 7 12 1 1 1 10 7 12 1 1 9 12 1 1 9 12 1 1 9 12 1 9 12 1 8 1 10 7 12 1 1 1 7 1 9 12 1 8 1 9 12 1 9 12 1 9 12 1 1 10 12 1 1 10 12 1 8 1 10 7 12 1 1 1 7 1 10 12 1 10 12 1 1 10 12 1 10 12 1 1 10 12 1 10 12 1 10 10 12 1 8 1 10 12 1 10 12 1 1 10 12 1 1 10 12 1 10 12 1 10 12 1 9 12 1 1 10 7 12 1 1 1 10 12 1 1 7 1 10 12 1 1 10 7 12 1 1 10 7 12 1 1 1 10 7 12 1 1 10 7 12 1 1 10 10 12 1 1 10 12 1 1 10 12 1 1 10 12 1 100 1 1 1 1 1 1 1 3 1 3 1 1 5 0 1 1 1 1 1 1 1 1 1 1 1 1 1 1 1 1 1 1 1 1 1 1 1 1 1 1 1 1 1 100 1 100 1 1 1 1 1 1 1 100 1 1 1 1 1 1 1 1 1
instanceKlass java/util/concurrent/locks/AbstractQueuedLongSynchronizer
instanceKlass java/util/concurrent/locks/AbstractQueuedSynchronizer
ciInstanceKlass java/util/concurrent/locks/AbstractOwnableSynchronizer 1 1 32 10 7 12 1 1 1 9 7 12 1 1 1 100 1 1 1 1 5 0 1 1 1 1 1 1 1 1 1 1 1 1
ciInstanceKlass jdk/internal/vm/Continuation 1 1 548 9 7 12 1 1 1 9 12 1 9 12 1 100 1 100 1 10 12 1 1 8 1 10 12 1 1 10 12 1 10 12 1 1 10 12 1 9 7 12 1 1 1 11 100 12 1 1 1 10 100 1 9 12 1 1 9 12 1 1 10 8 1 10 12 1 9 12 1 1 10 11 12 1 1 100 1 10 100 12 1 1 1 10 12 1 1 10 12 1 10 12 1 1 11 12 1 1 9 12 1 1 10 12 1 1 18 12 1 1 10 100 12 1 1 1 100 1 10 12 1 11 100 12 1 1 1 10 12 1 9 12 1 10 12 1 1 100 1 8 1 10 12 1 10 12 1 1 9 12 1 1 11 12 1 1 9 12 1 1 8 1 10 11 12 1 1 11 12 1 1 10 12 1 1 10 12 1 1 9 12 1 10 12 1 10 10 12 1 8 1 10 12 1 8 1 8 1 10 7 12 1 1 1 10 100 12 1 1 1 10 12 1 9 12 1 11 12 1 100 1 10 12 1 10 12 1 1 9 12 1 1 100 1 10 12 1 1 9 12 1 1 10 12 1 10 12 1 11 100 12 1 1 10 7 1 10 12 1 8 1 10 12 1 1 9 12 1 1 10 7 12 1 1 8 1 8 1 8 1 8 1 10 12 1 1 10 12 1 10 12 1 10 12 1 10 12 1 1 10 12 1 1 8 1 9 12 1 10 12 1 1 9 12 1 1 10 12 1 1 9 12 1 8 1 10 100 12 1 1 1 10 12 1 8 1 100 1 8 1 10 9 12 1 1 8 1 10 100 12 1 1 10 100 12 1 1 8 1 8 1 10 12 10 12 1 1 10 100 1 10 100 12 1 1 1 18 11 100 12 1 1 1 18 12 1 11 12 1 1 100 1 10 7 12 1 1 10 12 1 1 8 10 12 1 1 10 7 12 1 1 1 10 7 12 1 1 10 12 1 8 1 10 12 1 100 1 100 1 10 12 1 1 1 1 1 1 1 1 1 1 1 1 1 1 1 1 1 1 1 1 1 1 1 1 1 1 1 1 1 1 1 1 1 1 1 1 1 1 1 1 1 1 1 1 1 1 1 1 1 1 1 1 1 1 1 1 1 1 1 1 1 1 1 1 1 1 1 1 1 1 1 1 1 1 1 1 100 1 1 16 1 15 10 12 16 15 11 100 12 1 1 1 16 1 16 1 15 10 12 16 15 10 100 12 1 1 1 1 1 1 1 1 100 1 100 1 1
staticfield jdk/internal/vm/Continuation U Ljdk/internal/misc/Unsafe; jdk/internal/misc/Unsafe
staticfield jdk/internal/vm/Continuation MOUNTED_OFFSET J 13
staticfield jdk/internal/vm/Continuation PRESERVE_SCOPED_VALUE_CACHE Z 1
staticfield jdk/internal/vm/Continuation JLA Ljdk/internal/access/JavaLangAccess; java/lang/System$1
staticfield jdk/internal/vm/Continuation $assertionsDisabled Z 1
ciInstanceKlass jdk/internal/misc/UnsafeConstants 1 1 34 10 100 12 1 1 1 9 7 12 1 1 1 9 12 1 9 12 1 1 9 12 1 9 12 1 1 1 1 1 1 1 1 1
staticfield jdk/internal/misc/UnsafeConstants ADDRESS_SIZE0 I 8
staticfield jdk/internal/misc/UnsafeConstants PAGE_SIZE I 4096
staticfield jdk/internal/misc/UnsafeConstants BIG_ENDIAN Z 0
staticfield jdk/internal/misc/UnsafeConstants UNALIGNED_ACCESS Z 1
staticfield jdk/internal/misc/UnsafeConstants DATA_CACHE_LINE_FLUSH_SIZE I 0
ciInstanceKlass java/lang/invoke/MethodHandleImpl 1 1 1422 10 7 12 1 1 1 7 1 10 7 12 1 1 1 10 7 12 1 1 1 100 1 10 8 1 10 12 1 1 10 12 1 10 12 1 1 10 7 12 1 1 1 9 100 12 1 1 1 10 100 12 1 1 1 100 1 10 12 1 1 10 12 1 1 10 12 1 1 10 7 12 1 1 1 9 7 12 1 1 1 10 7 12 1 1 1 100 1 10 9 12 1 1 9 12 1 10 12 1 1 10 12 1 10 12 1 1 10 12 1 1 10 12 1 1 8 1 8 1 10 12 1 1 10 12 1 1 10 12 1 1 10 12 1 1 10 12 1 10 12 1 1 10 7 12 1 1 1 10 12 1 7 1 10 7 12 1 1 1 10 12 1 1 10 12 1 1 11 7 12 1 1 1 11 7 12 1 1 11 12 1 1 7 1 11 12 1 10 12 1 1 10 12 1 1 11 12 1 10 7 12 1 1 10 12 1 1 10 7 12 1 1 10 12 1 10 12 1 1 10 7 12 1 1 1 10 7 12 1 1 1 10 12 1 1 10 12 1 1 9 7 12 1 1 1 10 10 12 1 1 10 12 1 1 10 10 12 1 1 10 12 1 1 10 7 12 1 1 1 10 12 1 1 10 12 1 10 12 1 10 7 12 1 1 1 10 7 12 1 1 1 10 12 1 1 10 12 1 10 12 1 10 12 1 10 12 1 1 10 12 1 10 12 1 1 10 12 1 10 12 1 8 1 100 1 10 12 1 10 12 1 1 10 12 1 10 12 1 1 10 12 1 1 7 1 10 12 1 100 1 8 1 10 12 1 10 100 12 1 1 1 8 1 10 12 1 10 7 12 1 1 1 100 1 9 7 1 10 12 1 1 10 12 1 1 9 12 1 10 12 1 1 10 7 12 1 1 10 12 1 1 10 12 1 1 10 12 1 10 12 1 7 1 10 12 1 1 9 12 1 1 10 12 1 9 7 12 1 1 1 11 7 12 1 1 7 1 9 12 1 7 1 10 12 1 10 12 1 1 7 1 10 12 1 1 10 12 1 1 10 7 12 1 1 1 10 12 1 1 10 12 1 10 12 1 1 10 12 1 10 12 1 1 10 12 1 7 1 9 7 12 1 1 1 10 12 1 10 12 1 9 7 12 1 1 1 10 12 1 1 10 12 1 1 10 12 1 10 100 12 1 1 10 100 12 1 1 1 9 12 1 10 12 1 9 12 10 12 1 10 12 1 10 12 1 10 12 1 1 10 12 1 10 12 1 1 10 12 1 10 12 1 1 10 12 1 1 10 12 1 1 10 12 1 10 12 1 10 12 1 1 10 12 1 10 7 12 1 1 10 12 1 10 100 12 1 1 8 1 10 8 1 100 1 10 9 12 1 100 1 10 12 1 8 1 10 10 12 1 10 10 12 1 1 10 12 1 1 10 12 1 10 12 1 100 1 8 1 10 12 1 10 100 12 1 1 1 10 12 1 1 10 12 1 10 12 1 7 1 10 12 1 10 12 1 10 12 1 1 7 1 10 12 1 10 7 12 1 1 10 12 1 9 12 1 10 12 1 1 10 12 1 1 100 1 10 10 12 1 8 1 8 1 9 12 1 8 1 8 1 8 1 9 12 1 10 12 1 1 9 12 1 1 10 12 1 8 1 9 7 1 10 12 1 1 10 12 1 8 1 8 1 8 1 100 1 100 1 8 8 1 8 1 100 1 8 1 100 1 10 12 1 10 12 1 10 12 10 12 1 10 12 1 11 100 12 1 1 1 18 12 1 11 100 12 1 1 1 18 18 12 1 11 12 1 1 10 12 1 1 10 12 1 10 12 1 11 12 1 9 12 1 9 12 10 10 12 1 1 9 12 1 1 11 12 1 1 18 12 1 1 11 12 1 1 11 12 1 1 10 12 1 11 100 1 10 12 1 10 12 1 10 12 1 9 12 1 9 12 10 12 1 10 100 12 1 1 1 10 12 1 10 12 1 1 10 12 1 10 12 9 12 1 1 10 12 1 10 12 1 1 9 12 1 9 12 1 10 12 1 10 12 1 1 10 12 1 100 1 10 12 1 9 12 1 1 11 100 1 9 12 1 9 12 11 12 1 9 12 1 10 12 10 12 1 1 10 12 1 1 9 7 12 1 1 10 12 1 10 12 1 10 12 1 1 100 1 10 12 1 10 12 1 1 100 1 10 12 1 1 10 12 1 1 100 1 10 12 1 1 10 12 1 1 10 12 1 10 12 1 10 12 1 9 12 1 10 12 1 10 12 1 1 9 7 12 1 1 1 8 10 12 1 1 8 1 10 12 1 8 1 8 1 8 1 8 1 8 1 8 1 100 1 8 1 8 1 10 12 1 9 12 1 7 1 10 10 7 12 1 1 1 1 1 1 1 3 1 1 3 1 3 1 3 1 3 1 3 1 3 1 3 1 3 1 1 1 1 1 1 1 1 1 3 1 3 1 1 1 1 1 1 1 1 1 1 1 1 1 1 1 1 1 1 1 1 1 1 1 1 1 1 1 1 1 1 1 1 1 1 1 1 1 1 1 1 1 1 1 1 1 1 1 1 1 1 1 1 1 1 1 1 1 1 1 1 1 1 1 1 1 1 1 1 1 1 1 1 1 1 1 1 1 1 1 1 1 1 1 1 1 1 1 1 1 1 1 1 1 1 1 1 1 1 1 1 1 1 1 100 1 1 1 1 1 1 1 1 1 1 1 1 1 1 1 1 1 1 1 1 1 1 1 1 1 1 1 1 1 1 1 1 1 1 1 1 1 1 1 1 1 1 1 1 1 1 1 1 1 1 1 1 1 1 1 1 1 1 1 1 1 1 1 1 1 1 1 1 1 1 1 1 1 1 1 1 1 1 1 1 1 1 1 1 1 1 1 1 1 1 1 1 1 1 1 1 1 1 1 1 1 1 1 1 1 1 1 1 1 1 1 1 1 1 1 1 1 1 1 1 1 1 1 1 1 1 1 1 1 1 1 1 1 1 1 1 1 1 1 1 1 1 1 1 1 1 1 1 1 1 1 1 1 1 1 1 1 1 1 1 1 1 1 1 1 1 1 1 1 1 100 1 100 1 100 1 100 1 100 1 100 1 100 1 1 16 15 10 12 16 15 16 16 1 15 10 12 16 16 15 10 12 16 15 10 100 12 1 1 1 1 1 1 1 1 1 1 1 1 1 1 1 1 1 1 1 1 1 1 1 1
staticfield java/lang/invoke/MethodHandleImpl ARRAYS [Ljava/lang/invoke/MethodHandle; 256 [Ljava/lang/invoke/MethodHandle;
staticfield java/lang/invoke/MethodHandleImpl NFS [Ljava/lang/invoke/LambdaForm$NamedFunction; 7 [Ljava/lang/invoke/LambdaForm$NamedFunction;
staticfield java/lang/invoke/MethodHandleImpl HANDLES [Ljava/lang/invoke/MethodHandle; 9 [Ljava/lang/invoke/MethodHandle;
staticfield java/lang/invoke/MethodHandleImpl $assertionsDisabled Z 1
instanceKlass java/lang/invoke/DelegatingMethodHandle
instanceKlass java/lang/invoke/BoundMethodHandle
instanceKlass java/lang/invoke/DirectMethodHandle
ciInstanceKlass java/lang/invoke/MethodHandle 1 1 735 100 1 9 7 12 1 1 1 10 7 12 1 1 1 10 7 12 1 1 1 7 1 7 1 10 12 1 1 9 12 1 1 10 12 1 10 12 1 1 10 12 1 1 10 7 12 1 1 1 10 12 1 1 10 12 1 1 11 100 12 1 1 1 10 12 1 1 10 12 1 10 12 1 9 12 1 1 9 12 1 1 10 100 12 1 1 1 10 12 1 10 12 1 1 10 12 1 10 12 1 100 1 100 1 10 8 1 10 12 1 1 10 12 1 8 1 10 12 1 1 10 12 1 10 7 12 1 1 1 10 12 1 1 10 12 1 1 10 12 1 1 10 7 12 1 1 1 10 12 1 1 10 12 1 1 10 12 1 10 12 1 1 10 100 12 1 1 10 7 12 1 1 10 12 1 10 12 1 10 12 1 1 10 12 1 1 10 12 1 1 10 12 1 1 10 7 12 1 1 1 10 7 12 1 1 1 10 12 1 1 10 12 1 1 10 12 1 1 8 1 10 7 12 1 1 1 8 1 10 12 1 10 12 1 1 10 12 1 1 10 12 1 8 1 10 12 1 1 8 1 10 12 1 8 1 10 100 12 1 1 1 9 12 1 1 100 1 10 9 100 12 1 1 1 9 100 1 8 1 10 12 1 1 10 12 1 10 12 1 1 10 12 1 10 12 1 1 10 12 1 10 12 1 1 10 12 1 10 12 1 1 10 12 1 1 8 1 10 12 1 1 8 1 10 12 1 10 12 1 1 10 12 1 10 12 1 10 12 1 1 9 100 12 1 1 1 10 12 1 1 11 12 1 10 12 1 10 12 1 1 10 100 12 1 1 100 1 11 12 1 10 100 1 11 12 1 100 1 10 12 1 11 12 1 9 100 12 1 1 1 11 12 1 1 11 100 12 1 1 1 10 12 1 1 9 12 1 11 12 1 9 12 1 9 12 1 9 12 1 11 12 1 1 9 12 1 9 12 1 9 12 1 9 12 1 9 12 1 9 12 1 9 12 1 8 1 10 12 1 10 12 1 8 1 10 12 1 10 12 1 10 12 1 1 10 10 10 7 12 1 1 10 12 1 1 100 1 100 1 8 1 8 1 10 10 12 1 1 10 12 1 10 12 1 100 1 10 100 12 1 1 1 10 9 7 12 1 1 1 10 12 1 1 10 12 1 1 8 1 8 1 10 100 12 1 1 9 12 1 9 12 1 1 9 12 1 1 10 12 1 7 1 10 12 1 10 12 1 1 9 12 1 1 9 12 1 1 10 7 12 1 1 1 11 7 12 1 1 9 12 1 10 12 1 1 9 12 1 10 12 1 8 10 12 1 1 8 1 1 1 1 1 1 1 1 7 1 1 1 1 1 1 1 1 1 1 1 1 1 1 1 1 1 1 1 1 1 1 1 1 1 1 1 1 1 1 1 1 100 1 1 1 1 1 1 1 1 1 1 1 1 1 1 1 1 1 1 1 1 1 1 1 1 1 1 1 1 1 1 1 1 1 1 1 1 1 1 1 1 1 1 1 1 1 1 1 1 1 1 1 1 1 1 1 1 1 1 1 1 1 1 1 1 1 1 1 1 1 1 1 1 1 1 1 1 1 1 1 1 1 1 1 1 1 1 1 100 1 1 100 1 100 1 100 1 1 100 1 1 100 1 1 1 1
staticfield java/lang/invoke/MethodHandle FORM_OFFSET J 20
staticfield java/lang/invoke/MethodHandle UPDATE_OFFSET J 13
staticfield java/lang/invoke/MethodHandle $assertionsDisabled Z 1
ciInstanceKlass java/lang/invoke/MethodType 1 1 714 7 1 10 7 12 1 1 1 9 12 1 1 9 12 1 1 9 12 1 1 10 7 12 1 1 1 9 7 12 1 1 8 1 10 100 12 1 1 1 9 7 1 9 7 1 10 12 1 1 7 1 10 8 1 10 12 1 1 10 12 1 10 12 1 1 100 1 8 1 10 12 1 100 1 10 10 12 1 10 12 1 1 10 12 1 1 11 7 12 1 1 1 9 12 1 11 12 1 1 7 10 12 1 1 10 12 1 1 7 1 7 1 10 7 12 1 1 1 10 12 1 10 12 1 9 12 1 1 10 7 12 1 1 10 12 1 1 10 7 12 1 1 1 10 7 12 1 1 1 10 12 1 9 12 1 1 10 12 1 1 10 12 1 1 10 12 1 1 10 12 1 1 10 12 1 1 10 12 1 10 12 1 10 12 1 1 10 12 1 8 1 8 1 10 12 1 1 9 12 1 1 100 1 10 10 12 1 1 10 12 1 10 12 1 1 10 12 1 1 10 12 1 10 12 1 10 12 1 8 1 10 12 1 1 10 100 12 1 1 1 10 12 1 10 12 1 1 10 12 1 10 12 1 10 12 1 1 10 12 1 10 12 1 9 12 1 10 12 1 10 10 12 1 1 10 12 1 9 12 1 1 10 12 1 1 11 12 1 1 10 12 1 1 10 12 1 10 12 1 7 1 8 1 8 1 8 1 10 12 1 10 12 1 10 12 1 1 10 10 12 1 11 12 1 1 11 12 1 10 100 12 1 1 1 9 12 1 10 12 1 10 12 1 1 10 12 1 1 10 12 1 10 12 1 10 100 12 1 1 1 10 12 1 1 10 12 1 10 12 1 10 12 1 10 9 12 1 1 7 1 10 12 1 10 100 12 1 1 1 10 12 1 1 10 7 12 1 1 1 11 12 1 1 9 12 1 1 10 12 1 1 10 12 1 10 12 1 1 10 12 1 1 10 100 12 1 1 10 12 1 10 12 100 1 11 100 12 1 1 10 12 1 11 12 1 10 100 12 1 1 10 12 1 1 10 12 1 1 9 12 1 1 9 100 12 1 1 1 10 100 12 1 1 1 9 12 1 10 100 12 1 1 10 12 1 100 10 12 1 10 12 1 1 10 12 1 7 1 10 10 12 1 1 7 1 7 1 9 12 1 1 100 1 100 1 100 1 1 1 5 0 1 1 1 1 1 1 1 3 1 3 1 3 1 1 1 1 1 1 1 1 1 1 1 1 1 1 1 1 1 1 1 1 1 1 1 1 1 1 1 1 1 1 1 1 1 1 1 1 1 1 1 1 1 1 1 1 1 1 1 1 1 1 1 1 1 1 1 1 1 1 1 1 1 1 1 1 1 1 1 1 1 1 1 1 1 1 1 1 1 1 1 1 1 1 1 1 1 1 1 1 1 1 1 1 1 1 1 1 1 1 1 1 1 1 1 1 1 1 1 1 1 1 1 1 1 1 1 1 1 1 1 1 1 1 1 1 1 1 1 100 1 1 7 1 7 1 1 1 1 1 1 1 1 1 1 1 1 1 100 1 1 1 1 100 1 1 1 100 1 1 1 1 1 1 1 1 1 1 1 1 1 1 1 1 1 1 100 1 1 100 1 1
staticfield java/lang/invoke/MethodType internTable Ljdk/internal/util/ReferencedKeySet; jdk/internal/util/ReferencedKeySet
staticfield java/lang/invoke/MethodType NO_PTYPES [Ljava/lang/Class; 0 [Ljava/lang/Class;
staticfield java/lang/invoke/MethodType objectOnlyTypes [Ljava/lang/invoke/MethodType; 20 [Ljava/lang/invoke/MethodType;
staticfield java/lang/invoke/MethodType METHOD_HANDLE_ARRAY [Ljava/lang/Class; 1 [Ljava/lang/Class;
staticfield java/lang/invoke/MethodType serialPersistentFields [Ljava/io/ObjectStreamField; 0 [Ljava/io/ObjectStreamField;
staticfield java/lang/invoke/MethodType $assertionsDisabled Z 1
ciInstanceKlass java/lang/invoke/TypeDescriptor$OfMethod 1 0 43 100 1 100 1 100 1 1 1 1 1 1 1 1 1 1 1 1 1 1 1 1 1 1 1 1 1 1 1 1 1 1 1 1 1 1 1 1 1 1 100 1 1
instanceKlass org/springframework/boot/test/context/PropertyMapping$Skip
instanceKlass org/springframework/test/context/NestedTestConfiguration$EnclosingConfiguration
instanceKlass org/springframework/core/NativeDetector$Context
instanceKlass org/springframework/test/context/cache/ContextCache$PauseMode
instanceKlass com/jayway/jsonpath/Option
instanceKlass org/springframework/core/Nullness
instanceKlass org/springframework/test/json/JsonComparison$Result
instanceKlass org/skyscreamer/jsonassert/JSONCompareMode
instanceKlass org/springframework/test/json/JsonCompareMode
instanceKlass com/fasterxml/jackson/annotation/JsonFormat$Feature
instanceKlass tools/jackson/databind/cfg/ConstructorDetector$SingleArgConstructor
instanceKlass tools/jackson/databind/AnnotationIntrospector$ReferenceProperty$Type
instanceKlass tools/jackson/core/JsonParser$NumberType
instanceKlass tools/jackson/core/StreamWriteCapability
instanceKlass org/springframework/web/servlet/mvc/method/annotation/AbstractMessageConverterMethodArgumentResolver$ConverterType
instanceKlass com/fasterxml/jackson/annotation/JsonProperty$Access
instanceKlass com/fasterxml/jackson/databind/cfg/ConstructorDetector$SingleArgConstructor
instanceKlass com/fasterxml/jackson/annotation/JsonCreator$Mode
instanceKlass com/fasterxml/jackson/databind/AnnotationIntrospector$ReferenceProperty$Type
instanceKlass org/springframework/web/context/request/async/StandardServletAsyncWebRequest$State
instanceKlass org/springframework/http/server/observation/ServerHttpObservationDocumentation$HighCardinalityKeyNames
instanceKlass org/springframework/http/server/observation/ServerHttpObservationDocumentation
instanceKlass org/springframework/http/server/observation/ServerHttpObservationDocumentation$LowCardinalityKeyNames
instanceKlass jakarta/servlet/http/MappingMatch
instanceKlass org/springframework/web/context/request/async/WebAsyncManager$State
instanceKlass jakarta/servlet/DispatcherType
instanceKlass org/springframework/web/util/HierarchicalUriComponents$Type
instanceKlass org/springframework/web/util/HierarchicalUriComponents$EncodeState
instanceKlass org/springframework/web/util/UriComponentsBuilder$EncodingHint
instanceKlass org/springframework/web/util/RfcUriParser$State
instanceKlass org/springframework/web/util/UriComponentsBuilder$ParserType
instanceKlass org/springframework/validation/DefaultMessageCodesResolver$Format
instanceKlass org/springframework/util/ConcurrentLruCache$CacheEntryState
instanceKlass io/swagger/v3/oas/annotations/enums/Explode
instanceKlass io/swagger/v3/oas/annotations/enums/ParameterStyle
instanceKlass io/swagger/v3/oas/annotations/enums/ParameterIn
instanceKlass org/springframework/core/annotation/IntrospectionFailureLogger
instanceKlass org/springframework/core/annotation/MergedAnnotations$SearchStrategy
instanceKlass com/fasterxml/jackson/annotation/PropertyAccessor
instanceKlass com/fasterxml/jackson/datatype/jsr310/JavaTimeFeature
instanceKlass com/fasterxml/jackson/core/JsonParser$NumberType
instanceKlass com/fasterxml/jackson/databind/DeserializationFeature
instanceKlass com/fasterxml/jackson/databind/cfg/JsonNodeFeature
instanceKlass com/fasterxml/jackson/databind/cfg/EnumFeature
instanceKlass com/fasterxml/jackson/databind/SerializationFeature
instanceKlass com/fasterxml/jackson/core/util/Separators$Spacing
instanceKlass com/fasterxml/jackson/databind/MapperFeature
instanceKlass com/fasterxml/jackson/databind/cfg/CoercionInputShape
instanceKlass com/fasterxml/jackson/databind/cfg/CoercionAction
instanceKlass com/fasterxml/jackson/databind/type/LogicalType
instanceKlass com/fasterxml/jackson/core/Base64Variant$PaddingReadBehaviour
instanceKlass com/fasterxml/jackson/databind/util/internal/PrivateMaxEntriesMap$DrainStatus
instanceKlass com/fasterxml/jackson/dataformat/yaml/YAMLGenerator$Feature
instanceKlass com/fasterxml/jackson/dataformat/yaml/YAMLParser$Feature
instanceKlass com/fasterxml/jackson/core/JsonGenerator$Feature
instanceKlass com/fasterxml/jackson/core/JsonParser$Feature
instanceKlass com/fasterxml/jackson/core/JsonFactory$Feature
instanceKlass com/fasterxml/jackson/core/JsonEncoding
instanceKlass javax/xml/catalog/CatalogFeatures$State
instanceKlass jdk/xml/internal/JdkProperty$ImplPropMap
instanceKlass jdk/xml/internal/JdkXmlFeatures$XmlFeature
instanceKlass jdk/xml/internal/XMLSecurityPropertyManager$Property
instanceKlass jdk/xml/internal/FeaturePropertyBase$State
instanceKlass jdk/xml/internal/XMLSecurityManager$Processor
instanceKlass jdk/xml/internal/XMLSecurityManager$Limit
instanceKlass jdk/xml/internal/JdkProperty$State
instanceKlass tools/jackson/databind/cfg/DateTimeFeature
instanceKlass tools/jackson/databind/cfg/JsonNodeFeature
instanceKlass tools/jackson/databind/cfg/EnumFeature
instanceKlass tools/jackson/databind/cfg/CoercionInputShape
instanceKlass tools/jackson/databind/cfg/CoercionAction
instanceKlass tools/jackson/databind/type/LogicalType
instanceKlass com/fasterxml/jackson/annotation/JsonFormat$Shape
instanceKlass com/fasterxml/jackson/annotation/Nulls
instanceKlass com/fasterxml/jackson/annotation/JsonAutoDetect$Visibility
instanceKlass com/fasterxml/jackson/annotation/JsonInclude$Include
instanceKlass tools/jackson/core/json/JsonWriteFeature
instanceKlass tools/jackson/core/json/JsonReadFeature
instanceKlass tools/jackson/core/StreamWriteFeature
instanceKlass tools/jackson/core/StreamReadFeature
instanceKlass tools/jackson/core/TokenStreamFactory$Feature
instanceKlass com/fasterxml/jackson/annotation/JsonTypeInfo$Id
instanceKlass tools/jackson/core/Base64Variant$PaddingReadBehaviour
instanceKlass tools/jackson/databind/util/internal/PrivateMaxEntriesMap$DrainStatus
instanceKlass tools/jackson/core/util/Separators$Spacing
instanceKlass tools/jackson/databind/DeserializationFeature
instanceKlass tools/jackson/databind/SerializationFeature
instanceKlass tools/jackson/databind/MapperFeature
instanceKlass tools/jackson/core/JsonEncoding
instanceKlass org/springframework/format/annotation/DurationFormat$Style
instanceKlass java/time/format/FormatStyle
instanceKlass org/springframework/format/datetime/standard/DateTimeFormatterRegistrar$Type
instanceKlass jakarta/servlet/SessionTrackingMode
instanceKlass org/hibernate/validator/internal/engine/messageinterpolation/InterpolationTermType
instanceKlass jakarta/persistence/spi/LoadState
instanceKlass org/hibernate/validator/spi/tracking/ProcessedBeansTrackingVoter$Vote
instanceKlass jakarta/validation/ElementKind
instanceKlass com/fasterxml/classmate/AnnotationInclusion
instanceKlass org/hibernate/validator/constraints/CompositionType
instanceKlass jakarta/validation/ConstraintTarget
instanceKlass jakarta/validation/metadata/ValidateUnwrappedValue
instanceKlass org/hibernate/validator/internal/metadata/core/ConstraintOrigin
instanceKlass org/hibernate/validator/internal/metadata/raw/ConfigurationSource
instanceKlass org/hibernate/validator/internal/metadata/descriptor/ConstraintDescriptorImpl$ConstraintType
instanceKlass org/hibernate/validator/internal/metadata/location/ConstraintLocation$ConstraintLocationKind
instanceKlass org/hibernate/validator/internal/metadata/raw/ConstrainedElement$ConstrainedElementKind
instanceKlass jakarta/validation/constraintvalidation/ValidationTarget
instanceKlass org/hibernate/validator/internal/metadata/core/BuiltinConstraint
instanceKlass org/hibernate/validator/messageinterpolation/ExpressionLanguageFeatureLevel
instanceKlass org/hibernate/validator/internal/util/ConcurrentReferenceHashMap$Option
instanceKlass org/hibernate/validator/internal/util/ConcurrentReferenceHashMap$ReferenceType
instanceKlass jakarta/validation/executable/ExecutableType
instanceKlass org/jboss/logging/Logger$Level
instanceKlass net/bytebuddy/dynamic/scaffold/TypeWriter$Default$ForInlining$WithFullProcessing$InitializationHandler$Appending$FrameWriter$NoOp
instanceKlass org/springframework/util/ConcurrentLruCache$DrainStatus
instanceKlass org/springframework/batch/infrastructure/item/database/Order
instanceKlass java/nio/file/StandardCopyOption
instanceKlass org/mockito/internal/invocation/RealMethod$IsIllegal
instanceKlass org/springframework/http/HttpStatus$Series
instanceKlass org/springframework/http/HttpStatus
instanceKlass net/bytebuddy/dynamic/scaffold/FieldLocator$Resolution$Illegal
instanceKlass net/bytebuddy/implementation/bind/MethodDelegationBinder$MethodBinding$Illegal
instanceKlass net/bytebuddy/implementation/bind/MethodDelegationBinder$ParameterBinding$Illegal
instanceKlass net/bytebuddy/implementation/Implementation$SpecialMethodInvocation$Illegal
instanceKlass net/bytebuddy/dynamic/scaffold/MethodGraph$Node$Unresolved
instanceKlass net/bytebuddy/implementation/auxiliary/MethodCallProxy$ConstructorCall
instanceKlass net/bytebuddy/implementation/auxiliary/MethodCallProxy$PrecomputedMethodGraph
instanceKlass net/bytebuddy/implementation/MethodAccessorFactory$AccessType
instanceKlass net/bytebuddy/implementation/bind/MethodDelegationBinder$AmbiguityResolver$Resolution
instanceKlass net/bytebuddy/implementation/bytecode/member/FieldAccess
instanceKlass net/bytebuddy/implementation/bind/MethodDelegationBinder$MethodInvoker$Simple
instanceKlass net/bytebuddy/dynamic/scaffold/FieldLocator$ForClassHierarchy$Factory
instanceKlass net/bytebuddy/implementation/FieldAccessor$FieldNameExtractor$ForBeanProperty
instanceKlass net/bytebuddy/implementation/attribute/FieldAttributeAppender$ForInstrumentedField
instanceKlass net/bytebuddy/description/modifier/FieldManifestation
instanceKlass net/bytebuddy/description/modifier/SynchronizationState
instanceKlass org/mockito/Mock$Strictness
instanceKlass org/mockito/quality/Strictness
instanceKlass net/bytebuddy/utility/JavaType
instanceKlass org/assertj/core/configuration/PreferredAssumptionException
instanceKlass org/assertj/core/util/introspection/FieldSupport
instanceKlass org/springframework/data/domain/Sort$Direction
instanceKlass net/bytebuddy/description/annotation/AnnotationSource$Empty
instanceKlass net/bytebuddy/implementation/bytecode/assign/primitive/PrimitiveUnboxingDelegate
instanceKlass net/bytebuddy/implementation/bytecode/assign/primitive/PrimitiveBoxingDelegate
instanceKlass net/bytebuddy/implementation/bytecode/constant/NullConstant
instanceKlass net/bytebuddy/implementation/bytecode/constant/DoubleConstant
instanceKlass net/bytebuddy/implementation/bytecode/constant/FloatConstant
instanceKlass net/bytebuddy/implementation/bytecode/constant/LongConstant
instanceKlass net/bytebuddy/implementation/bytecode/constant/DefaultValue
instanceKlass net/bytebuddy/implementation/bytecode/constant/IntegerConstant
instanceKlass net/bytebuddy/implementation/bytecode/constant/ClassConstant
instanceKlass net/bytebuddy/asm/Advice$OffsetMapping$Sort
instanceKlass net/bytebuddy/asm/Advice$StackMapFrameHandler$Default$Initialization
instanceKlass net/bytebuddy/asm/Advice$StackMapFrameHandler$Default$TranslationMode
instanceKlass net/bytebuddy/asm/Advice$ArgumentHandler$Factory
instanceKlass net/bytebuddy/implementation/bytecode/Removal
instanceKlass net/bytebuddy/dynamic/scaffold/inline/MethodRebaseResolver$Disabled
instanceKlass net/bytebuddy/dynamic/scaffold/MethodGraph$Empty
instanceKlass net/bytebuddy/pool/TypePool$Default$ReaderMode
instanceKlass net/bytebuddy/utility/TypeComparator
instanceKlass sun/reflect/annotation/TypeAnnotation$TypeAnnotationTarget
instanceKlass net/bytebuddy/utility/FieldComparator
instanceKlass org/mockito/mock/MockType
instanceKlass org/mockito/mock/SerializableMode
instanceKlass org/mockito/Answers
instanceKlass net/bytebuddy/dynamic/loading/PackageDefinitionStrategy$Definition$Trivial
instanceKlass net/bytebuddy/dynamic/loading/InjectionClassLoader$Strategy
instanceKlass net/bytebuddy/implementation/bytecode/member/MethodVariableAccess$MethodLoading$TypeCastingHandler$NoOp
instanceKlass net/bytebuddy/implementation/bytecode/assign/primitive/PrimitiveWideningDelegate
instanceKlass net/bytebuddy/implementation/bytecode/member/MethodReturn
instanceKlass net/bytebuddy/implementation/bytecode/member/MethodInvocation
instanceKlass net/bytebuddy/implementation/bytecode/member/MethodVariableAccess
instanceKlass net/bytebuddy/implementation/bytecode/Duplication
instanceKlass net/bytebuddy/dynamic/scaffold/TypeWriter$MethodPool$Record$Sort
instanceKlass net/bytebuddy/dynamic/scaffold/TypeWriter$Default$ValidatingClassVisitor$Constraint$ForClass
instanceKlass net/bytebuddy/implementation/Implementation$Context$FrameGeneration
instanceKlass net/bytebuddy/utility/AsmClassWriter$Factory$Default$EmptyAsmClassReader
instanceKlass net/bytebuddy/dynamic/scaffold/TypeWriter$Default$ClassDumpAction$Dispatcher$Disabled
instanceKlass net/bytebuddy/pool/TypePool$CacheProvider$NoOp
instanceKlass net/bytebuddy/implementation/SuperMethodCall$Appender$TerminationHandler
instanceKlass net/bytebuddy/implementation/Implementation$Target$AbstractBase$DefaultMethodInvocation
instanceKlass net/bytebuddy/dynamic/scaffold/subclass/SubclassImplementationTarget$OriginTypeResolver
instanceKlass net/bytebuddy/dynamic/scaffold/subclass/SubclassImplementationTarget$Factory
instanceKlass net/bytebuddy/description/annotation/AnnotationValue$State
instanceKlass net/bytebuddy/description/annotation/AnnotationValue$Sort
instanceKlass net/bytebuddy/description/type/TypeDescription$Generic$Visitor$Validator$ForTypeAnnotations
instanceKlass net/bytebuddy/description/type/TypeDescription$Generic$Visitor$Validator
instanceKlass net/bytebuddy/dynamic/scaffold/MethodGraph$Node$Sort
instanceKlass net/bytebuddy/pool/TypePool$Empty
instanceKlass net/bytebuddy/dynamic/TypeResolutionStrategy$Passive
instanceKlass net/bytebuddy/implementation/MethodCall$MethodInvoker$ForVirtualInvocation$WithImplicitType
instanceKlass net/bytebuddy/dynamic/Transformer$NoOp
instanceKlass net/bytebuddy/implementation/MethodCall$TerminationHandler$Simple
instanceKlass net/bytebuddy/implementation/MethodCall$MethodInvoker$ForContextualInvocation$Factory
instanceKlass net/bytebuddy/implementation/MethodCall$TargetHandler$ForSelfOrStaticInvocation$Factory
instanceKlass net/bytebuddy/asm/AsmVisitorWrapper$NoOp
instanceKlass net/bytebuddy/implementation/attribute/TypeAttributeAppender$ForInstrumentedType
instanceKlass net/bytebuddy/description/modifier/EnumerationState
instanceKlass net/bytebuddy/description/modifier/SyntheticState
instanceKlass net/bytebuddy/description/modifier/Ownership
instanceKlass net/bytebuddy/implementation/LoadedTypeInitializer$NoOp
instanceKlass net/bytebuddy/dynamic/scaffold/TypeInitializer$None
instanceKlass net/bytebuddy/description/modifier/TypeManifestation
instanceKlass net/bytebuddy/description/modifier/Visibility
instanceKlass net/bytebuddy/dynamic/scaffold/subclass/ConstructorStrategy$Default
instanceKlass net/bytebuddy/dynamic/loading/ClassFilePostProcessor$NoOp
instanceKlass net/bytebuddy/dynamic/loading/PackageDefinitionStrategy$Trivial
instanceKlass net/bytebuddy/dynamic/loading/ByteArrayClassLoader$PersistenceHandler
instanceKlass net/bytebuddy/dynamic/loading/ByteArrayClassLoader$SynchronizationStrategy$CreationAction
instanceKlass net/bytebuddy/dynamic/loading/ByteArrayClassLoader$PackageLookupStrategy$CreationAction
instanceKlass net/bytebuddy/asm/Advice$OffsetMapping$ForInstrumentedType
instanceKlass net/bytebuddy/implementation/SuperMethodCall
instanceKlass net/bytebuddy/asm/Advice$ExceptionHandler$Default
instanceKlass net/bytebuddy/asm/Advice$Dispatcher$RelocationHandler$Disabled
instanceKlass net/bytebuddy/asm/Advice$OffsetMapping$ForReturnValue$Factory
instanceKlass net/bytebuddy/asm/Advice$Dispatcher$RelocationHandler$ForValue
instanceKlass net/bytebuddy/asm/Advice$Dispatcher$SuppressionHandler$NoOp
instanceKlass net/bytebuddy/asm/Advice$OffsetMapping$ForInstrumentedMethod
instanceKlass net/bytebuddy/implementation/bytecode/StackSize
instanceKlass net/bytebuddy/asm/Advice$OffsetMapping$Factory$AdviceType
instanceKlass net/bytebuddy/asm/Advice$OffsetMapping$ForThrowable$Factory
instanceKlass net/bytebuddy/asm/Advice$OffsetMapping$ForStubValue
instanceKlass net/bytebuddy/asm/Advice$OffsetMapping$ForUnusedValue$Factory
instanceKlass net/bytebuddy/asm/Advice$OffsetMapping$ForDynamicConstant$Factory
instanceKlass net/bytebuddy/asm/Advice$OffsetMapping$ForHandle$Factory
instanceKlass net/bytebuddy/asm/Advice$OffsetMapping$ForSelfCallHandle$Factory
instanceKlass net/bytebuddy/asm/Advice$OffsetMapping$ForOrigin$Factory
instanceKlass net/bytebuddy/asm/Advice$OffsetMapping$ForFieldHandle$Unresolved$WriterFactory
instanceKlass net/bytebuddy/asm/Advice$OffsetMapping$ForFieldHandle$Unresolved$ReaderFactory
instanceKlass net/bytebuddy/asm/Advice$OffsetMapping$ForField$Unresolved$Factory
instanceKlass net/bytebuddy/asm/Advice$OffsetMapping$ForThisReference$Factory
instanceKlass net/bytebuddy/asm/Advice$OffsetMapping$ForAllArguments$Factory
instanceKlass net/bytebuddy/asm/Advice$OffsetMapping$ForArgument$Unresolved$Factory
instanceKlass net/bytebuddy/description/annotation/AnnotationValue$ForConstant$PropertyDelegate$ForNonArrayType
instanceKlass net/bytebuddy/asm/Advice$Dispatcher$Inactive
instanceKlass net/bytebuddy/dynamic/ClassFileLocator$ForClassLoader$BootLoaderProxyCreationAction
instanceKlass net/bytebuddy/asm/Advice$Delegator$ForRegularInvocation$Factory
instanceKlass net/bytebuddy/asm/Advice$PostProcessor$NoOp
instanceKlass net/bytebuddy/TypeCache$Sort
instanceKlass net/bytebuddy/implementation/bytecode/assign/reference/GenericTypeAwareAssigner
instanceKlass net/bytebuddy/implementation/bytecode/StackManipulation$Illegal
instanceKlass net/bytebuddy/implementation/bytecode/StackManipulation$Trivial
instanceKlass net/bytebuddy/implementation/bytecode/assign/reference/ReferenceTypeAwareAssigner
instanceKlass net/bytebuddy/implementation/bind/MethodDelegationBinder$TerminationHandler$Default
instanceKlass net/bytebuddy/implementation/bytecode/assign/Assigner$Typing
instanceKlass net/bytebuddy/description/type/TypeDescription$Generic$AnnotationReader$NoOp
instanceKlass net/bytebuddy/description/type/TypeDefinition$Sort
instanceKlass net/bytebuddy/utility/AnnotationComparator
instanceKlass net/bytebuddy/implementation/bind/MethodDelegationBinder$BindingResolver$Default
instanceKlass net/bytebuddy/implementation/bind/annotation/Empty$Binder
instanceKlass net/bytebuddy/implementation/bind/annotation/StubValue$Binder
instanceKlass net/bytebuddy/implementation/bind/annotation/FieldSetterHandle$Binder
instanceKlass net/bytebuddy/implementation/bind/annotation/FieldGetterHandle$Binder
instanceKlass net/bytebuddy/implementation/bind/annotation/FieldValue$Binder
instanceKlass net/bytebuddy/implementation/bind/annotation/DefaultMethodHandle$Binder
instanceKlass net/bytebuddy/implementation/bind/annotation/DefaultMethod$Binder
instanceKlass net/bytebuddy/implementation/bind/annotation/DynamicConstant$Binder
instanceKlass net/bytebuddy/utility/JavaConstant$MethodHandle$HandleType
instanceKlass net/bytebuddy/implementation/bind/annotation/Handle$Binder
instanceKlass net/bytebuddy/implementation/bind/annotation/SuperMethodHandle$Binder
instanceKlass net/bytebuddy/implementation/bind/annotation/SuperMethod$Binder
instanceKlass net/bytebuddy/implementation/bind/annotation/DefaultCallHandle$Binder
instanceKlass net/bytebuddy/implementation/bind/annotation/DefaultCall$Binder
instanceKlass net/bytebuddy/implementation/bind/annotation/SuperCallHandle$Binder
instanceKlass net/bytebuddy/implementation/bind/annotation/SuperCall$Binder
instanceKlass net/bytebuddy/implementation/bind/annotation/Default$Binder
instanceKlass net/bytebuddy/implementation/bind/annotation/Super$Instantiation
instanceKlass net/bytebuddy/implementation/bind/annotation/Super$Binder
instanceKlass net/bytebuddy/implementation/bind/annotation/This$Binder
instanceKlass net/bytebuddy/implementation/bind/annotation/Origin$Binder
instanceKlass net/bytebuddy/implementation/bind/annotation/AllArguments$Assignment
instanceKlass net/bytebuddy/implementation/bind/annotation/AllArguments$Binder
instanceKlass net/bytebuddy/implementation/bind/annotation/Argument$BindingMechanic
instanceKlass net/bytebuddy/implementation/bind/annotation/Argument$Binder
instanceKlass net/bytebuddy/implementation/bind/MethodDelegationBinder$AmbiguityResolver$NoOp
instanceKlass net/bytebuddy/implementation/bind/ParameterLengthResolver
instanceKlass net/bytebuddy/implementation/bind/MethodNameEqualityResolver
instanceKlass net/bytebuddy/implementation/bind/ArgumentTypeResolver
instanceKlass net/bytebuddy/implementation/bind/DeclaringTypeResolver
instanceKlass net/bytebuddy/utility/ConstructorComparator
instanceKlass net/bytebuddy/implementation/bind/annotation/BindingPriority$Resolver
instanceKlass net/bytebuddy/implementation/attribute/MethodAttributeAppender$ForInstrumentedMethod
instanceKlass net/bytebuddy/implementation/attribute/MethodAttributeAppender$NoOp
instanceKlass org/mockito/internal/util/concurrent/WeakConcurrentSet$Cleaner
instanceKlass net/bytebuddy/matcher/MethodSortMatcher$Sort
instanceKlass net/bytebuddy/dynamic/scaffold/MethodGraph$Compiler$ForDeclaredMethods
instanceKlass net/bytebuddy/implementation/Implementation$Context$Disabled$Factory
instanceKlass net/bytebuddy/utility/MethodComparator
instanceKlass net/bytebuddy/utility/dispatcher/JavaDispatcher$DynamicClassLoader$Resolver$CreationAction
instanceKlass net/bytebuddy/matcher/StringMatcher$Mode
instanceKlass net/bytebuddy/matcher/ModifierMatcher$Mode
instanceKlass net/bytebuddy/utility/AsmClassWriter$Factory$Default
instanceKlass net/bytebuddy/utility/AsmClassReader$Factory$Default
instanceKlass net/bytebuddy/dynamic/VisibilityBridgeStrategy$Default
instanceKlass net/bytebuddy/dynamic/scaffold/InstrumentedType$Factory$Default
instanceKlass net/bytebuddy/description/type/TypeDescription$Generic$Visitor$Reifying
instanceKlass net/bytebuddy/dynamic/scaffold/MethodGraph$Compiler$Default$Merger$Directional
instanceKlass net/bytebuddy/dynamic/scaffold/MethodGraph$Compiler$Default$Harmonizer$ForJavaMethod
instanceKlass net/bytebuddy/implementation/Implementation$Context$Default$Factory
instanceKlass net/bytebuddy/implementation/attribute/AnnotationRetention
instanceKlass net/bytebuddy/implementation/attribute/AnnotationValueFilter$Default
instanceKlass net/bytebuddy/NamingStrategy$Suffixing$BaseNameResolver$ForUnnamedType
instanceKlass net/bytebuddy/utility/GraalImageCode
instanceKlass net/bytebuddy/dynamic/scaffold/TypeValidation
instanceKlass org/mockito/internal/util/concurrent/DetachedThreadLocal$Cleaner
instanceKlass java/lang/System$Logger$Level
instanceKlass net/bytebuddy/agent/ByteBuddyAgent$AgentProvider$ForByteBuddyAgent
instanceKlass net/bytebuddy/agent/ByteBuddyAgent$ProcessProvider$ForCurrentVm
instanceKlass net/bytebuddy/agent/ByteBuddyAgent$AttachmentProvider$ForEmulatedAttachment
instanceKlass net/bytebuddy/agent/ByteBuddyAgent$AttachmentProvider$ForUserDefinedToolsJar
instanceKlass net/bytebuddy/agent/ByteBuddyAgent$AttachmentProvider$ForStandardToolsJarVm
instanceKlass net/bytebuddy/agent/ByteBuddyAgent$AttachmentProvider$ForJ9Vm
instanceKlass net/bytebuddy/agent/ByteBuddyAgent$AttachmentProvider$ForModularizedVm
instanceKlass net/bytebuddy/agent/ByteBuddyAgent$AttachmentTypeEvaluator$InstallationAction
instanceKlass net/bytebuddy/ClassFileVersion$VersionLocator$Resolver
instanceKlass org/junit/platform/engine/TestExecutionResult$Status
instanceKlass org/springframework/batch/core/job/flow/FlowExecutionStatus$Status
instanceKlass ch/qos/logback/core/spi/FilterReply
instanceKlass org/springframework/util/ConcurrentReferenceHashMap$TaskOption
instanceKlass org/springframework/util/ConcurrentReferenceHashMap$Restructure
instanceKlass org/springframework/util/ConcurrentReferenceHashMap$ReferenceType
instanceKlass java/lang/StackStreamFactory$WalkerState
instanceKlass java/lang/StackWalker$ExtendedOption
instanceKlass java/lang/StackWalker$Option
instanceKlass org/apache/logging/log4j/spi/StandardLevel
instanceKlass org/slf4j/helpers/Reporter$Level
instanceKlass org/slf4j/helpers/Reporter$TargetChoice
instanceKlass ch/qos/logback/core/util/ReentryGuardFactory$GuardType
instanceKlass java/time/format/TextStyle
instanceKlass java/time/temporal/IsoFields$Unit
instanceKlass java/time/temporal/IsoFields$Field
instanceKlass java/time/format/DateTimeFormatterBuilder$SettingsParser
instanceKlass java/time/format/ResolverStyle
instanceKlass java/time/format/SignStyle
instanceKlass java/time/temporal/ChronoUnit
instanceKlass java/time/temporal/ChronoField
instanceKlass java/time/zone/ZoneOffsetTransitionRule$TimeDefinition
instanceKlass java/time/DayOfWeek
instanceKlass java/time/Month
instanceKlass ch/qos/logback/core/joran/spi/ConsoleTarget
instanceKlass ch/qos/logback/classic/spi/Configurator$ExecutionStatus
instanceKlass org/junit/jupiter/engine/extension/TimeoutConfiguration$TimeoutMode
instanceKlass java/security/DrbgParameters$Capability
instanceKlass sun/security/util/KnownOIDs
instanceKlass org/junit/jupiter/api/Timeout$ThreadMode
instanceKlass org/junit/platform/commons/util/ClassNamePatternFilterUtils$FilterType
instanceKlass org/junit/jupiter/api/parallel/ResourceLockTarget
instanceKlass org/junit/platform/engine/support/hierarchical/ExclusiveResource$LockMode
instanceKlass org/junit/platform/launcher/core/IterationOrder
instanceKlass org/junit/platform/launcher/EngineDiscoveryResult$Status
instanceKlass java/lang/invoke/MethodHandles$Lookup$ClassOption
instanceKlass java/lang/invoke/MethodHandleImpl$ArrayAccess
instanceKlass org/junit/platform/commons/support/HierarchyTraversalMode
instanceKlass org/springframework/context/annotation/FilterType
instanceKlass io/swagger/v3/oas/annotations/media/Schema$AdditionalPropertiesValue
instanceKlass io/swagger/v3/oas/annotations/media/Schema$RequiredMode
instanceKlass io/swagger/v3/oas/annotations/media/Schema$SchemaResolution
instanceKlass io/swagger/v3/oas/annotations/media/Schema$AccessMode
instanceKlass org/springframework/web/bind/annotation/RequestMethod
instanceKlass org/springframework/context/annotation/ScopedProxyMode
instanceKlass org/springframework/context/annotation/Bean$Bootstrap
instanceKlass org/springframework/transaction/annotation/Isolation
instanceKlass org/junit/platform/engine/SelectorResolutionResult$Status
instanceKlass org/junit/platform/commons/util/ReflectionUtils$CycleErrorHandling
instanceKlass org/springframework/batch/infrastructure/repeat/RepeatStatus
instanceKlass org/springframework/test/context/TestConstructor$AutowireMode
instanceKlass org/springframework/boot/test/context/SpringBootTest$UseMainMethod
instanceKlass org/springframework/boot/test/context/SpringBootTest$WebEnvironment
instanceKlass org/springframework/batch/core/BatchStatus
instanceKlass org/junit/platform/commons/util/ReflectionUtils$HierarchyTraversalMode
instanceKlass org/apiguardian/api/API$Status
instanceKlass java/nio/file/FileVisitResult
instanceKlass java/nio/file/FileTreeWalker$EventType
instanceKlass java/nio/file/FileVisitOption
instanceKlass org/junit/platform/engine/support/discovery/SelectorResolver$Match$Type
instanceKlass java/util/Comparators$NaturalOrderComparator
instanceKlass org/junit/jupiter/api/extension/TestInstantiationAwareExtension$ExtensionContextScope
instanceKlass org/junit/jupiter/api/io/CleanupMode
instanceKlass org/junit/jupiter/api/TestInstance$Lifecycle
instanceKlass org/junit/jupiter/api/parallel/ExecutionMode
instanceKlass jdk/jfr/internal/LogLevel
instanceKlass jdk/jfr/internal/util/TimespanUnit
instanceKlass java/lang/annotation/ElementType
instanceKlass java/lang/annotation/RetentionPolicy
instanceKlass jdk/jfr/internal/LogTag
instanceKlass org/junit/platform/engine/DiscoveryIssue$Severity
instanceKlass org/junit/platform/launcher/core/LauncherPhase
instanceKlass org/junit/platform/launcher/listeners/discovery/LauncherDiscoveryListeners$LauncherDiscoveryListenerType
instanceKlass java/nio/file/AccessMode
instanceKlass jdk/internal/logger/BootstrapLogger$LoggingBackend
instanceKlass java/util/stream/MatchOps$MatchKind
instanceKlass java/lang/classfile/attribute/StackMapFrameInfo$SimpleVerificationTypeInfo
instanceKlass java/lang/reflect/ProxyGenerator$PrimitiveTypeInfo
instanceKlass java/lang/classfile/ClassFile$StackMapsOption
instanceKlass org/junit/platform/engine/TestDescriptor$Type
instanceKlass com/intellij/rt/coverage/instrumentation/filters/compose/ComposeKeyCheckBranchFilter$State
instanceKlass com/intellij/rt/coverage/instrumentation/filters/lines/TryWithResourcesLineFilter$State
instanceKlass com/intellij/rt/coverage/instrumentation/filters/lines/TryFinallyLineFilter$State
instanceKlass com/intellij/rt/coverage/instrumentation/filters/lines/KotlinTryFinallyLineFilter$State
instanceKlass java/net/Proxy$Type
instanceKlass java/net/StandardProtocolFamily
instanceKlass jdk/internal/util/OperatingSystem
instanceKlass java/security/Security$SecPropLoader$LoadingMode
instanceKlass java/math/RoundingMode
instanceKlass java/nio/file/LinkOption
instanceKlass sun/nio/fs/WindowsPathType
instanceKlass java/nio/file/StandardOpenOption
instanceKlass sun/util/locale/provider/LocaleProviderAdapter$Type
instanceKlass java/util/Locale$Category
instanceKlass java/util/regex/Pattern$Qtype
instanceKlass java/util/concurrent/TimeUnit
instanceKlass jdk/internal/vm/Continuation$Pinned
instanceKlass java/util/stream/Collector$Characteristics
instanceKlass java/util/stream/StreamShape
instanceKlass java/lang/classfile/Opcode$Kind
instanceKlass java/lang/classfile/Opcode
instanceKlass java/lang/invoke/VarHandle$AccessType
instanceKlass java/lang/invoke/VarHandle$AccessMode
instanceKlass java/lang/invoke/MethodHandleImpl$Intrinsic
instanceKlass java/lang/classfile/AttributeMapper$AttributeStability
instanceKlass jdk/internal/classfile/impl/AbstractPoolEntry$Utf8EntryImpl$State
instanceKlass java/lang/classfile/TypeKind
instanceKlass java/lang/invoke/LambdaForm$BasicType
instanceKlass java/lang/invoke/LambdaForm$Kind
instanceKlass java/lang/constant/DirectMethodHandleDesc$Kind
instanceKlass sun/invoke/util/Wrapper
instanceKlass java/util/stream/StreamOpFlag$Type
instanceKlass java/util/stream/StreamOpFlag
instanceKlass java/lang/reflect/AccessFlag$Location
instanceKlass java/lang/reflect/AccessFlag
instanceKlass java/lang/module/ModuleDescriptor$Modifier
instanceKlass java/io/File$PathStatus
instanceKlass jdk/internal/module/ModuleBootstrap$IllegalFinalFieldMutation
instanceKlass jdk/internal/module/ModuleBootstrap$IllegalNativeAccess
instanceKlass java/lang/reflect/ClassFileFormatVersion
instanceKlass java/lang/Thread$State
instanceKlass java/nio/ByteOrder
instanceKlass java/lang/module/ModuleDescriptor$Requires$Modifier
ciInstanceKlass java/lang/Enum 1 1 204 9 7 12 1 1 1 9 12 1 1 10 7 12 1 1 1 9 12 1 10 7 12 1 1 1 100 1 10 10 12 1 1 10 12 1 100 1 10 10 7 12 1 1 10 12 1 1 18 12 1 1 10 100 12 1 1 1 10 12 1 1 11 7 12 1 1 1 100 1 8 1 10 12 1 100 1 100 1 10 8 1 10 12 1 1 10 12 1 1 8 1 10 12 1 10 100 1 8 1 10 10 12 1 1 10 100 12 1 1 1 100 1 100 1 100 1 1 1 1 1 1 1 1 1 1 1 1 1 1 1 1 1 1 1 1 1 1 1 1 1 1 1 1 1 1 1 1 1 1 1 1 1 1 1 1 1 1 1 1 1 1 1 3 1 1 1 1 100 1 100 1 1 100 1 1 1 1 1 1 1 1 1 1 1 16 15 10 12 16 15 10 100 12 1 1 1 1 1 100 1 100 1 1
ciInstanceKlass java/lang/invoke/LambdaForm 1 1 1031 7 1 100 1 10 7 12 1 1 1 9 12 1 1 9 12 1 9 12 1 9 12 1 1 9 12 1 1 9 12 1 1 9 12 1 1 9 12 1 1 9 12 1 10 7 12 1 1 9 12 1 10 12 1 1 100 1 10 10 12 1 1 10 12 1 10 12 1 10 12 1 1 10 12 1 9 12 1 9 12 1 10 12 1 1 9 7 12 1 1 1 9 7 12 1 1 9 12 1 1 10 12 1 9 12 1 10 100 12 1 1 1 10 12 1 1 100 1 10 12 1 1 9 7 12 1 1 1 10 100 12 1 1 1 10 12 1 10 12 1 1 7 1 10 12 1 10 12 1 10 12 1 1 10 12 1 1 10 12 1 10 12 1 10 12 1 10 12 1 10 12 1 1 8 1 10 12 1 10 12 1 10 10 12 1 8 1 8 1 9 12 1 9 12 1 1 10 12 1 1 9 12 1 1 10 7 12 1 1 1 10 12 1 1 10 12 1 10 12 1 1 10 12 1 7 1 10 12 1 10 100 12 1 1 1 9 12 1 10 12 1 8 1 8 1 8 1 8 1 8 1 8 1 8 1 8 1 10 12 1 9 12 1 7 1 10 12 1 1 9 12 1 1 10 12 1 1 10 12 1 1 10 12 10 12 1 10 12 1 1 10 12 1 1 10 12 1 1 10 10 12 1 1 10 12 1 1 7 1 8 1 10 12 1 1 10 12 1 10 12 1 1 10 8 1 10 12 1 1 8 1 8 1 8 1 10 12 1 10 12 1 10 12 1 1 10 100 12 1 1 1 10 7 12 1 1 1 10 12 1 1 9 12 1 1 8 1 10 100 12 1 1 1 10 7 12 1 1 10 12 1 10 12 1 1 10 12 1 1 9 12 1 8 10 12 1 1 100 1 10 12 1 1 10 12 1 9 7 12 1 1 9 100 12 1 1 1 8 1 10 100 12 1 1 10 12 1 1 100 1 100 1 10 10 12 1 1 10 12 1 1 8 1 8 1 100 1 8 1 10 12 10 12 1 10 12 1 10 12 1 10 12 1 1 9 100 12 1 1 10 12 1 8 1 8 1 10 12 1 10 12 1 1 8 1 8 1 8 1 100 1 8 1 100 1 8 1 100 1 8 1 10 12 1 8 1 9 10 100 12 1 1 1 10 12 1 9 12 1 1 10 12 1 10 10 12 1 10 12 1 10 12 1 10 12 1 1 10 12 1 10 12 1 1 10 12 1 1 10 12 1 1 10 12 1 1 8 1 100 10 12 1 10 12 1 9 12 1 1 10 7 12 1 1 8 1 8 1 100 1 8 1 8 1 8 1 8 1 8 1 8 1 8 1 8 1 10 12 1 1 10 12 1 1 10 12 1 10 12 1 10 12 1 10 12 1 8 1 8 1 8 1 10 12 1 8 1 10 12 1 8 1 8 1 8 1 8 1 8 1 10 12 1 10 12 1 10 12 1 1 10 7 12 1 1 1 10 12 1 10 12 1 10 12 1 10 12 1 10 12 1 9 12 1 1 8 1 10 12 1 1 9 12 1 9 12 1 1 10 12 1 1 9 12 1 1 9 12 1 10 12 1 1 9 12 1 1 7 1 10 7 12 1 1 1 9 7 12 1 1 1 10 7 12 1 1 1 10 12 1 1 10 12 1 1 10 12 1 9 12 1 10 12 1 9 12 1 10 12 1 10 12 1 8 1 10 12 1 9 12 1 1 7 1 10 7 12 1 1 1 100 1 10 12 1 9 12 1 10 12 1 10 12 1 10 12 1 1 10 12 1 9 7 12 1 1 10 12 1 1 10 12 1 10 12 1 9 12 1 9 9 12 1 7 9 12 1 1 10 12 1 1 9 12 1 10 12 1 10 7 1 9 1 1 1 1 3 1 3 1 1 3 1 3 1 1 1 1 1 1 1 1 1 1 1 1 1 1 1 1 1 1 1 1 1 1 1 1 1 1 1 1 1 1 1 1 1 1 1 1 1 1 1 1 1 1 1 1 1 100 1 1 1 1 1 1 1 1 1 1 1 1 1 1 1 1 1 1 1 1 1 1 1 1 1 1 1 1 1 1 1 1 1 1 1 1 1 1 1 1 1 1 1 1 1 1 1 1 1 1 1 1 1 1 1 1 1 1 1 1 1 1 1 1 1 1 1 100 1 1 1 1 1 1 1 1 1 1 1 1 1 1 1 1 1 1 1 1 1 1 1 1 1 1 1 1 1 1 1 1 1 1 1 1 100 1 1 1 1 1 1 1 1 1 1 1 1 1 1 100 1 1 1 1 100 1 1 100 1 1 1 1 1 1 1 1 1 1 1 1
staticfield java/lang/invoke/LambdaForm DEFAULT_CUSTOMIZED Ljava/lang/invoke/MethodHandle; 
staticfield java/lang/invoke/LambdaForm DEFAULT_KIND Ljava/lang/invoke/LambdaForm$Kind; java/lang/invoke/LambdaForm$Kind
staticfield java/lang/invoke/LambdaForm COMPILE_THRESHOLD I 0
staticfield java/lang/invoke/LambdaForm INTERNED_ARGUMENTS [[Ljava/lang/invoke/LambdaForm$Name; 5 [[Ljava/lang/invoke/LambdaForm$Name;
staticfield java/lang/invoke/LambdaForm IMPL_NAMES Ljava/lang/invoke/MemberName$Factory; java/lang/invoke/MemberName$Factory
staticfield java/lang/invoke/LambdaForm LF_identity [Ljava/lang/invoke/LambdaForm; 6 [Ljava/lang/invoke/LambdaForm;
staticfield java/lang/invoke/LambdaForm NF_identity [Ljava/lang/invoke/LambdaForm$NamedFunction; 6 [Ljava/lang/invoke/LambdaForm$NamedFunction;
staticfield java/lang/invoke/LambdaForm LF_constant [Ljava/lang/invoke/LambdaForm; 5 [Ljava/lang/invoke/LambdaForm;
staticfield java/lang/invoke/LambdaForm createIdentityFormLock Ljava/lang/Object; java/lang/Object
staticfield java/lang/invoke/LambdaForm DEBUG_NAME_COUNTERS Ljava/util/HashMap; 
staticfield java/lang/invoke/LambdaForm DEBUG_NAMES Ljava/util/HashMap; 
staticfield java/lang/invoke/LambdaForm TRACE_INTERPRETER Z 0
staticfield java/lang/invoke/LambdaForm $assertionsDisabled Z 1
instanceKlass jdk/internal/reflect/DirectMethodHandleAccessor
ciInstanceKlass jdk/internal/reflect/MethodAccessorImpl 1 1 38 10 7 12 1 1 1 10 100 12 1 1 1 100 1 1 1 1 1 1 1 100 1 100 1 1 1 1 1 1 1 1 1 1 1 1 1 1
ciInstanceKlass jdk/internal/reflect/MethodAccessor 1 0 17 100 1 100 1 1 1 1 100 1 100 1 1 1 1 1 1
ciInstanceKlass jdk/internal/reflect/CallerSensitive 1 0 17 100 1 100 1 100 1 1 1 1 1 1 1 1 1 1 1
ciInstanceKlass jdk/internal/reflect/DirectConstructorHandleAccessor$NativeAccessor 1 1 44 10 7 12 1 1 1 9 7 12 1 1 1 10 12 1 1 1 1 1 1 1 1 1 1 1 1 1 1 1 1 1 100 1 100 1 1 1 1 1 100 1 1 1
ciInstanceKlass jdk/internal/reflect/ConstructorAccessor 1 0 16 100 1 100 1 1 1 1 100 1 100 1 100 1 1 1
instanceKlass jdk/internal/reflect/DirectConstructorHandleAccessor
instanceKlass jdk/internal/reflect/DirectConstructorHandleAccessor$NativeAccessor
ciInstanceKlass jdk/internal/reflect/ConstructorAccessorImpl 1 1 27 10 7 12 1 1 1 100 1 100 1 1 1 1 1 1 1 1 1 100 1 100 1 100 1 1 1
ciInstanceKlass jdk/internal/reflect/ConstantPool 1 1 113 10 100 12 1 1 1 10 7 12 1 1 1 10 12 1 1 10 12 1 10 12 1 1 10 12 1 1 10 12 1 10 12 1 1 10 12 1 10 12 1 1 10 12 1 10 12 1 10 12 1 10 12 1 1 10 12 1 1 10 12 1 1 10 12 1 1 10 12 1 10 12 1 1 10 100 12 1 1 1 1 1 1 1 1 1 1 1 1 1 1 1 1 1 1 1 1 1 1 1 1 1 1 1 1 1 1 1 1 1 1 1 1
instanceKlass java/lang/invoke/VolatileCallSite
instanceKlass java/lang/invoke/MutableCallSite
instanceKlass java/lang/invoke/ConstantCallSite
ciInstanceKlass java/lang/invoke/CallSite 1 1 297 10 7 12 1 1 1 10 7 12 1 1 1 9 12 1 1 10 7 12 1 1 1 10 12 1 100 1 10 12 1 1 10 12 1 1 9 100 12 1 1 1 10 100 12 1 1 10 12 1 1 100 1 100 1 10 10 100 12 1 1 1 10 12 1 1 8 1 10 12 1 10 12 1 1 10 12 1 10 12 1 1 10 12 1 1 10 10 100 12 1 1 10 12 1 1 9 12 1 9 100 12 1 1 1 8 1 10 7 12 1 1 1 10 12 1 1 100 1 10 12 1 1 9 12 1 8 1 100 1 10 12 1 10 12 1 100 1 8 1 10 10 12 1 10 12 1 1 100 1 10 12 1 1 10 12 1 10 12 1 10 12 1 1 10 12 1 1 9 12 1 1 8 10 12 1 1 9 12 1 1 100 1 10 10 12 1 10 100 12 1 1 1 10 12 1 1 10 12 1 1 10 12 1 10 7 12 1 1 1 100 1 8 1 10 10 12 10 12 1 1 100 1 100 1 100 1 8 1 10 12 1 10 7 12 1 1 1 1 1 1 1 1 1 1 1 1 1 1 1 1 1 1 1 1 1 1 1 1 1 1 1 1 1 1 1 1 1 1 1 1 1 1 1 1 1 1 1 1 1 1 1 1 1 1 1 1 1 1 1 1 100 1 100 1 1 1
staticfield java/lang/invoke/CallSite $assertionsDisabled Z 1
ciInstanceKlass java/lang/invoke/ConstantCallSite 1 1 65 10 7 12 1 1 1 9 7 12 1 1 1 9 12 1 1 10 7 12 1 1 1 10 12 1 100 1 10 12 9 12 1 1 100 1 10 10 12 1 1 10 12 1 1 1 1 1 1 1 1 1 1 1 1 1 100 1 1 1 1 1 1 1 1
staticfield java/lang/invoke/ConstantCallSite UNSAFE Ljdk/internal/misc/Unsafe; jdk/internal/misc/Unsafe
instanceKlass java/lang/invoke/DirectMethodHandle$StaticAccessor
instanceKlass java/lang/invoke/DirectMethodHandle$Special
instanceKlass java/lang/invoke/DirectMethodHandle$Interface
instanceKlass java/lang/invoke/DirectMethodHandle$Constructor
instanceKlass java/lang/invoke/DirectMethodHandle$Accessor
ciInstanceKlass java/lang/invoke/DirectMethodHandle 1 1 930 7 1 100 1 7 1 7 1 10 7 12 1 1 1 10 7 12 1 1 1 100 1 10 12 1 10 12 1 1 10 7 12 1 1 10 12 1 1 10 12 1 10 12 1 7 1 10 12 1 1 10 12 1 1 10 12 1 10 12 1 1 10 7 12 1 1 1 10 12 1 9 7 12 1 1 1 100 1 10 9 12 1 1 9 12 1 10 12 1 10 12 1 10 12 1 1 10 12 1 10 12 1 10 12 1 10 7 12 1 1 1 10 12 1 10 12 1 1 8 1 10 12 1 1 7 1 10 12 1 7 1 10 10 12 1 10 12 1 10 12 1 10 7 12 1 1 1 10 12 1 1 7 1 10 12 1 10 12 1 7 1 10 12 1 10 12 1 1 10 12 1 1 10 12 8 10 7 12 1 1 1 10 12 1 10 12 1 10 12 1 1 10 12 1 9 7 12 1 1 1 7 1 10 12 1 10 7 12 1 1 1 10 12 1 10 12 1 1 9 12 1 1 7 1 10 8 1 10 12 1 1 10 12 1 1 8 1 10 12 1 10 12 1 10 10 12 1 10 12 1 10 12 1 10 12 1 10 12 1 1 10 12 1 10 12 1 10 12 1 1 10 10 7 12 1 1 1 10 12 1 10 12 1 1 10 12 1 10 12 1 1 8 1 9 7 12 1 1 1 8 1 9 12 1 9 12 1 8 1 9 12 1 9 12 1 8 1 9 12 1 9 12 1 8 1 10 12 1 10 12 1 1 10 7 12 1 1 1 10 12 1 10 12 1 1 9 12 1 1 7 1 10 12 1 1 100 1 10 7 12 1 1 1 10 12 1 1 10 12 1 1 7 1 10 12 1 1 10 12 1 10 12 1 1 7 1 10 12 1 1 10 12 1 10 12 1 10 12 1 1 10 12 1 9 12 1 1 10 7 1 9 12 1 10 12 1 7 1 7 1 7 1 10 7 12 1 1 1 9 12 1 1 10 7 12 1 1 1 10 7 12 1 1 10 12 10 12 1 7 1 10 12 1 10 12 1 1 8 1 9 12 1 9 12 1 10 12 1 1 9 12 1 1 10 7 12 1 1 1 9 12 1 1 9 12 1 1 10 12 1 10 12 1 10 12 1 10 12 1 1 10 12 1 9 12 1 9 12 1 10 12 1 10 12 1 10 12 1 10 12 1 1 10 12 1 1 9 12 1 1 10 12 1 1 9 7 12 1 1 1 9 12 1 9 12 1 9 12 1 9 12 1 9 12 1 9 12 1 9 12 1 9 12 1 9 12 1 9 12 1 9 12 1 9 12 1 9 12 1 9 12 1 9 12 1 9 12 1 9 12 1 9 12 1 9 12 1 9 12 1 9 12 1 9 12 1 9 12 1 9 12 1 100 1 10 12 1 8 1 8 1 8 1 8 1 8 1 8 1 8 1 8 1 8 1 10 12 1 10 12 1 8 1 8 1 8 1 9 12 1 1 9 12 1 1 10 12 1 10 12 1 1 10 12 1 1 9 7 1 10 12 1 10 12 10 12 1 10 12 1 10 12 1 10 8 1 8 1 8 1 8 1 10 12 1 1 9 12 1 1 10 12 1 10 100 12 1 1 1 8 9 12 1 1 10 12 1 1 8 1 8 8 9 12 1 8 1 8 8 8 8 8 1 8 10 12 1 7 1 10 12 1 8 1 8 1 10 12 1 10 12 1 10 12 1 9 12 1 10 12 1 1 7 1 1 1 1 3 1 3 1 3 1 3 1 3 1 3 1 3 1 3 1 1 1 1 1 1 1 1 1 1 3 1 3 1 3 1 1 3 1 3 1 1 1 1 1 1 1 1 1 1 1 1 1 1 1 1 1 1 1 1 1 1 1 1 1 1 1 1 1 1 1 1 1 1 1 1 1 1 1 1 1 1 1 1 1 1 1 1 1 1 1 1 1 1 1 1 1 1 1 1 1 1 100 1 1 1 1 1 1 1 1 1 100 1 1 1 1 1 1 1 1 1 1 1 1 1 1 1 1 1 1 1 1 1 1 1 1 1 1 1 1 1 1 1 1 1 1 1 1 1 1 1 1 1 1 1 1 1 1 1 1 1 1 1 1 1 1
staticfield java/lang/invoke/DirectMethodHandle IMPL_NAMES Ljava/lang/invoke/MemberName$Factory; java/lang/invoke/MemberName$Factory
staticfield java/lang/invoke/DirectMethodHandle FT_UNCHECKED_REF I 8
staticfield java/lang/invoke/DirectMethodHandle FT_CHECKED_REF I 9
staticfield java/lang/invoke/DirectMethodHandle ACCESSOR_FORMS [Ljava/lang/invoke/LambdaForm; 120 [Ljava/lang/invoke/LambdaForm;
staticfield java/lang/invoke/DirectMethodHandle ALL_WRAPPERS [Lsun/invoke/util/Wrapper; 10 [Lsun/invoke/util/Wrapper;
staticfield java/lang/invoke/DirectMethodHandle NFS [Ljava/lang/invoke/LambdaForm$NamedFunction; 12 [Ljava/lang/invoke/LambdaForm$NamedFunction;
staticfield java/lang/invoke/DirectMethodHandle OBJ_OBJ_TYPE Ljava/lang/invoke/MethodType; java/lang/invoke/MethodType
staticfield java/lang/invoke/DirectMethodHandle LONG_OBJ_TYPE Ljava/lang/invoke/MethodType; java/lang/invoke/MethodType
staticfield java/lang/invoke/DirectMethodHandle $assertionsDisabled Z 1
ciInstanceKlass java/lang/invoke/MutableCallSite 0 0 61 10 100 12 1 1 1 10 12 1 9 100 12 1 1 1 10 12 1 10 12 1 1 9 100 12 1 1 1 10 100 12 1 1 1 10 100 12 1 1 1 1 1 1 1 1 1 1 1 1 1 1 1 1 1 1 1 1 100 1 1
ciInstanceKlass java/lang/invoke/VolatileCallSite 0 0 37 10 100 12 1 1 1 10 12 1 10 100 12 1 1 1 10 12 1 10 12 1 1 1 1 1 1 1 1 1 1 1 1 1 1 1 1
instanceKlass java/lang/invoke/VarHandleDoubles$FieldStaticReadOnly
instanceKlass java/lang/invoke/VarHandleFloats$FieldStaticReadOnly
instanceKlass java/lang/invoke/VarHandleLongs$FieldStaticReadOnly
instanceKlass java/lang/invoke/VarHandleInts$FieldStaticReadOnly
instanceKlass java/lang/invoke/VarHandleChars$FieldStaticReadOnly
instanceKlass java/lang/invoke/VarHandleShorts$FieldStaticReadOnly
instanceKlass java/lang/invoke/VarHandleBytes$FieldStaticReadOnly
instanceKlass java/lang/invoke/VarHandleBooleans$FieldStaticReadOnly
instanceKlass java/lang/invoke/VarHandleReferences$FieldStaticReadOnly
instanceKlass java/lang/invoke/SegmentVarHandle
instanceKlass java/lang/invoke/LazyInitializingVarHandle
instanceKlass java/lang/invoke/VarHandleDoubles$FieldInstanceReadOnly
instanceKlass java/lang/invoke/VarHandleFloats$FieldInstanceReadOnly
instanceKlass java/lang/invoke/VarHandleLongs$FieldInstanceReadOnly
instanceKlass java/lang/invoke/VarHandleInts$FieldInstanceReadOnly
instanceKlass java/lang/invoke/VarHandleChars$FieldInstanceReadOnly
instanceKlass java/lang/invoke/VarHandleShorts$FieldInstanceReadOnly
instanceKlass java/lang/invoke/VarHandleBytes$FieldInstanceReadOnly
instanceKlass java/lang/invoke/VarHandleBooleans$FieldInstanceReadOnly
instanceKlass java/lang/invoke/VarHandleReferences$FieldInstanceReadOnly
instanceKlass java/lang/invoke/IndirectVarHandle
instanceKlass java/lang/invoke/VarHandleByteArrayAsFloats$ByteArrayViewVarHandle
instanceKlass java/lang/invoke/VarHandleByteArrayAsDoubles$ByteArrayViewVarHandle
instanceKlass java/lang/invoke/VarHandleByteArrayAsChars$ByteArrayViewVarHandle
instanceKlass java/lang/invoke/VarHandleByteArrayAsShorts$ByteArrayViewVarHandle
instanceKlass java/lang/invoke/VarHandleByteArrayAsInts$ByteArrayViewVarHandle
instanceKlass java/lang/invoke/VarHandleByteArrayAsLongs$ByteArrayViewVarHandle
instanceKlass java/lang/invoke/VarHandleDoubles$Array
instanceKlass java/lang/invoke/VarHandleFloats$Array
instanceKlass java/lang/invoke/VarHandleLongs$Array
instanceKlass java/lang/invoke/VarHandleInts$Array
instanceKlass java/lang/invoke/VarHandleChars$Array
instanceKlass java/lang/invoke/VarHandleShorts$Array
instanceKlass java/lang/invoke/VarHandleBytes$Array
instanceKlass java/lang/invoke/VarHandleBooleans$Array
instanceKlass java/lang/invoke/VarHandleReferences$Array
ciInstanceKlass java/lang/invoke/VarHandle 1 1 474 10 7 12 1 1 1 10 7 12 1 1 9 12 1 1 9 12 1 1 10 12 1 1 8 1 10 12 1 1 10 7 12 1 1 1 10 12 1 1 10 100 12 1 1 1 9 100 12 1 1 1 10 12 1 1 10 100 12 1 1 1 10 12 1 1 9 12 1 10 12 1 9 12 1 1 10 100 12 1 1 10 12 1 9 100 12 1 1 1 9 12 1 1 10 12 1 1 100 1 100 1 10 8 1 10 12 1 1 10 12 1 8 1 10 12 1 10 12 1 9 12 1 1 9 12 1 10 12 1 10 12 1 1 10 12 1 10 10 100 12 1 1 1 10 12 1 1 10 12 1 1 10 100 12 1 1 1 10 100 12 1 1 1 10 100 12 1 1 1 9 12 1 1 9 10 12 1 10 12 1 1 10 12 1 1 10 12 1 10 100 12 1 1 1 9 12 1 1 10 12 1 1 9 12 1 10 12 1 10 12 1 10 100 12 1 1 100 1 10 9 7 12 1 1 1 9 12 1 1 10 7 12 1 1 1 10 12 1 10 12 1 10 12 1 10 12 1 10 12 1 10 12 1 1 8 10 12 1 1 7 1 10 12 1 1 100 1 1 1 1 1 1 1 1 1 1 1 1 1 1 1 1 1 1 1 1 1 1 1 1 1 1 1 1 1 1 1 1 1 1 1 1 1 1 1 1 1 1 1 1 1 1 1 1 1 1 1 1 1 1 1 1 1 1 1 1 1 1 1 1 1 100 1 1 1 1 1 1 1 1 100 1 1 1 1 1 1 1 1 1 1 1 1 100 1 100 1 1 100 1 100 1 100 1 100 1 100 1 100 1 100 1 100 1 100 1 100 1 100 1 100 1 100 1 100 1 100 1 100 1 100 1 100 1 100 1 100 1 100 1 100 1 100 1 100 1 100 1 100 1 100 1 100 1 100 1 100 1 100 1 100 1 100 1 100 1 100 1 100 1 1 1 1 1 1 100 1 1 1 100 1 1 100 1 100 1 100 1 100 1 100 1 100 1 1 1 1 100 1 100 1 100 1 100 1 100 1 100 1 100 1 100 1
staticfield java/lang/invoke/VarHandle VFORM_OFFSET J 16
staticfield java/lang/invoke/VarHandle $assertionsDisabled Z 1
ciInstanceKlass java/lang/invoke/MemberName 1 1 730 7 1 7 1 100 1 9 12 1 1 10 7 12 1 1 1 9 12 1 1 10 12 1 1 10 12 1 1 10 12 1 1 10 12 1 10 12 1 1 10 7 12 1 1 1 10 12 1 9 7 12 1 1 10 12 1 100 1 7 1 10 12 1 8 1 10 12 1 1 10 12 1 10 12 1 1 10 12 1 9 12 1 1 8 1 10 100 12 1 1 1 7 1 10 10 12 1 1 7 1 7 1 10 12 1 9 12 1 1 100 1 8 1 10 12 1 10 12 1 10 12 1 10 12 1 10 12 1 1 10 12 1 10 12 1 10 12 1 1 8 1 8 1 10 12 1 8 1 9 12 1 1 3 10 12 1 10 12 1 10 12 1 10 10 7 12 1 1 1 10 12 1 10 12 1 10 12 1 10 12 1 7 1 8 10 12 1 1 10 12 1 1 8 1 9 100 1 8 9 100 1 10 12 1 1 10 12 1 10 12 1 8 1 10 12 1 1 10 12 1 10 12 1 10 12 1 10 12 1 1 100 1 10 12 1 1 10 12 1 8 1 10 12 1 10 12 1 8 1 10 12 1 1 10 12 1 1 7 1 10 12 1 1 10 12 8 1 8 1 100 1 10 12 1 10 100 12 1 1 1 100 1 10 12 10 12 1 10 12 1 10 12 1 10 12 1 10 10 12 1 10 12 1 10 12 1 3 10 12 1 3 10 12 1 3 3 3 3 3 3 10 12 1 3 9 12 1 10 12 1 1 3 10 12 1 10 10 7 12 1 1 1 10 12 1 1 10 7 12 1 1 10 10 12 1 10 12 1 1 10 12 1 10 10 12 1 1 10 12 1 10 12 1 10 12 1 100 1 10 10 10 12 100 1 10 10 10 12 1 1 10 12 1 1 10 10 12 1 8 10 7 1 10 12 1 10 7 1 10 12 1 10 12 1 10 12 1 10 10 12 1 10 12 1 1 10 12 1 1 10 12 1 10 12 1 10 12 1 100 1 10 12 1 1 100 1 8 1 10 7 1 10 12 1 10 12 10 12 1 1 10 12 1 10 12 1 8 1 8 1 8 1 8 1 10 12 1 10 12 1 10 7 12 1 1 1 8 1 8 1 10 12 1 8 1 10 10 10 12 1 10 12 1 8 1 8 1 10 10 12 1 8 1 10 100 12 1 1 1 8 1 100 1 10 12 1 10 12 1 1 10 12 1 8 1 8 1 8 1 8 1 100 1 10 8 1 8 1 8 1 8 1 10 12 1 7 1 100 1 7 1 10 100 1 10 7 1 10 7 12 1 1 1 9 7 12 1 1 1 100 1 100 1 1 1 1 1 1 1 3 1 3 1 3 1 3 1 3 1 3 1 1 1 1 1 1 1 1 3 1 3 1 1 1 1 1 1 1 1 1 1 1 1 1 1 1 1 1 1 1 1 1 1 1 1 100 1 1 1 1 1 1 1 1 1 1 1 1 1 1 1 1 1 1 1 1 1 1 1 1 1 1 1 1 1 1 1 1 1 1 1 1 1 1 1 1 1 1 1 1 1 1 1 1 1 1 1 1 1 1 1 1 1 1 1 1 1 1 1 1 1 1 1 1 1 1 1 1 1 1 1 1 100 1 1 1 1 1 1 1 1 1 1 1 1 1 1 1 1
staticfield java/lang/invoke/MemberName $assertionsDisabled Z 1
ciInstanceKlass java/lang/invoke/ResolvedMethodName 1 1 25 10 100 12 1 1 1 9 7 12 1 1 1 1 1 1 1 1 1 1 1 1 1 1 1
ciInstanceKlass java/lang/invoke/MethodHandleNatives 1 1 689 100 1 10 7 12 1 1 1 9 7 12 1 1 1 10 12 1 1 100 1 10 10 12 1 1 10 12 1 10 12 1 8 1 8 1 8 1 8 1 8 1 8 1 8 1 8 1 8 1 8 1 10 12 1 1 7 1 10 7 12 1 1 1 10 100 12 1 1 1 7 1 10 10 12 1 1 8 1 10 12 1 8 1 10 12 1 1 8 1 10 12 1 1 9 100 12 1 1 1 8 1 10 100 12 1 1 1 100 1 10 12 100 1 100 1 8 1 7 1 10 10 12 1 7 1 9 7 12 1 1 10 12 1 1 10 12 1 10 7 12 1 1 1 10 12 1 1 9 12 1 8 1 10 12 1 1 10 12 1 8 1 10 12 1 1 7 1 10 12 1 10 7 12 1 1 1 10 12 1 10 12 1 1 10 12 1 1 8 1 10 12 1 1 8 1 10 12 1 8 1 8 1 8 1 100 1 10 12 1 8 1 10 100 12 1 1 1 10 12 1 1 10 100 12 1 1 10 10 12 1 1 10 12 1 10 7 12 1 1 1 100 1 8 1 10 100 12 1 1 1 7 1 8 1 10 12 1 8 1 8 1 8 1 8 1 8 1 10 12 1 1 10 12 1 1 10 12 1 10 12 1 1 10 12 1 1 7 1 10 12 1 100 1 100 1 10 12 1 10 12 1 8 1 8 1 10 10 12 1 1 10 12 1 1 8 1 10 100 12 1 1 8 1 8 1 10 12 1 1 10 7 12 1 1 1 100 1 10 12 1 1 7 1 9 12 1 1 10 7 12 1 1 1 10 10 12 1 9 12 1 10 12 1 9 12 1 9 12 1 10 12 1 1 10 12 1 10 12 1 1 7 1 7 1 10 12 1 1 10 12 1 10 12 1 1 10 7 12 1 1 1 10 12 1 8 1 10 12 1 10 12 1 10 12 1 1 10 12 1 10 7 12 1 1 1 10 12 1 1 100 1 8 1 10 9 7 12 1 1 1 10 12 1 1 10 12 1 1 100 1 10 12 1 1 10 12 1 1 100 1 100 1 10 10 100 1 100 1 10 100 1 10 10 12 1 1 10 100 1 10 12 1 10 12 1 1 10 12 1 1 10 12 1 1 10 12 1 10 12 1 1 10 8 1 10 12 1 10 12 1 10 12 1 10 12 1 10 12 1 1 10 12 1 10 12 1 10 12 1 10 10 7 12 1 1 10 12 1 1 1 1 1 1 1 1 1 1 1 1 1 100 1 1 1 1 1 1 1 1 1 1 1 1 1 1 1 1 1 1 1 1 1 1 1 1 1 1 1 1 1 1 1 1 1 1 1 1 1 1 1 1 1 1 1 1 1 1 1 1 1 1 1 1 1 1 1 1 1 1 1 1 1 1 1 100 1 1 1 1 1 1 1 1 1 1 1 1 1 1 1 1 1 1 1 1 1 1 1 1 1 1 1 1 1 1 1 1 1 1 1 100 1 1 1 1 1 1 1 1 1 1 1 1 1 1 1 1 1 1 1 1 1 1 1 1 1 1 1 1 1 1 1 1 1 1 100 1 1
staticfield java/lang/invoke/MethodHandleNatives $assertionsDisabled Z 1
ciInstanceKlass jdk/internal/foreign/abi/NativeEntryPoint 0 0 223 10 100 12 1 1 1 9 100 12 1 1 1 9 12 1 1 100 1 8 1 10 12 1 10 12 1 1 100 1 10 100 12 1 1 1 10 12 1 9 12 1 1 18 12 1 1 10 100 12 1 1 1 9 100 12 1 1 1 8 1 10 12 1 1 8 1 8 1 8 1 8 1 10 100 12 1 1 1 100 1 10 10 12 1 1 8 1 10 12 1 8 1 10 12 1 10 12 1 1 10 12 1 1 100 1 8 1 10 12 1 10 12 1 1 100 1 8 1 10 10 12 1 9 12 1 1 18 12 1 1 10 100 12 1 1 1 10 12 1 1 10 12 1 10 100 12 1 1 1 10 1 1 1 1 1 1 1 1 1 1 1 1 1 1 1 1 1 1 1 1 1 1 1 1 1 1 1 1 1 1 1 1 1 1 1 1 1 1 1 1 1 1 1 1 16 1 15 10 12 16 1 16 15 10 12 15 10 100 12 1 1 1 1 1 100 1 1 100 1 100 1 1
ciInstanceKlass jdk/internal/foreign/abi/ABIDescriptor 0 0 55 10 100 12 1 1 1 9 100 12 1 1 1 9 12 1 1 9 12 1 9 12 1 9 12 1 1 9 12 1 9 12 1 1 9 12 1 9 12 1 9 12 1 9 12 1 1 1 1 1 1 1 1 1 1
ciInstanceKlass jdk/internal/foreign/abi/VMStorage 0 0 111 10 100 12 1 1 1 9 100 12 1 1 1 9 12 1 1 9 12 1 1 9 12 1 1 100 1 10 8 1 10 12 1 1 10 12 1 10 12 1 1 10 12 1 100 1 10 100 12 1 1 1 10 100 12 1 1 10 100 12 1 1 10 100 12 1 1 1 18 12 1 1 1 1 1 1 1 1 1 1 1 1 1 1 1 1 1 1 1 1 1 1 8 1 15 15 15 15 15 10 100 12 1 1 1 1 100 1 100 1 1
ciInstanceKlass jdk/internal/foreign/abi/UpcallLinker$CallRegs 0 0 66 10 100 12 1 1 1 9 100 12 1 1 1 9 12 1 18 12 1 1 18 12 1 1 18 12 1 1 1 1 1 1 1 1 1 1 1 1 1 1 1 1 1 1 100 1 1 1 8 1 15 15 15 10 100 12 1 1 1 1 1 100 1 100 1 1
instanceKlass java/lang/StackFrameInfo
ciInstanceKlass java/lang/ClassFrameInfo 1 1 126 10 7 12 1 1 1 9 7 12 1 1 1 7 1 3 9 12 1 1 9 12 1 1 100 1 9 12 1 1 3 11 100 12 1 1 1 11 12 1 10 12 1 1 10 12 1 1 10 12 1 100 1 10 10 12 1 1 8 1 8 1 10 12 100 1 10 10 12 1 1 8 1 10 12 1 8 1 10 12 8 1 10 12 1 10 7 12 1 1 1 100 1 1 1 1 1 1 1 1 1 1 1 1 1 1 1 1 1 1 1 1 1 1 1 1 1 1 1 100 1 1 1 1 1 1
staticfield java/lang/ClassFrameInfo JLIA Ljdk/internal/access/JavaLangInvokeAccess; java/lang/invoke/MethodHandleImpl$1
ciInstanceKlass java/lang/StackWalker$StackFrame 1 1 41 100 1 10 12 1 1 100 1 100 1 1 1 1 1 1 1 1 1 1 1 1 1 1 1 1 1 1 1 1 1 1 1 1 1 1 1 100 1 1 1
ciInstanceKlass java/lang/StackWalker 1 1 236 9 7 12 1 1 1 10 7 12 1 1 1 7 1 10 7 12 1 1 1 10 12 1 1 11 7 12 1 1 1 10 12 1 1 10 12 1 1 100 1 8 1 10 12 1 10 12 1 10 12 1 10 7 12 1 1 9 12 1 1 9 12 1 1 9 12 1 1 9 12 1 1 10 12 1 1 9 12 1 1 9 12 1 1 9 12 1 1 9 12 1 1 10 12 1 1 10 7 12 1 1 1 10 7 12 1 1 1 18 12 1 1 100 1 8 1 10 8 1 10 12 1 1 10 100 12 1 1 1 10 12 1 1 10 12 1 11 12 1 1 9 7 12 1 1 11 100 12 1 1 1 10 12 1 1 1 1 1 1 1 1 1 1 1 1 1 1 1 1 1 1 1 1 1 1 1 1 1 1 1 1 1 1 1 1 1 1 1 1 1 1 1 1 1 1 1 1 1 1 1 1 1 1 1 1 1 1 1 100 1 1 16 15 10 12 16 1 15 10 100 12 1 1 1 1 1 1 1 1 1 100 1 100 1 1
staticfield java/lang/StackWalker DEFAULT_EMPTY_OPTION Ljava/util/EnumSet; java/util/RegularEnumSet
staticfield java/lang/StackWalker DEFAULT_WALKER Ljava/lang/StackWalker; java/lang/StackWalker
instanceKlass java/lang/LiveStackFrameInfo
ciInstanceKlass java/lang/StackFrameInfo 1 1 150 10 7 12 1 1 1 9 7 12 1 1 1 9 12 1 1 11 7 12 1 1 1 10 12 1 1 10 7 12 1 1 1 9 12 1 1 10 12 1 1 9 12 1 1 100 1 10 12 10 12 1 9 12 1 100 1 100 1 10 12 1 1 11 12 1 1 10 12 1 10 12 1 10 12 1 1 9 12 1 1 10 12 1 1 10 7 12 1 1 10 12 1 1 9 12 1 10 100 12 1 1 1 9 12 1 1 10 100 1 10 12 1 9 12 1 1 10 12 1 1 10 12 1 1 1 1 1 1 1 1 1 1 1 1 1 1 1 1 100 1 100 1 1 1 1 1 1 1 1
staticfield java/lang/StackFrameInfo $assertionsDisabled Z 1
ciInstanceKlass java/lang/LiveStackFrameInfo 0 0 97 10 100 12 1 1 1 9 100 12 1 1 1 9 12 1 9 12 1 9 12 1 9 12 1 1 100 1 10 12 1 1 10 12 1 8 1 10 12 1 1 8 1 8 1 8 1 10 100 1 10 12 1 100 1 10 12 1 100 1 100 1 1 1 3 1 3 1 1 1 1 1 1 1 1 1 1 1 1 1 1 1 1 1 1 1 1 1 1 1 1 1 1 1 100 1 1
ciInstanceKlass java/lang/LiveStackFrame 0 0 112 100 1 10 100 12 1 1 1 11 100 12 1 1 1 11 12 1 9 100 12 1 1 1 10 100 12 1 1 1 10 100 12 1 1 1 11 12 1 10 12 1 100 1 100 1 1 1 1 1 1 1 1 1 1 1 1 1 1 1 1 1 1 1 1 1 1 1 1 1 100 1 1 1 1 1 1 1 100 1 8 1 1 12 10 1 1 1 8 1 1 1 8 1 1 1 8 1 1 1 8 1 1 8 1 1 1 8 1 1 8 1
instanceKlass java/lang/StackStreamFactory$StackFrameTraverser
ciInstanceKlass java/lang/StackStreamFactory$AbstractStackWalker 1 1 364 7 1 100 1 3 10 7 12 1 1 1 10 7 12 1 1 10 7 12 1 1 1 9 12 1 1 9 12 1 1 9 12 1 1 9 12 1 9 12 1 10 7 12 1 1 1 10 12 1 1 10 100 12 1 1 9 12 1 1 9 12 1 1 10 12 1 1 9 12 1 1 10 7 12 1 1 1 10 12 1 1 9 12 1 1 9 100 12 1 1 1 100 1 10 8 1 10 12 1 1 10 12 1 8 1 10 12 1 1 10 100 12 1 1 1 100 1 8 1 10 12 1 8 1 10 12 10 7 12 1 1 9 12 1 1 8 1 5 0 8 1 8 1 9 12 1 1 10 12 1 1 18 12 1 1 10 100 12 1 1 1 10 12 1 1 10 12 1 10 12 1 9 7 12 1 1 1 10 12 1 1 9 12 1 10 12 1 10 12 1 10 12 1 10 12 1 10 12 1 10 12 1 1 8 1 10 12 1 10 12 1 10 12 1 10 12 1 1 8 1 10 12 1 1 10 12 1 1 10 12 1 1 10 12 1 10 12 1 10 12 1 9 12 1 8 1 10 12 1 8 1 10 12 1 10 12 1 1 10 12 1 10 12 1 10 12 1 1 10 12 1 10 12 1 10 12 1 10 12 1 10 12 1 10 12 1 1 10 12 1 10 12 1 10 12 1 10 12 1 8 1 1 1 1 1 1 1 1 1 1 1 1 1 100 1 1 1 1 1 1 100 1 1 1 1 100 1 1 1 1 1 1 1 1 1 1 1 1 1 1 1 1 1 1 16 15 15 10 100 12 1 1 1 1 1 1 1 1 100 1 100 1 1
ciInstanceKlass jdk/internal/module/Modules 1 1 498 10 100 12 1 1 1 9 7 12 1 1 1 11 7 12 1 1 1 11 12 1 1 11 12 1 1 11 12 1 1 11 12 1 11 12 1 11 12 1 11 12 1 11 12 1 11 12 1 11 12 1 1 11 12 1 11 12 1 1 11 12 1 11 12 1 1 10 7 12 1 1 1 10 12 1 1 10 7 12 1 1 10 7 12 1 1 1 10 100 12 1 1 10 12 1 1 11 12 1 9 12 1 1 11 7 12 1 1 1 10 12 1 1 10 10 12 1 10 7 1 9 12 1 1 10 7 12 1 1 10 12 1 1 10 7 12 1 1 1 100 1 11 100 12 1 1 1 10 100 12 1 1 1 11 100 12 1 1 10 12 1 1 10 100 12 1 1 10 100 12 1 1 1 10 12 1 1 10 12 1 1 11 12 1 1 18 12 1 1 11 100 12 1 1 10 100 12 1 1 1 11 100 12 1 1 1 100 1 11 12 1 1 11 100 12 1 1 1 11 12 1 1 10 12 1 1 10 100 12 1 1 18 12 1 1 11 12 1 1 18 12 1 1 11 12 1 1 10 12 1 18 18 10 12 1 1 9 12 1 1 11 100 12 1 1 1 100 1 10 11 12 1 11 12 1 1 10 100 1 10 12 1 1 10 100 12 1 1 10 12 1 1 11 12 10 12 1 1 100 1 10 18 12 1 10 12 1 1 100 1 8 1 10 12 1 10 100 12 1 1 18 12 1 11 11 12 10 12 1 10 10 100 1 18 12 1 10 10 10 7 12 1 1 10 7 12 1 1 1 10 12 1 1 1 1 1 1 1 1 1 1 1 1 1 1 1 1 1 1 1 1 1 1 1 1 1 1 1 1 1 1 1 1 1 1 1 1 1 1 1 1 1 1 1 1 1 1 1 1 1 1 1 1 1 1 1 1 1 1 1 1 1 1 1 1 1 100 1 1 1 1 1 1 1 1 1 1 1 1 1 1 1 1 1 1 1 1 1 1 16 15 10 12 1 16 1 16 1 15 10 12 1 16 1 16 1 15 10 12 16 1 15 10 16 1 15 10 12 16 1 16 15 10 12 16 15 10 12 16 15 10 12 15 10 100 12 1 1 1 1 1 1 100 1 100 1 1
staticfield jdk/internal/module/Modules JLA Ljdk/internal/access/JavaLangAccess; java/lang/System$1
staticfield jdk/internal/module/Modules JLMA Ljdk/internal/access/JavaLangModuleAccess; java/lang/module/ModuleDescriptor$1
staticfield jdk/internal/module/Modules $assertionsDisabled Z 1
ciInstanceKlass jdk/internal/loader/ClassLoaders 1 1 185 10 100 12 1 1 1 10 7 12 1 1 1 10 12 1 1 10 100 12 1 1 1 9 7 12 1 1 1 9 12 1 1 9 12 1 1 7 1 11 100 12 1 1 1 100 1 11 12 1 1 11 12 1 1 10 100 12 1 1 1 10 100 12 1 1 1 100 1 100 1 10 7 12 1 1 1 9 12 1 1 8 1 10 7 12 1 1 1 10 12 1 1 7 1 10 12 1 10 12 1 1 7 1 10 12 1 1 10 12 1 1 10 12 1 7 1 10 12 10 12 1 8 1 10 7 12 1 1 8 1 8 1 10 12 1 7 1 10 10 12 1 10 12 1 1 1 1 1 1 1 1 1 1 1 1 1 1 1 1 1 1 1 1 100 1 1 1 1 1 1 1 1 1 1 1 1 1 1 1 1 1 1 1 1
staticfield jdk/internal/loader/ClassLoaders JLA Ljdk/internal/access/JavaLangAccess; java/lang/System$1
staticfield jdk/internal/loader/ClassLoaders BOOT_LOADER Ljdk/internal/loader/ClassLoaders$BootClassLoader; jdk/internal/loader/ClassLoaders$BootClassLoader
staticfield jdk/internal/loader/ClassLoaders PLATFORM_LOADER Ljdk/internal/loader/ClassLoaders$PlatformClassLoader; jdk/internal/loader/ClassLoaders$PlatformClassLoader
staticfield jdk/internal/loader/ClassLoaders APP_LOADER Ljdk/internal/loader/ClassLoaders$AppClassLoader; jdk/internal/loader/ClassLoaders$AppClassLoader
instanceKlass net/minidev/json/JSONArray
ciInstanceKlass java/util/ArrayList 1 1 516 10 7 12 1 1 1 7 1 9 7 12 1 1 1 9 12 1 100 1 100 1 10 8 1 10 12 1 1 10 12 1 10 12 1 1 10 12 1 9 12 1 11 7 12 1 1 1 9 12 1 1 11 12 1 1 7 10 7 12 1 1 1 9 12 1 10 12 1 10 12 1 1 10 7 12 1 1 1 10 7 12 1 1 1 10 12 1 1 10 12 1 1 10 12 1 1 10 12 1 10 12 1 1 100 1 100 1 10 12 1 10 10 7 12 1 1 1 10 7 12 1 1 10 12 1 100 1 10 10 12 10 12 1 1 10 12 1 1 10 12 1 10 12 10 12 1 1 7 1 10 12 1 1 10 12 1 1 10 12 1 100 1 10 11 12 1 1 11 7 12 1 1 1 11 12 1 10 12 1 10 12 1 10 12 1 1 11 100 1 10 12 1 1 10 10 12 1 1 10 12 1 8 1 8 1 8 1 8 1 10 12 1 1 10 12 1 1 11 12 1 100 1 10 100 12 1 1 10 12 1 10 12 1 1 10 100 12 1 1 10 12 1 10 100 12 1 1 1 11 100 12 1 1 1 10 12 1 100 1 8 1 10 7 1 10 12 1 7 1 10 12 1 10 12 1 1 7 1 10 12 1 10 12 1 1 11 7 12 1 1 7 1 10 12 1 10 12 1 1 11 7 12 1 1 10 12 1 1 10 12 1 1 10 12 1 1 10 12 1 1 11 100 12 1 1 10 12 1 1 10 12 1 1 100 1 100 1 100 1 1 1 1 5 0 1 3 1 1 1 1 1 1 1 1 1 1 1 1 1 1 1 1 1 1 1 1 1 1 1 1 1 1 1 1 1 1 1 1 1 1 1 1 1 1 1 1 1 1 1 1 1 1 1 1 1 1 1 1 1 1 1 1 1 1 1 1 1 1 1 1 1 1 1 1 1 1 1 1 1 1 1 1 1 1 1 1 1 1 1 1 1 1 1 1 1 1 1 1 1 1 1 1 1 1 1 1 1 1 1 1 1 100 1 1 1 1 100 1 1 1 1 1 1 1 1 1 1 1 1 1 1 1 1 1 1 1 1 1 1 1 1 1 1 1 1 1 100 1 1 1 1 1 1 1 1 1 1 1 1 1 1 1 1 1 1 1 100 1 100 1 1 1 1 1 1
staticfield java/util/ArrayList EMPTY_ELEMENTDATA [Ljava/lang/Object; 0 [Ljava/lang/Object;
staticfield java/util/ArrayList DEFAULTCAPACITY_EMPTY_ELEMENTDATA [Ljava/lang/Object; 0 [Ljava/lang/Object;
ciInstanceKlass java/util/List 1 1 280 10 100 12 1 1 1 11 100 12 1 1 1 11 100 12 1 1 1 11 12 1 1 11 100 12 1 1 11 12 1 1 11 12 1 1 10 100 12 1 1 1 7 1 7 1 10 12 1 1 100 1 10 100 12 1 1 1 11 12 1 1 11 12 1 11 12 1 100 1 10 12 1 11 12 1 1 11 12 1 1 11 12 1 10 100 12 1 1 1 9 7 12 1 1 1 7 1 10 12 10 12 1 7 1 10 12 1 1 10 12 1 10 12 1 1 8 10 100 12 1 1 1 10 100 12 1 1 1 11 12 1 1 100 1 1 1 1 1 1 1 1 1 1 1 1 1 1 1 1 1 1 1 1 1 1 1 1 1 1 1 1 1 1 1 1 1 1 1 1 1 1 1 1 1 1 1 1 100 1 100 1 1 1 1 1 1 1 1 1 1 1 1 1 1 1 1 1 1 1 1 1 1 1 1 1 1 1 1 1 1 1 1 1 1 1 1 1 1 1 1 1 1 1 1 1 1 1 1 1 1 1 1 1 1 1 1 1 1 1 1 1 1 1 1 1 1 1 1 1 1 1 1 1 1 1 1 1 1 1 1 1 1 1 1 1 1 1 100 1 1 100 1 1 1 100 1 100 1 1
ciInstanceKlass java/util/SequencedCollection 1 1 104 100 1 10 12 1 1 11 100 12 1 1 1 11 100 12 1 1 1 11 12 1 1 11 12 1 100 1 100 1 1 1 1 1 1 1 1 1 1 1 1 1 1 1 1 1 1 1 1 1 1 1 1 1 1 1 1 1 100 1 8 1 12 10 1 1 8 1 1 1 8 1 1 8 1 1 1 8 1 1 8 1 1 1 8 1 1 8 1 8 1 1 8 1 1 1 8 1 1 8 1 1 8 1
ciInstanceKlass java/lang/Iterable 1 1 97 10 7 12 1 1 1 11 7 12 1 1 1 11 7 12 1 1 1 11 12 1 1 11 7 12 1 1 1 10 100 12 1 1 1 100 1 1 1 1 1 1 1 1 1 1 1 1 1 1 1 1 1 1 1 1 1 1 1 1 1 1 1 8 1 7 1 1 12 10 1 1 12 10 8 1 100 1 1 12 10 1 1 12 10 1 1 12 10 1 100 1 100 1 12 11 8
ciInstanceKlass java/util/RandomAccess 1 0 7 100 1 100 1 1 1
instanceKlass com/fasterxml/jackson/databind/util/internal/LinkedDeque
instanceKlass tools/jackson/databind/util/internal/LinkedDeque
instanceKlass java/util/concurrent/ConcurrentLinkedDeque
instanceKlass java/util/AbstractMap$2
instanceKlass java/util/TreeMap$Values
instanceKlass java/util/AbstractQueue
instanceKlass java/util/IdentityHashMap$Values
instanceKlass java/util/LinkedHashMap$LinkedValues
instanceKlass java/util/HashMap$Values
instanceKlass java/util/ArrayDeque
instanceKlass java/util/AbstractSet
instanceKlass java/util/ImmutableCollections$AbstractImmutableCollection
instanceKlass java/util/AbstractList
ciInstanceKlass java/util/AbstractCollection 1 1 160 10 7 12 1 1 1 10 7 12 1 1 1 10 12 1 1 11 7 12 1 1 1 11 12 1 1 10 12 1 1 10 100 12 1 1 1 10 12 1 1 10 12 1 1 10 7 12 1 1 10 7 12 1 1 1 7 1 10 100 12 1 1 1 10 100 12 1 1 1 100 1 10 11 12 1 11 7 1 10 12 1 10 12 1 10 100 12 1 1 1 11 8 1 7 1 10 10 12 1 1 8 1 10 12 1 10 12 1 1 1 1 1 1 1 1 1 1 1 1 1 1 1 1 1 1 1 1 1 1 1 1 1 1 1 1 1 1 1 1 1 1 1 1 1 1 1 1 1 1 1 1 1 1 1 1 1 1 1 1
instanceKlass net/bytebuddy/description/method/ParameterDescription$Token$TypeList
instanceKlass java/util/AbstractList$SubList
instanceKlass net/bytebuddy/matcher/FilterableList$Empty
instanceKlass net/bytebuddy/matcher/FilterableList$AbstractBase
instanceKlass java/util/Vector
instanceKlass sun/security/jca/ProviderList$2
instanceKlass java/util/Collections$SingletonList
instanceKlass java/util/ArrayList$SubList
instanceKlass java/util/Arrays$ArrayList
instanceKlass java/util/AbstractSequentialList
instanceKlass java/util/Collections$EmptyList
instanceKlass java/util/ArrayList
ciInstanceKlass java/util/AbstractList 1 1 218 10 7 12 1 1 1 9 7 12 1 1 1 10 12 1 1 10 12 1 1 100 1 10 10 12 1 1 11 7 12 1 1 1 11 12 1 1 11 12 1 10 7 12 1 1 1 10 12 1 11 12 1 11 12 1 11 12 1 10 12 1 1 10 12 1 1 11 100 12 1 1 1 11 7 1 11 7 1 10 12 1 7 1 10 12 1 10 12 1 1 7 1 7 1 10 12 1 7 1 10 100 1 100 1 10 8 1 10 12 1 1 10 12 1 10 12 1 1 10 12 1 8 1 100 1 8 1 8 1 8 1 10 7 1 11 10 10 12 1 11 12 1 10 12 1 1 8 1 8 1 1 1 1 1 1 1 1 1 1 1 1 1 1 1 1 1 1 1 1 1 1 1 1 1 1 1 1 1 1 1 1 1 1 1 1 1 1 1 1 1 1 1 1 1 1 1 1 1 1 1 1 1 1 1 1 1 1 100 1 100 1 1 1 1 1 1 1
ciInstanceKlass java/lang/annotation/Annotation 1 0 17 100 1 100 1 1 1 1 1 1 1 1 1 1 1 1 1
ciMethod java/lang/String valueOf (Ljava/lang/Object;)Ljava/lang/String; 0 0 5350 0 -1
ciInstanceKlass org/springframework/util/ObjectUtils 1 1 541 1 7 1 7 1 1 100 1 100 1 1 1 1 8 1 1 8 1 1 8 1 1 8 1 1 8 1 1 8 1 1 1 1 8 1 1 8 1 1 1 1 8 1 7 1 1 12 10 15 1 1 12 17 1 7 12 10 1 1 1 1 1 1 1 100 1 100 1 1 1 1 1 1 12 10 1 7 1 1 12 10 1 1 1 1 1 100 1 100 1 1 1 1 1 1 1 12 10 1 12 10 1 1 1 1 1 7 12 10 1 7 11 1 7 1 1 12 10 1 7 11 1 7 11 1 1 1 1 1 1 1 1 1 1 1 1 1 1 1 12 10 1 8 1 100 1 1 12 10 1 1 1 1 1 1 1 12 10 1 7 1 1 1 1 1 1 12 10 1 1 1 1 1 100 1 1 12 10 1 7 1 12 10 1 1 12 10 1 1 1 1 100 1 1 1 1 100 1 12 10 1 12 10 1 8 1 7 1 1 12 10 15 1 12 18 1 12 10 1 1 1 1 1 1 12 10 1 1 1 1 1 1 12 10 1 7 1 1 12 10 1 1 1 1 1 1 12 9 1 1 12 10 1 8 1 12 18 1 1 12 10 1 1 1 1 1 1 1 10 1 12 10 1 7 1 12 10 1 7 1 12 10 1 7 1 12 10 1 7 1 12 10 1 7 1 12 10 1 7 1 12 10 1 12 10 1 7 1 12 10 1 7 1 12 10 1 1 1 1 1 1 1 1 12 10 1 12 10 1 12 10 1 12 10 1 12 10 1 12 10 1 12 10 1 12 10 1 12 10 1 12 10 1 12 10 1 1 1 1 1 1 1 1 1 1 1 1 1 12 10 1 8 18 1 12 10 1 7 1 1 12 10 1 1 12 10 1 1 12 10 1 12 10 1 12 10 1 12 10 1 12 10 1 12 10 1 12 10 1 12 10 1 12 10 10 1 1 1 100 1 12 10 1 1 12 10 10 1 1 1 1 12 10 1 1 100 1 1 12 10 1 12 10 1 8 18 1 12 10 1 8 18 1 1 1 12 10 1 1 1 12 10 1 1 12 10 1 12 10 1 1 1 1 1 1 8 1 8 1 12 10 12 10 1 12 10 1 7 1 12 10 1 7 1 12 10 1 7 1 12 10 1 7 1 1 12 10 1 100 1 1 12 10 1 12 10 1 1 1 1 1 1 1 1 1 1 1 1 1 1 1 1 1 1 1 1 1 1 1 1
staticfield org/springframework/util/ObjectUtils EMPTY_OBJECT_ARRAY [Ljava/lang/Object; 0 [Ljava/lang/Object;
ciInstanceKlass org/springframework/core/annotation/AttributeMethods 1 1 342 1 7 1 7 1 1 100 1 100 1 1 1 1 1 1 1 1 1 1 1 1 1 1 1 1 1 1 1 1 1 1 1 1 1 1 8 1 7 1 1 12 10 15 1 1 12 17 1 7 1 12 10 12 9 12 9 12 9 1 7 1 1 12 10 1 1 12 10 1 7 1 1 12 10 1 12 10 1 12 10 1 7 1 1 12 10 1 7 1 12 10 12 9 12 9 1 1 1 1 1 1 1 1 1 1 7 100 1 1 1 1 1 100 1 7 1 1 12 10 1 1 12 10 1 12 10 1 1 12 10 1 7 1 1 12 10 12 9 1 7 1 12 10 1 100 12 11 1 1 12 10 1 8 1 100 1 1 12 10 15 1 12 18 1 1 12 10 1 1 1 1 1 1 12 10 1 12 10 1 8 1 12 18 1 12 10 1 1 8 1 7 1 1 12 10 1 1 12 10 1 1 1 1 12 10 1 1 1 7 1 1 12 10 1 1 10 1 1 1 12 9 12 9 1 16 1 12 10 15 16 1 7 1 1 12 10 15 1 1 12 18 1 7 1 1 12 11 1 1 12 10 1 1 12 10 12 9 1 7 1 1 12 10 1 1 12 10 12 10 1 1 12 10 1 7 1 12 9 1 1 1 8 1 12 10 1 12 10 1 1 10 1 8 18 1 8 1 8 18 1 1 1 1 12 10 1 1 1 1 12 10 1 1 1 1 12 9 1 7 10 1 16 12 10 15 16 1 1 12 18 1 1 1 1 1 1 1 1 1 1 1
staticfield org/springframework/core/annotation/AttributeMethods failureLogger Lorg/springframework/core/annotation/IntrospectionFailureLogger; org/springframework/core/annotation/IntrospectionFailureLogger$3
staticfield org/springframework/core/annotation/AttributeMethods NONE Lorg/springframework/core/annotation/AttributeMethods; org/springframework/core/annotation/AttributeMethods
staticfield org/springframework/core/annotation/AttributeMethods cache Ljava/util/Map; org/springframework/util/ConcurrentReferenceHashMap
staticfield org/springframework/core/annotation/AttributeMethods methodComparator Ljava/util/Comparator; org/springframework/core/annotation/AttributeMethods$$Lambda+0x0000000082686990
ciInstanceKlass org/springframework/core/annotation/AnnotationTypeMapping 1 1 566 1 7 1 7 1 1 7 1 7 1 1 1 100 1 100 1 1 1 1 1 1 1 1 1 1 1 1 1 1 1 1 1 1 1 1 1 1 1 1 1 1 1 1 1 1 1 1 1 1 1 1 1 1 1 1 8 1 7 1 1 12 10 15 1 1 12 17 7 1 12 10 1 7 10 12 9 12 9 1 1 12 10 12 9 1 1 12 10 12 9 12 9 1 1 12 10 1 1 12 10 12 9 12 9 1 7 1 1 12 10 12 9 1 12 10 12 9 1 12 10 1 1 12 10 12 9 12 9 12 9 1 1 12 10 12 9 1 12 10 1 1 12 10 12 9 1 1 1 1 7 1 7 1 7 1 7 1 1 1 1 7 1 1 12 10 1 7 11 1 12 10 1 1 12 11 1 1 12 11 1 1 12 10 1 1 1 1 1 7 10 1 1 12 10 1 7 1 7 1 1 12 10 1 1 12 10 1 16 1 1 12 10 15 16 1 7 1 1 12 10 15 1 1 12 18 1 7 1 1 12 11 1 1 12 10 1 1 1 1 1 1 1 7 1 12 10 1 1 1 12 11 1 7 1 1 12 10 12 11 1 100 1 8 1 1 12 10 1 100 1 1 12 10 1 12 10 1 12 11 1 12 10 1 12 10 1 12 10 1 8 1 8 1 1 12 10 1 12 10 1 12 10 1 8 1 12 10 1 1 12 10 1 8 1 1 12 10 1 1 12 10 1 8 1 1 1 1 1 1 12 10 1 1 1 1 12 10 1 10 1 12 11 1 1 12 10 1 12 10 1 1 1 1 12 11 12 11 1 1 1 1 1 1 1 12 10 1 12 11 1 1 12 10 11 1 16 1 7 1 12 10 15 1 1 12 18 1 1 12 10 1 1 1 1 1 12 10 1 7 11 1 1 1 1 11 1 1 12 11 1 12 10 1 12 10 1 12 10 1 7 1 12 10 1 12 10 1 12 10 1 1 1 1 1 1 12 10 10 1 12 10 1 1 12 10 11 11 1 8 1 10 1 1 12 10 10 1 8 1 7 1 1 12 10 1 8 1 1 1 1 1 1 1 1 1 1 1 1 1 1 1 1 1 1 1 1 12 10 1 1 1 12 9 1 7 1 1 12 10 1 1 1 12 10 1 1 12 10 1 7 1 7 1 12 10 1 12 10 1 1 1 1 1 1 1 10 10 12 11 1 100 1 1 12 10 1 100 1 12 10 1 100 12 11 1 1 1 1 1 1 1 12 9 1 1 1 1 1 1 1 1 1 1 1 1
staticfield org/springframework/core/annotation/AnnotationTypeMapping EMPTY_MIRROR_SETS [Lorg/springframework/core/annotation/AnnotationTypeMapping$MirrorSets$MirrorSet; 0 [Lorg/springframework/core/annotation/AnnotationTypeMapping$MirrorSets$MirrorSet;
staticfield org/springframework/core/annotation/AnnotationTypeMapping EMPTY_INT_ARRAY [I 0
ciInstanceKlass org/springframework/core/annotation/AnnotationConfigurationException 0 0 41 1 100 1 100 1 1 1 1 1 8 1 100 1 1 12 10 15 1 1 12 17 1 100 12 10 1 1 1 1 1 1 12 10 1 1 1 1 1 1 1
ciInstanceKlass org/springframework/core/annotation/AnnotationTypeMapping$MirrorSets$MirrorSet 1 1 177 1 7 1 7 1 1 7 1 7 1 1 1 100 1 100 1 1 1 1 1 1 1 1 1 1 8 1 7 1 1 12 10 15 1 1 12 17 7 12 9 1 12 10 1 1 12 9 1 1 12 9 1 7 1 12 10 12 9 1 1 1 1 12 9 1 7 1 1 12 10 1 1 12 9 1 1 1 1 1 1 1 1 1 1 12 10 1 7 1 1 12 11 1 1 12 10 1 7 1 1 12 10 1 100 1 1 12 10 1 8 1 100 1 1 12 10 15 1 12 18 1 8 1 100 1 8 1 1 12 10 1 100 1 1 12 10 1 100 10 1 12 10 1 1 12 10 1 12 10 1 1 1 1 1 1 1 1 1 1 1 1 1 1 1 1 1 1 1 1 1 1 1 1 1 1 1
ciInstanceKlass org/springframework/core/annotation/AnnotationTypeMapping$MirrorSets 1 1 153 1 7 1 7 1 1 7 1 1 7 1 1 1 1 1 1 1 1 1 8 1 7 1 1 12 10 15 1 1 12 17 1 7 12 9 1 12 10 1 1 12 9 1 7 1 1 12 10 1 12 9 12 9 12 9 1 1 1 7 1 1 1 1 1 1 12 10 1 7 1 1 12 11 1 12 10 1 12 10 1 7 1 7 1 1 12 10 12 10 1 7 1 12 11 1 1 12 11 1 1 1 1 1 1 1 1 1 1 1 1 1 100 1 1 1 1 1 1 1 1 1 1 1 12 9 10 12 10 1 12 10 12 9 1 12 9 1 1 1 1 1 1 1 1 1 1 1 1 1 1 1 1
ciInstanceKlass org/springframework/core/annotation/ValueExtractor 1 0 16 1 100 1 100 1 1 1 1 1 1 1 1 1 1 1
ciInstanceKlass  @bci org/springframework/core/annotation/TypeMappedAnnotation createIfPossible (Lorg/springframework/core/annotation/AnnotationTypeMapping;Ljava/lang/Object;Ljava/lang/annotation/Annotation;ILorg/springframework/core/annotation/IntrospectionFailureLogger;)Lorg/springframework/core/annotation/TypeMappedAnnotation; 20 <appendix> argL0 ; 1 1 20 1 7 1 1 1 7 12 10 1 1 1 7 1 12 10 1 100 1 1
ciInstanceKlass  @bci org/springframework/core/annotation/TypeMappedAnnotation <init> (Lorg/springframework/core/annotation/AnnotationTypeMapping;Ljava/lang/ClassLoader;Ljava/lang/Object;Ljava/lang/Object;Lorg/springframework/core/annotation/ValueExtractor;I[I)V 277 <appendix> member <vmtarget> ; 1 1 25 1 7 1 1 1 1 1 7 1 12 10 12 9 1 1 1 7 1 12 10 1 100 1 1
ciMethod org/springframework/util/ObjectUtils nullSafeEquals (Ljava/lang/Object;Ljava/lang/Object;)Z 290 0 12199 0 -1
ciMethod org/springframework/core/annotation/AttributeMethods get (I)Ljava/lang/reflect/Method; 514 0 10204 0 -1
ciMethod org/springframework/core/annotation/AttributeMethods size ()I 824 0 9696 0 0
ciMethod org/springframework/core/annotation/AnnotationTypeMapping isEquivalentToDefaultValue (Ljava/lang/reflect/Method;Ljava/lang/Object;Lorg/springframework/core/annotation/ValueExtractor;)Z 792 0 3012 0 -1
ciMethod org/springframework/core/annotation/AnnotationTypeMapping$MirrorSets$MirrorSet resolve (Ljava/lang/Object;Ljava/lang/Object;Lorg/springframework/core/annotation/ValueExtractor;)I 334 668 1506 0 -1
ciMethod org/springframework/core/annotation/AnnotationTypeMapping$MirrorSets size ()I 540 0 3880 0 0
ciMethod org/springframework/core/annotation/AnnotationTypeMapping$MirrorSets get (I)Lorg/springframework/core/annotation/AnnotationTypeMapping$MirrorSets$MirrorSet; 364 0 1521 0 0
ciMethod org/springframework/core/annotation/AnnotationTypeMapping$MirrorSets resolve (Ljava/lang/Object;Ljava/lang/Object;Lorg/springframework/core/annotation/ValueExtractor;)[I 612 4298 2625 0 -1
ciMethod org/springframework/core/annotation/ValueExtractor extract (Ljava/lang/reflect/Method;Ljava/lang/Object;)Ljava/lang/Object; 0 0 1 0 -1
ciMethodData org/springframework/core/annotation/AttributeMethods size ()I 2 9284 orig 80 0 0 0 0 0 0 0 0 0 0 0 0 0 0 0 0 0 0 0 0 0 0 0 0 0 0 0 0 0 0 0 0 0 0 0 0 0 0 0 0 0 0 0 0 0 0 0 0 0 0 0 0 0 0 0 0 0 0 0 0 0 0 0 0 0 0 0 0 0 0 0 0 0 0 0 0 0 0 0 0 data 15 0x20004 0x0 0x0 0x0 0x0 0x0 0x0 0x0 0x0 0x0 0x0 0x0 0x9 0x1 0x0 oops 0 methods 0
ciMethodData org/springframework/core/annotation/AnnotationTypeMapping$MirrorSets size ()I 2 3610 orig 80 0 0 0 0 0 0 0 0 0 0 0 0 0 0 0 0 0 0 0 0 0 0 0 0 0 0 0 0 0 0 0 0 0 0 0 0 0 0 0 0 0 0 0 0 0 0 0 0 0 0 0 0 0 0 0 0 0 0 0 0 0 0 0 0 0 0 0 0 0 0 0 0 0 0 0 0 0 0 0 0 data 15 0x20004 0x0 0x18be5cc2478 0x6 0x0 0x0 0x0 0x0 0x0 0x0 0x0 0x0 0x9 0x1 0x0 oops 1 2 [I methods 0
ciMethodData org/springframework/core/annotation/AnnotationTypeMapping$MirrorSets resolve (Ljava/lang/Object;Ljava/lang/Object;Lorg/springframework/core/annotation/ValueExtractor;)[I 2 2319 orig 80 0 0 0 0 0 0 0 0 0 0 0 0 0 0 0 0 0 0 0 0 0 0 0 0 0 0 0 0 0 0 0 0 0 0 0 0 0 0 0 0 0 0 0 0 0 0 0 0 0 0 0 0 0 0 0 0 0 0 0 0 0 0 0 0 0 0 0 0 0 0 0 0 0 0 0 0 0 0 0 0 data 109 0x20004 0x0 0x18be5cc2478 0x7 0x0 0x0 0x170005 0x7 0x18bf31574d8 0x908 0x0 0x0 0x1a0007 0x7ef 0x38 0x120 0x1d0003 0x120 0x30 0x290003 0x7ef 0x18 0x520005 0x6 0x18bf31574d8 0x7e9 0x0 0x0 0x6a0007 0x7ef 0x38 0x3382 0x6d0003 0x3382 0x30 0x790003 0x7ef 0x30 0xa10003 0x3382 0xffffffffffffffb0 0xb30005 0x0 0x18bf3156df8 0xd2a 0x0 0x0 0xb60007 0x7ef 0x38 0x53b 0xb90003 0x53b 0x30 0xc50003 0x7ef 0xf8 0xdd0005 0x0 0x18bf3156df8 0x53b 0x0 0x0 0xf00005 0x0 0x18bf3157580 0x53b 0x0 0x0 0x1080007 0x53b 0x38 0xa76 0x10b0003 0xa76 0x30 0x1170003 0x53b 0x30 0x1450003 0xa76 0xffffffffffffffb0 0x1540003 0x53b 0xfffffffffffffeb8 0x0 0x0 0x0 0x0 0x0 0x0 0x0 0x0 0x0 0x0 0x0 0x0 0x0 0x0 0x0 0x0 0x0 0x0 0x9 0x4 0x0 0x0 0x0 0x0 oops 6 2 [I 8 org/springframework/core/annotation/AttributeMethods 24 org/springframework/core/annotation/AttributeMethods 43 org/springframework/core/annotation/AnnotationTypeMapping$MirrorSets 59 org/springframework/core/annotation/AnnotationTypeMapping$MirrorSets 65 org/springframework/core/annotation/AnnotationTypeMapping$MirrorSets$MirrorSet methods 0
ciMethodData org/springframework/core/annotation/AnnotationTypeMapping$MirrorSets get (I)Lorg/springframework/core/annotation/AnnotationTypeMapping$MirrorSets$MirrorSet; 2 1339 orig 80 0 0 0 0 0 0 0 0 0 0 0 0 0 0 0 0 0 0 0 0 0 0 0 0 0 0 0 0 0 0 0 0 0 0 0 0 0 0 0 0 0 0 0 0 0 0 0 0 0 0 0 0 0 0 0 0 0 0 0 0 0 0 0 0 0 0 0 0 0 0 0 0 0 0 0 0 0 0 0 0 data 16 0x20004 0x0 0x18be5cc2478 0xa0 0x0 0x0 0x0 0x0 0x0 0x0 0x0 0x0 0x9 0x2 0x0 0x0 oops 1 2 [I methods 0
ciMethodData org/springframework/core/annotation/AnnotationTypeMapping$MirrorSets$MirrorSet resolve (Ljava/lang/Object;Ljava/lang/Object;Lorg/springframework/core/annotation/ValueExtractor;)I 2 1339 orig 80 0 0 0 0 0 0 0 0 0 0 0 0 0 0 0 0 0 0 0 0 0 0 0 0 0 0 0 0 0 0 0 0 0 0 0 0 0 0 0 0 0 0 0 0 0 0 0 0 0 0 0 0 0 0 0 0 0 0 0 0 0 0 0 0 0 0 0 0 0 0 0 0 0 0 0 0 0 0 0 0 data 246 0x20004 0x0 0x18be5cc2478 0x97 0x0 0x0 0x310007 0x53b 0x38 0xa76 0x340003 0xa76 0x30 0x400003 0x53b 0x618 0x660005 0x12e 0x18bf31574d8 0x948 0x0 0x0 0x780005 0xc0 0x18bf2648978 0x770 0x18bf2648a20 0x246 0x8a0007 0x0 0x38 0xa76 0x8d0003 0xa76 0x30 0x990003 0x0 0x78 0xb30002 0xa76 0xb60007 0x3c6 0x38 0x6b0 0xb90003 0x6b0 0x30 0xbc0003 0x3c6 0x30 0xc90003 0x6b0 0x18 0xda0007 0x6b0 0x38 0x3c6 0xdd0003 0x3c6 0x30 0xe90003 0x6b0 0x78 0xf90002 0x3c6 0xfc0007 0x392 0x38 0x34 0xff0003 0x34 0x30 0x10b0003 0x392 0x80 0x1230007 0x25e 0x38 0x486 0x1260003 0x486 0x30 0x1320003 0x25e 0x3d8 0x1500003 0x486 0x3c0 0x15e0007 0x392 0x38 0x0 0x1610003 0x0 0x30 0x16d0003 0x392 0x370 0x17d0002 0x0 0x1800007 0x0 0x38 0x0 0x1830003 0x0 0x30 0x18f0003 0x0 0x310 0x1a50007 0x0 0x38 0x0 0x1a80003 0x0 0x30 0x1b40003 0x0 0x70 0x1c10002 0x0 0x1c4000a 0x0 0x3 0x0 0x0 0x18be5cad828 0x1c90003 0x0 0x18 0x1f60005 0x0 0x0 0x0 0x0 0x0 0x1f90005 0x0 0x0 0x0 0x0 0x0 0x1fc0004 0x0 0x0 0x0 0x0 0x0 0x2010004 0x0 0x0 0x0 0x0 0x0 0x2190005 0x0 0x0 0x0 0x0 0x0 0x21c0005 0x0 0x0 0x0 0x0 0x0 0x21f0004 0x0 0x0 0x0 0x0 0x0 0x22d0005 0x0 0x0 0x0 0x0 0x0 0x2300004 0x0 0x0 0x0 0x0 0x0 0x23e0002 0x0 0x2410004 0x0 0x0 0x0 0x0 0x0 0x24f0002 0x0 0x2520004 0x0 0x0 0x0 0x0 0x0 0x25c0002 0x0 0x25f0002 0x0 0x28e0003 0xa76 0xfffffffffffff9c8 0x0 0x0 0x0 0x0 0x0 0x0 0x0 0x0 0x0 0x0 0x0 0x0 0x0 0x0 0x0 0x0 0x0 0x0 0x0 0x0 0x0 0x0 0x0 0x0 0x0 0x0 0x0 0x0 0x0 0x0 0x0 0x0 0x9 0x4 0x0 0x0 0x0 0x0 oops 5 2 [I 18 org/springframework/core/annotation/AttributeMethods 24  @bci org/springframework/core/annotation/TypeMappedAnnotation createIfPossible (Lorg/springframework/core/annotation/AnnotationTypeMapping;Ljava/lang/Object;Ljava/lang/annotation/Annotation;ILorg/springframework/core/annotation/IntrospectionFailureLogger;)Lorg/springframework/core/annotation/TypeMappedAnnotation; 20 <appendix> argL0 ; 26  @bci org/springframework/core/annotation/TypeMappedAnnotation <init> (Lorg/springframework/core/annotation/AnnotationTypeMapping;Ljava/lang/ClassLoader;Ljava/lang/Object;Ljava/lang/Object;Lorg/springframework/core/annotation/ValueExtractor;I[I)V 277 <appendix> member <vmtarget> ; 127 java/lang/String methods 0
compile org/springframework/core/annotation/AnnotationTypeMapping$MirrorSets resolve (Ljava/lang/Object;Ljava/lang/Object;Lorg/springframework/core/annotation/ValueExtractor;)[I -1 4 inline 5 0 -1 0 org/springframework/core/annotation/AnnotationTypeMapping$MirrorSets resolve (Ljava/lang/Object;Ljava/lang/Object;Lorg/springframework/core/annotation/ValueExtractor;)[I 1 23 0 org/springframework/core/annotation/AttributeMethods size ()I 1 82 0 org/springframework/core/annotation/AttributeMethods size ()I 1 179 0 org/springframework/core/annotation/AnnotationTypeMapping$MirrorSets size ()I 1 221 0 org/springframework/core/annotation/AnnotationTypeMapping$MirrorSets get (I)Lorg/springframework/core/annotation/AnnotationTypeMapping$MirrorSets$MirrorSet;
